<?xml version='1.0' encoding='UTF-8'?>
<osm version='0.6' generator='JOSM'>
  <bounds minlat='47.5796719' minlon='37.7151734' maxlat='47.6533443' maxlon='37.8244651' origin='osm_generator_py' />
  <node id='-25496' action='modify' visible='true' lat='47.65239755664' lon='37.74282100478' />
  <node id='-25497' action='modify' visible='true' lat='47.65239755664' lon='37.75100809478' />
  <node id='-25498' action='modify' visible='true' lat='47.65239755664' lon='37.75357703478' />
  <node id='-25499' action='modify' visible='true' lat='47.65239755664' lon='37.74827906478' />
  <node id='-25500' action='modify' visible='true' lat='47.65239755664' lon='37.75084800478' />
  <node id='-25501' action='modify' visible='true' lat='47.65239755664' lon='37.74811897478' />
  <node id='-25502' action='modify' visible='true' lat='47.65060111469' lon='37.75100809478' />
  <node id='-25503' action='modify' visible='true' lat='47.65060111469' lon='37.75357703478' />
  <node id='-25504' action='modify' visible='true' lat='47.64891245081' lon='37.75357703478' />
  <node id='-25505' action='modify' visible='true' lat='47.64891245081' lon='37.75100809478' />
  <node id='-25506' action='modify' visible='true' lat='47.64880467268' lon='37.74827906478' />
  <node id='-25507' action='modify' visible='true' lat='47.64880467268' lon='37.75084800478' />
  <node id='-25508' action='modify' visible='true' lat='47.64711600874' lon='37.75084800478' />
  <node id='-25509' action='modify' visible='true' lat='47.64711600874' lon='37.74827906478' />
  <node id='-25510' action='modify' visible='true' lat='47.65070890281' lon='37.75357703478' />
  <node id='-25511' action='modify' visible='true' lat='47.65070890281' lon='37.75100809478' />
  <node id='-25512' action='modify' visible='true' lat='47.64880467268' lon='37.74811897478' />
  <node id='-25513' action='modify' visible='true' lat='47.64711600874' lon='37.74811897478' />
  <node id='-25514' action='modify' visible='true' lat='47.65070890281' lon='37.75084800478' />
  <node id='-25515' action='modify' visible='true' lat='47.65070890281' lon='37.74827906478' />
  <node id='-25516' action='modify' visible='true' lat='47.64880467268' lon='37.75100809478' />
  <node id='-25517' action='modify' visible='true' lat='47.64880467268' lon='37.75357703478' />
  <node id='-25518' action='modify' visible='true' lat='47.64700822061' lon='37.75084800478' />
  <node id='-25519' action='modify' visible='true' lat='47.65070890281' lon='37.74811897478' />
  <node id='-25520' action='modify' visible='true' lat='47.65060111469' lon='37.75084800478' />
  <node id='-25521' action='modify' visible='true' lat='47.64891245081' lon='37.75084800478' />
  <node id='-25522' action='modify' visible='true' lat='47.64880467268' lon='37.74555003478' />
  <node id='-25523' action='modify' visible='true' lat='47.64711600874' lon='37.74555003478' />
  <node id='-25524' action='modify' visible='true' lat='47.64700822061' lon='37.74282100478' />
  <node id='-25525' action='modify' visible='true' lat='47.64700822061' lon='37.74538993478' />
  <node id='-25526' action='modify' visible='true' lat='47.64700822061' lon='37.74555003478' />
  <node id='-25527' action='modify' visible='true' lat='47.65060111469' lon='37.74282100478' />
  <node id='-25528' action='modify' visible='true' lat='47.65060111469' lon='37.74538993478' />
  <node id='-25529' action='modify' visible='true' lat='47.64711600874' lon='37.74538993478' />
  <node id='-25530' action='modify' visible='true' lat='47.64711600874' lon='37.74282100478' />
  <node id='-25531' action='modify' visible='true' lat='47.65070890281' lon='37.74282100478' />
  <node id='-25532' action='modify' visible='true' lat='47.65060111469' lon='37.74555003478' />
  <node id='-25533' action='modify' visible='true' lat='47.64891245081' lon='37.74555003478' />
  <node id='-25534' action='modify' visible='true' lat='47.6453195666' lon='37.75357703478' />
  <node id='-25535' action='modify' visible='true' lat='47.6453195666' lon='37.75100809478' />
  <node id='-25536' action='modify' visible='true' lat='47.6453195666' lon='37.74538993478' />
  <node id='-25537' action='modify' visible='true' lat='47.6453195666' lon='37.74282100478' />
  <node id='-25538' action='modify' visible='true' lat='47.6453195666' lon='37.75084800478' />
  <node id='-25539' action='modify' visible='true' lat='47.6453195666' lon='37.74555003478' />
  <node id='-25621' action='modify' visible='true' lat='47.65239755664' lon='37.76243788651' />
  <node id='-25622' action='modify' visible='true' lat='47.65239755664' lon='37.76500682651' />
  <node id='-25623' action='modify' visible='true' lat='47.65239755664' lon='37.75970885651' />
  <node id='-25624' action='modify' visible='true' lat='47.65239755664' lon='37.76227779651' />
  <node id='-25625' action='modify' visible='true' lat='47.65239755664' lon='37.75954876651' />
  <node id='-25626' action='modify' visible='true' lat='47.65060111469' lon='37.76243788651' />
  <node id='-25627' action='modify' visible='true' lat='47.65060111469' lon='37.76500682651' />
  <node id='-25628' action='modify' visible='true' lat='47.64891245081' lon='37.76500682651' />
  <node id='-25629' action='modify' visible='true' lat='47.64891245081' lon='37.76243788651' />
  <node id='-25630' action='modify' visible='true' lat='47.64880467268' lon='37.75970885651' />
  <node id='-25631' action='modify' visible='true' lat='47.64880467268' lon='37.76227779651' />
  <node id='-25632' action='modify' visible='true' lat='47.65070890281' lon='37.76500682651' />
  <node id='-25633' action='modify' visible='true' lat='47.65070890281' lon='37.76243788651' />
  <node id='-25634' action='modify' visible='true' lat='47.64880467268' lon='37.75954876651' />
  <node id='-25635' action='modify' visible='true' lat='47.65070890281' lon='37.76227779651' />
  <node id='-25636' action='modify' visible='true' lat='47.65070890281' lon='37.75970885651' />
  <node id='-25637' action='modify' visible='true' lat='47.64880467268' lon='37.76243788651' />
  <node id='-25638' action='modify' visible='true' lat='47.64880467268' lon='37.76500682651' />
  <node id='-25639' action='modify' visible='true' lat='47.65070890281' lon='37.75954876651' />
  <node id='-25640' action='modify' visible='true' lat='47.65060111469' lon='37.76227779651' />
  <node id='-25641' action='modify' visible='true' lat='47.64891245081' lon='37.76227779651' />
  <node id='-25642' action='modify' visible='true' lat='47.6453195666' lon='37.76227779651' />
  <node id='-25643' action='modify' visible='true' lat='47.64711600874' lon='37.76227779651' />
  <node id='-25644' action='modify' visible='true' lat='47.64711600874' lon='37.75970885651' />
  <node id='-25645' action='modify' visible='true' lat='47.64711600874' lon='37.75954876651' />
  <node id='-25646' action='modify' visible='true' lat='47.64700822061' lon='37.76227779651' />
  <node id='-25647' action='modify' visible='true' lat='47.6453195666' lon='37.76500682651' />
  <node id='-25648' action='modify' visible='true' lat='47.6453195666' lon='37.76243788651' />
  <node id='-25649' action='modify' visible='true' lat='47.65239755664' lon='37.75425079651' />
  <node id='-25650' action='modify' visible='true' lat='47.64880467268' lon='37.75697982651' />
  <node id='-25651' action='modify' visible='true' lat='47.65060111469' lon='37.75425079651' />
  <node id='-25652' action='modify' visible='true' lat='47.65060111469' lon='37.75681972651' />
  <node id='-25653' action='modify' visible='true' lat='47.65070890281' lon='37.75425079651' />
  <node id='-25654' action='modify' visible='true' lat='47.65060111469' lon='37.75697982651' />
  <node id='-25655' action='modify' visible='true' lat='47.64891245081' lon='37.75697982651' />
  <node id='-25656' action='modify' visible='true' lat='47.6453195666' lon='37.75425079651' />
  <node id='-25657' action='modify' visible='true' lat='47.6453195666' lon='37.75697982651' />
  <node id='-25658' action='modify' visible='true' lat='47.64711600874' lon='37.75697982651' />
  <node id='-25659' action='modify' visible='true' lat='47.64700822061' lon='37.75425079651' />
  <node id='-25660' action='modify' visible='true' lat='47.64700822061' lon='37.75681972651' />
  <node id='-25661' action='modify' visible='true' lat='47.64700822061' lon='37.75697982651' />
  <node id='-25662' action='modify' visible='true' lat='47.64711600874' lon='37.75681972651' />
  <node id='-25663' action='modify' visible='true' lat='47.64711600874' lon='37.75425079651' />
  <node id='-25664' action='modify' visible='true' lat='47.6453195666' lon='37.75681972651' />
  <node id='-25683' action='modify' visible='true' lat='47.65240377203' lon='37.76531356469' />
  <node id='-25684' action='modify' visible='true' lat='47.65239361449' lon='37.76959596687' />
  <node id='-25685' action='modify' visible='true' lat='47.64496816093' lon='37.76955715591' />
  <node id='-25686' action='modify' visible='true' lat='47.64497831991' lon='37.76527475373' />
  <node id='-25687' action='modify' visible='true' lat='47.65240377203' lon='37.76531356469' />
  <node id='-25725' action='modify' visible='true' lat='47.64067893433' lon='37.72883485729' />
  <node id='-25726' action='modify' visible='true' lat='47.64182901136' lon='37.72883485496' />
  <node id='-25727' action='modify' visible='true' lat='47.64298351042' lon='37.72883485988' />
  <node id='-25728' action='modify' visible='true' lat='47.64413526176' lon='37.7305465468' />
  <node id='-25729' action='modify' visible='true' lat='47.64413526084' lon='37.73224744321' />
  <node id='-25730' action='modify' visible='true' lat='47.64413526003' lon='37.73395739101' />
  <node id='-25731' action='modify' visible='true' lat='47.64413526167' lon='37.73566168019' />
  <node id='1' timestamp='2026-06-02T00:00:00Z' uid='1' user='osm_generator' visible='true' version='1' changeset='1' lat='47.64638356' lon='37.71658756' />
  <node id='2' timestamp='2026-06-02T00:00:00Z' uid='1' user='osm_generator' visible='true' version='1' changeset='1' lat='47.64638356' lon='37.72875481' />
  <node id='3' timestamp='2026-06-02T00:00:00Z' uid='1' user='osm_generator' visible='true' version='1' changeset='1' lat='47.64494465' lon='37.72875481' />
  <node id='4' timestamp='2026-06-02T00:00:00Z' uid='1' user='osm_generator' visible='true' version='1' changeset='1' lat='47.64494465' lon='37.71658756' />
  <node id='5' timestamp='2026-06-02T00:00:00Z' uid='1' user='osm_generator' visible='true' version='1' changeset='1' lat='47.65098809' lon='37.71658756' />
  <node id='6' timestamp='2026-06-02T00:00:00Z' uid='1' user='osm_generator' visible='true' version='1' changeset='1' lat='47.65098809' lon='37.72192408' />
  <node id='7' timestamp='2026-06-02T00:00:00Z' uid='1' user='osm_generator' visible='true' version='1' changeset='1' lat='47.64649148' lon='37.72192408' />
  <node id='8' timestamp='2026-06-02T00:00:00Z' uid='1' user='osm_generator' visible='true' version='1' changeset='1' lat='47.64649148' lon='37.71658756' />
  <node id='9' timestamp='2026-06-02T00:00:00Z' uid='1' user='osm_generator' visible='true' version='1' changeset='1' lat='47.65098809' lon='37.72208417' />
  <node id='10' timestamp='2026-06-02T00:00:00Z' uid='1' user='osm_generator' visible='true' version='1' changeset='1' lat='47.65098809' lon='37.72875481' />
  <node id='11' timestamp='2026-06-02T00:00:00Z' uid='1' user='osm_generator' visible='true' version='1' changeset='1' lat='47.64649148' lon='37.72875481' />
  <node id='12' timestamp='2026-06-02T00:00:00Z' uid='1' user='osm_generator' visible='true' version='1' changeset='1' lat='47.64649148' lon='37.72208417' />
  <node id='13' timestamp='2026-06-02T00:00:00Z' uid='1' user='osm_generator' visible='true' version='1' changeset='1' lat='47.65239103' lon='37.71658756' />
  <node id='14' timestamp='2026-06-02T00:00:00Z' uid='1' user='osm_generator' visible='true' version='1' changeset='1' lat='47.65239103' lon='37.72192408' />
  <node id='15' timestamp='2026-06-02T00:00:00Z' uid='1' user='osm_generator' visible='true' version='1' changeset='1' lat='47.65109601' lon='37.72192408' />
  <node id='16' timestamp='2026-06-02T00:00:00Z' uid='1' user='osm_generator' visible='true' version='1' changeset='1' lat='47.65109601' lon='37.71658756' />
  <node id='17' timestamp='2026-06-02T00:00:00Z' uid='1' user='osm_generator' visible='true' version='1' changeset='1' lat='47.65239103' lon='37.72208417' />
  <node id='18' timestamp='2026-06-02T00:00:00Z' uid='1' user='osm_generator' visible='true' version='1' changeset='1' lat='47.65239103' lon='37.72875481' />
  <node id='19' timestamp='2026-06-02T00:00:00Z' uid='1' user='osm_generator' visible='true' version='1' changeset='1' lat='47.65109601' lon='37.72875481' />
  <node id='20' timestamp='2026-06-02T00:00:00Z' uid='1' user='osm_generator' visible='true' version='1' changeset='1' lat='47.65109601' lon='37.72208417' />
  <node id='29' timestamp='2026-06-02T00:00:00Z' uid='1' user='osm_generator' visible='true' version='1' changeset='1' lat='47.63472836' lon='37.71658756' />
  <node id='30' timestamp='2026-06-02T00:00:00Z' uid='1' user='osm_generator' visible='true' version='1' changeset='1' lat='47.625915' lon='37.71658756' />
  <node id='31' timestamp='2026-06-02T00:00:00Z' uid='1' user='osm_generator' visible='true' version='1' changeset='1' lat='47.625915' lon='37.72377341' />
  <node id='32' timestamp='2026-06-02T00:00:00Z' uid='1' user='osm_generator' visible='true' version='1' changeset='1' lat='47.63472836' lon='37.72377341' />
  <node id='33' timestamp='2026-06-02T00:00:00Z' uid='1' user='osm_generator' visible='true' version='1' changeset='1' lat='47.63472836' lon='37.72393351' />
  <node id='34' timestamp='2026-06-02T00:00:00Z' uid='1' user='osm_generator' visible='true' version='1' changeset='1' lat='47.625915' lon='37.72393351' />
  <node id='35' timestamp='2026-06-02T00:00:00Z' uid='1' user='osm_generator' visible='true' version='1' changeset='1' lat='47.625915' lon='37.72854135' />
  <node id='36' timestamp='2026-06-02T00:00:00Z' uid='1' user='osm_generator' visible='true' version='1' changeset='1' lat='47.63472836' lon='37.72854135' />
  <node id='37' timestamp='2026-06-02T00:00:00Z' uid='1' user='osm_generator' visible='true' version='1' changeset='1' lat='47.6255193' lon='37.71658756' />
  <node id='38' timestamp='2026-06-02T00:00:00Z' uid='1' user='osm_generator' visible='true' version='1' changeset='1' lat='47.61670595' lon='37.71658756' />
  <node id='39' timestamp='2026-06-02T00:00:00Z' uid='1' user='osm_generator' visible='true' version='1' changeset='1' lat='47.61670595' lon='37.71926578' />
  <node id='40' timestamp='2026-06-02T00:00:00Z' uid='1' user='osm_generator' visible='true' version='1' changeset='1' lat='47.6255193' lon='37.71926578' />
  <node id='41' timestamp='2026-06-02T00:00:00Z' uid='1' user='osm_generator' visible='true' version='1' changeset='1' lat='47.6255193' lon='37.71942588' />
  <node id='42' timestamp='2026-06-02T00:00:00Z' uid='1' user='osm_generator' visible='true' version='1' changeset='1' lat='47.61670595' lon='37.71942588' />
  <node id='43' timestamp='2026-06-02T00:00:00Z' uid='1' user='osm_generator' visible='true' version='1' changeset='1' lat='47.61670595' lon='37.72854135' />
  <node id='44' timestamp='2026-06-02T00:00:00Z' uid='1' user='osm_generator' visible='true' version='1' changeset='1' lat='47.6255193' lon='37.72854135' />
  <node id='45' timestamp='2026-06-02T00:00:00Z' uid='1' user='osm_generator' visible='true' version='1' changeset='1' lat='47.61631025' lon='37.71658756' />
  <node id='46' timestamp='2026-06-02T00:00:00Z' uid='1' user='osm_generator' visible='true' version='1' changeset='1' lat='47.6074969' lon='37.71658756' />
  <node id='47' timestamp='2026-06-02T00:00:00Z' uid='1' user='osm_generator' visible='true' version='1' changeset='1' lat='47.6074969' lon='37.72854135' />
  <node id='48' timestamp='2026-06-02T00:00:00Z' uid='1' user='osm_generator' visible='true' version='1' changeset='1' lat='47.61631025' lon='37.72854135' />
  <node id='49' timestamp='2026-06-02T00:00:00Z' uid='1' user='osm_generator' visible='true' version='1' changeset='1' lat='47.6071012' lon='37.71658756' />
  <node id='50' timestamp='2026-06-02T00:00:00Z' uid='1' user='osm_generator' visible='true' version='1' changeset='1' lat='47.59828784' lon='37.71658756' />
  <node id='51' timestamp='2026-06-02T00:00:00Z' uid='1' user='osm_generator' visible='true' version='1' changeset='1' lat='47.59828784' lon='37.72543283' />
  <node id='52' timestamp='2026-06-02T00:00:00Z' uid='1' user='osm_generator' visible='true' version='1' changeset='1' lat='47.60005051' lon='37.72543939' />
  <node id='53' timestamp='2026-06-02T00:00:00Z' uid='1' user='osm_generator' visible='true' version='1' changeset='1' lat='47.6003383' lon='37.72550975' />
  <node id='54' timestamp='2026-06-02T00:00:00Z' uid='1' user='osm_generator' visible='true' version='1' changeset='1' lat='47.60076997' lon='37.72575919' />
  <node id='55' timestamp='2026-06-02T00:00:00Z' uid='1' user='osm_generator' visible='true' version='1' changeset='1' lat='47.60105775' lon='37.72602051' />
  <node id='56' timestamp='2026-06-02T00:00:00Z' uid='1' user='osm_generator' visible='true' version='1' changeset='1' lat='47.60148943' lon='37.72655258' />
  <node id='57' timestamp='2026-06-02T00:00:00Z' uid='1' user='osm_generator' visible='true' version='1' changeset='1' lat='47.6019211' lon='37.72724863' />
  <node id='58' timestamp='2026-06-02T00:00:00Z' uid='1' user='osm_generator' visible='true' version='1' changeset='1' lat='47.60249667' lon='37.72842143' />
  <node id='59' timestamp='2026-06-02T00:00:00Z' uid='1' user='osm_generator' visible='true' version='1' changeset='1' lat='47.60264056' lon='37.72854135' />
  <node id='60' timestamp='2026-06-02T00:00:00Z' uid='1' user='osm_generator' visible='true' version='1' changeset='1' lat='47.6071012' lon='37.72854135' />
  <node id='61' timestamp='2026-06-02T00:00:00Z' uid='1' user='osm_generator' visible='true' version='1' changeset='1' lat='47.59789214' lon='37.71658756' />
  <node id='62' timestamp='2026-06-02T00:00:00Z' uid='1' user='osm_generator' visible='true' version='1' changeset='1' lat='47.58914174' lon='37.71658756' />
  <node id='63' timestamp='2026-06-02T00:00:00Z' uid='1' user='osm_generator' visible='true' version='1' changeset='1' lat='47.58914174' lon='37.72543283' />
  <node id='64' timestamp='2026-06-02T00:00:00Z' uid='1' user='osm_generator' visible='true' version='1' changeset='1' lat='47.59789214' lon='37.72543283' />
  <node id='65' timestamp='2026-06-02T00:00:00Z' uid='1' user='osm_generator' visible='true' version='1' changeset='1' lat='47.65239103' lon='37.7289149' />
  <node id='66' timestamp='2026-06-02T00:00:00Z' uid='1' user='osm_generator' visible='true' version='1' changeset='1' lat='47.65239103' lon='37.74241628' />
  <node id='67' timestamp='2026-06-02T00:00:00Z' uid='1' user='osm_generator' visible='true' version='1' changeset='1' lat='47.65109601' lon='37.74241628' />
  <node id='68' timestamp='2026-06-02T00:00:00Z' uid='1' user='osm_generator' visible='true' version='1' changeset='1' lat='47.65109601' lon='37.7289149' />
  <node id='69' timestamp='2026-06-02T00:00:00Z' uid='1' user='osm_generator' visible='true' version='1' changeset='1' lat='47.64868583' lon='37.73574564' />
  <node id='70' timestamp='2026-06-02T00:00:00Z' uid='1' user='osm_generator' visible='true' version='1' changeset='1' lat='47.64868583' lon='37.74241628' />
  <node id='71' timestamp='2026-06-02T00:00:00Z' uid='1' user='osm_generator' visible='true' version='1' changeset='1' lat='47.64494465' lon='37.74241628' />
  <node id='72' timestamp='2026-06-02T00:00:00Z' uid='1' user='osm_generator' visible='true' version='1' changeset='1' lat='47.64494465' lon='37.73574564' />
  <node id='73' timestamp='2026-06-02T00:00:00Z' uid='1' user='osm_generator' visible='true' version='1' changeset='1' lat='47.65098809' lon='37.7289149' />
  <node id='74' timestamp='2026-06-02T00:00:00Z' uid='1' user='osm_generator' visible='true' version='1' changeset='1' lat='47.65098809' lon='37.73558554' />
  <node id='75' timestamp='2026-06-02T00:00:00Z' uid='1' user='osm_generator' visible='true' version='1' changeset='1' lat='47.64879375' lon='37.73558554' />
  <node id='76' timestamp='2026-06-02T00:00:00Z' uid='1' user='osm_generator' visible='true' version='1' changeset='1' lat='47.64879375' lon='37.7289149' />
  <node id='77' timestamp='2026-06-02T00:00:00Z' uid='1' user='osm_generator' visible='true' version='1' changeset='1' lat='47.64868583' lon='37.7289149' />
  <node id='78' timestamp='2026-06-02T00:00:00Z' uid='1' user='osm_generator' visible='true' version='1' changeset='1' lat='47.64868583' lon='37.73558554' />
  <node id='79' timestamp='2026-06-02T00:00:00Z' uid='1' user='osm_generator' visible='true' version='1' changeset='1' lat='47.64649148' lon='37.73558554' />
  <node id='80' timestamp='2026-06-02T00:00:00Z' uid='1' user='osm_generator' visible='true' version='1' changeset='1' lat='47.64649148' lon='37.7289149' />
  <node id='81' action='modify' timestamp='2026-06-02T00:00:00Z' uid='1' user='osm_generator' visible='true' version='1' changeset='1' lat='47.64638188346' lon='37.72893057337' />
  <node id='82' action='modify' timestamp='2026-06-02T00:00:00Z' uid='1' user='osm_generator' visible='true' version='1' changeset='1' lat='47.646380151' lon='37.73559368313' />
  <node id='83' action='modify' timestamp='2026-06-02T00:00:00Z' uid='1' user='osm_generator' visible='true' version='1' changeset='1' lat='47.64428852803' lon='37.73559248495' />
  <node id='84' action='modify' timestamp='2026-06-02T00:00:00Z' uid='1' user='osm_generator' visible='true' version='1' changeset='1' lat='47.64429026055' lon='37.7289293752' />
  <node id='85' timestamp='2026-06-02T00:00:00Z' uid='1' user='osm_generator' visible='true' version='1' changeset='1' lat='47.65098809' lon='37.73574564' />
  <node id='86' timestamp='2026-06-02T00:00:00Z' uid='1' user='osm_generator' visible='true' version='1' changeset='1' lat='47.65098809' lon='37.74241628' />
  <node id='87' timestamp='2026-06-02T00:00:00Z' uid='1' user='osm_generator' visible='true' version='1' changeset='1' lat='47.64879375' lon='37.74241628' />
  <node id='88' timestamp='2026-06-02T00:00:00Z' uid='1' user='osm_generator' visible='true' version='1' changeset='1' lat='47.64879375' lon='37.73574564' />
  <node id='89' timestamp='2026-06-02T00:00:00Z' uid='1' user='osm_generator' visible='true' version='1' changeset='1' lat='47.63947677' lon='37.72912836' />
  <node id='90' timestamp='2026-06-02T00:00:00Z' uid='1' user='osm_generator' visible='true' version='1' changeset='1' lat='47.63728243' lon='37.72912836' />
  <node id='91' timestamp='2026-06-02T00:00:00Z' uid='1' user='osm_generator' visible='true' version='1' changeset='1' lat='47.63728243' lon='37.73558554' />
  <node id='92' timestamp='2026-06-02T00:00:00Z' uid='1' user='osm_generator' visible='true' version='1' changeset='1' lat='47.63947677' lon='37.73558554' />
  <node id='93' timestamp='2026-06-02T00:00:00Z' uid='1' user='osm_generator' visible='true' version='1' changeset='1' lat='47.63947677' lon='37.73574564' />
  <node id='94' timestamp='2026-06-02T00:00:00Z' uid='1' user='osm_generator' visible='true' version='1' changeset='1' lat='47.63728243' lon='37.73574564' />
  <node id='95' timestamp='2026-06-02T00:00:00Z' uid='1' user='osm_generator' visible='true' version='1' changeset='1' lat='47.63728243' lon='37.74220282' />
  <node id='96' timestamp='2026-06-02T00:00:00Z' uid='1' user='osm_generator' visible='true' version='1' changeset='1' lat='47.63947677' lon='37.74220282' />
  <node id='97' timestamp='2026-06-02T00:00:00Z' uid='1' user='osm_generator' visible='true' version='1' changeset='1' lat='47.63717451' lon='37.72912836' />
  <node id='98' timestamp='2026-06-02T00:00:00Z' uid='1' user='osm_generator' visible='true' version='1' changeset='1' lat='47.63512406' lon='37.72912836' />
  <node id='99' timestamp='2026-06-02T00:00:00Z' uid='1' user='osm_generator' visible='true' version='1' changeset='1' lat='47.63512406' lon='37.73558554' />
  <node id='100' timestamp='2026-06-02T00:00:00Z' uid='1' user='osm_generator' visible='true' version='1' changeset='1' lat='47.63717451' lon='37.73558554' />
  <node id='101' timestamp='2026-06-02T00:00:00Z' uid='1' user='osm_generator' visible='true' version='1' changeset='1' lat='47.63717451' lon='37.73574564' />
  <node id='102' timestamp='2026-06-02T00:00:00Z' uid='1' user='osm_generator' visible='true' version='1' changeset='1' lat='47.63512406' lon='37.73574564' />
  <node id='103' timestamp='2026-06-02T00:00:00Z' uid='1' user='osm_generator' visible='true' version='1' changeset='1' lat='47.63512406' lon='37.74220282' />
  <node id='104' timestamp='2026-06-02T00:00:00Z' uid='1' user='osm_generator' visible='true' version='1' changeset='1' lat='47.63717451' lon='37.74220282' />
  <node id='105' timestamp='2026-06-02T00:00:00Z' uid='1' user='osm_generator' visible='true' version='1' changeset='1' lat='47.63472836' lon='37.72912836' />
  <node id='106' timestamp='2026-06-02T00:00:00Z' uid='1' user='osm_generator' visible='true' version='1' changeset='1' lat='47.625915' lon='37.72912836' />
  <node id='107' timestamp='2026-06-02T00:00:00Z' uid='1' user='osm_generator' visible='true' version='1' changeset='1' lat='47.625915' lon='37.73707918' />
  <node id='108' timestamp='2026-06-02T00:00:00Z' uid='1' user='osm_generator' visible='true' version='1' changeset='1' lat='47.63472836' lon='37.73707918' />
  <node id='109' timestamp='2026-06-02T00:00:00Z' uid='1' user='osm_generator' visible='true' version='1' changeset='1' lat='47.63472836' lon='37.73723927' />
  <node id='110' timestamp='2026-06-02T00:00:00Z' uid='1' user='osm_generator' visible='true' version='1' changeset='1' lat='47.625915' lon='37.73723927' />
  <node id='111' timestamp='2026-06-02T00:00:00Z' uid='1' user='osm_generator' visible='true' version='1' changeset='1' lat='47.625915' lon='37.74220282' />
  <node id='112' timestamp='2026-06-02T00:00:00Z' uid='1' user='osm_generator' visible='true' version='1' changeset='1' lat='47.63472836' lon='37.74220282' />
  <node id='113' timestamp='2026-06-02T00:00:00Z' uid='1' user='osm_generator' visible='true' version='1' changeset='1' lat='47.6255193' lon='37.72912836' />
  <node id='114' timestamp='2026-06-02T00:00:00Z' uid='1' user='osm_generator' visible='true' version='1' changeset='1' lat='47.61670595' lon='37.72912836' />
  <node id='115' timestamp='2026-06-02T00:00:00Z' uid='1' user='osm_generator' visible='true' version='1' changeset='1' lat='47.61670595' lon='37.73289225' />
  <node id='116' timestamp='2026-06-02T00:00:00Z' uid='1' user='osm_generator' visible='true' version='1' changeset='1' lat='47.6255193' lon='37.73289225' />
  <node id='117' timestamp='2026-06-02T00:00:00Z' uid='1' user='osm_generator' visible='true' version='1' changeset='1' lat='47.6255193' lon='37.73305235' />
  <node id='118' timestamp='2026-06-02T00:00:00Z' uid='1' user='osm_generator' visible='true' version='1' changeset='1' lat='47.61670595' lon='37.73305235' />
  <node id='119' timestamp='2026-06-02T00:00:00Z' uid='1' user='osm_generator' visible='true' version='1' changeset='1' lat='47.61670595' lon='37.74220282' />
  <node id='120' timestamp='2026-06-02T00:00:00Z' uid='1' user='osm_generator' visible='true' version='1' changeset='1' lat='47.6255193' lon='37.74220282' />
  <node id='121' timestamp='2026-06-02T00:00:00Z' uid='1' user='osm_generator' visible='true' version='1' changeset='1' lat='47.61631025' lon='37.72912836' />
  <node id='122' timestamp='2026-06-02T00:00:00Z' uid='1' user='osm_generator' visible='true' version='1' changeset='1' lat='47.6074969' lon='37.72912836' />
  <node id='123' timestamp='2026-06-02T00:00:00Z' uid='1' user='osm_generator' visible='true' version='1' changeset='1' lat='47.6074969' lon='37.74220282' />
  <node id='124' timestamp='2026-06-02T00:00:00Z' uid='1' user='osm_generator' visible='true' version='1' changeset='1' lat='47.61631025' lon='37.74220282' />
  <node id='125' timestamp='2026-06-02T00:00:00Z' uid='1' user='osm_generator' visible='true' version='1' changeset='1' lat='47.6071012' lon='37.72912836' />
  <node id='126' timestamp='2026-06-02T00:00:00Z' uid='1' user='osm_generator' visible='true' version='1' changeset='1' lat='47.60292834' lon='37.72912836' />
  <node id='127' timestamp='2026-06-02T00:00:00Z' uid='1' user='osm_generator' visible='true' version='1' changeset='1' lat='47.60292834' lon='37.72947491' />
  <node id='128' timestamp='2026-06-02T00:00:00Z' uid='1' user='osm_generator' visible='true' version='1' changeset='1' lat='47.60379169' lon='37.73198954' />
  <node id='129' timestamp='2026-06-02T00:00:00Z' uid='1' user='osm_generator' visible='true' version='1' changeset='1' lat='47.60465504' lon='37.73497504' />
  <node id='130' timestamp='2026-06-02T00:00:00Z' uid='1' user='osm_generator' visible='true' version='1' changeset='1' lat='47.60551839' lon='37.73833052' />
  <node id='131' timestamp='2026-06-02T00:00:00Z' uid='1' user='osm_generator' visible='true' version='1' changeset='1' lat='47.60638174' lon='37.74194262' />
  <node id='132' timestamp='2026-06-02T00:00:00Z' uid='1' user='osm_generator' visible='true' version='1' changeset='1' lat='47.60652563' lon='37.74220282' />
  <node id='133' timestamp='2026-06-02T00:00:00Z' uid='1' user='osm_generator' visible='true' version='1' changeset='1' lat='47.6071012' lon='37.74220282' />
  <node id='134' timestamp='2026-06-02T00:00:00Z' uid='1' user='osm_generator' visible='true' version='1' changeset='1' lat='47.60465504' lon='37.74220282' />
  <node id='135' timestamp='2026-06-02T00:00:00Z' uid='1' user='osm_generator' visible='true' version='1' changeset='1' lat='47.60465504' lon='37.74177909' />
  <node id='136' timestamp='2026-06-02T00:00:00Z' uid='1' user='osm_generator' visible='true' version='1' changeset='1' lat='47.60379169' lon='37.73879359' />
  <node id='137' timestamp='2026-06-02T00:00:00Z' uid='1' user='osm_generator' visible='true' version='1' changeset='1' lat='47.60307224' lon='37.73666154' />
  <node id='138' timestamp='2026-06-02T00:00:00Z' uid='1' user='osm_generator' visible='true' version='1' changeset='1' lat='47.60235278' lon='37.73490684' />
  <node id='139' timestamp='2026-06-02T00:00:00Z' uid='1' user='osm_generator' visible='true' version='1' changeset='1' lat='47.60163332' lon='37.73357069' />
  <node id='140' timestamp='2026-06-02T00:00:00Z' uid='1' user='osm_generator' visible='true' version='1' changeset='1' lat='47.60105775' lon='37.73282456' />
  <node id='141' timestamp='2026-06-02T00:00:00Z' uid='1' user='osm_generator' visible='true' version='1' changeset='1' lat='47.60048219' lon='37.73237782' />
  <node id='142' timestamp='2026-06-02T00:00:00Z' uid='1' user='osm_generator' visible='true' version='1' changeset='1' lat='47.59990662' lon='37.73223688' />
  <node id='143' timestamp='2026-06-02T00:00:00Z' uid='1' user='osm_generator' visible='true' version='1' changeset='1' lat='47.59828784' lon='37.73223688' />
  <node id='144' timestamp='2026-06-02T00:00:00Z' uid='1' user='osm_generator' visible='true' version='1' changeset='1' lat='47.59828784' lon='37.74220282' />
  <node id='145' timestamp='2026-06-02T00:00:00Z' uid='1' user='osm_generator' visible='true' version='1' changeset='1' lat='47.59789214' lon='37.74220282' />
  <node id='146' timestamp='2026-06-02T00:00:00Z' uid='1' user='osm_generator' visible='true' version='1' changeset='1' lat='47.59789214' lon='37.73223688' />
  <node id='147' timestamp='2026-06-02T00:00:00Z' uid='1' user='osm_generator' visible='true' version='1' changeset='1' lat='47.58914174' lon='37.73223688' />
  <node id='148' timestamp='2026-06-02T00:00:00Z' uid='1' user='osm_generator' visible='true' version='1' changeset='1' lat='47.58914174' lon='37.74220282' />
  <node id='173' timestamp='2026-06-02T00:00:00Z' uid='1' user='osm_generator' visible='true' version='1' changeset='1' lat='47.64387446' lon='37.75030619' />
  <node id='174' timestamp='2026-06-02T00:00:00Z' uid='1' user='osm_generator' visible='true' version='1' changeset='1' lat='47.64293916' lon='37.75030619' />
  <node id='175' timestamp='2026-06-02T00:00:00Z' uid='1' user='osm_generator' visible='true' version='1' changeset='1' lat='47.64293916' lon='37.7543167' />
  <node id='176' timestamp='2026-06-02T00:00:00Z' uid='1' user='osm_generator' visible='true' version='1' changeset='1' lat='47.64387446' lon='37.7543167' />
  <node id='177' timestamp='2026-06-02T00:00:00Z' uid='1' user='osm_generator' visible='true' version='1' changeset='1' lat='47.63472836' lon='37.74278983' />
  <node id='178' timestamp='2026-06-02T00:00:00Z' uid='1' user='osm_generator' visible='true' version='1' changeset='1' lat='47.625915' lon='37.74278983' />
  <node id='179' timestamp='2026-06-02T00:00:00Z' uid='1' user='osm_generator' visible='true' version='1' changeset='1' lat='47.625915' lon='37.75118801' />
  <node id='180' timestamp='2026-06-02T00:00:00Z' uid='1' user='osm_generator' visible='true' version='1' changeset='1' lat='47.63472836' lon='37.75118801' />
  <node id='181' timestamp='2026-06-02T00:00:00Z' uid='1' user='osm_generator' visible='true' version='1' changeset='1' lat='47.63472836' lon='37.75134811' />
  <node id='182' timestamp='2026-06-02T00:00:00Z' uid='1' user='osm_generator' visible='true' version='1' changeset='1' lat='47.625915' lon='37.75134811' />
  <node id='183' timestamp='2026-06-02T00:00:00Z' uid='1' user='osm_generator' visible='true' version='1' changeset='1' lat='47.625915' lon='37.75586428' />
  <node id='184' timestamp='2026-06-02T00:00:00Z' uid='1' user='osm_generator' visible='true' version='1' changeset='1' lat='47.63472836' lon='37.75586428' />
  <node id='185' timestamp='2026-06-02T00:00:00Z' uid='1' user='osm_generator' visible='true' version='1' changeset='1' lat='47.6255193' lon='37.74278983' />
  <node id='186' timestamp='2026-06-02T00:00:00Z' uid='1' user='osm_generator' visible='true' version='1' changeset='1' lat='47.61670595' lon='37.74278983' />
  <node id='187' timestamp='2026-06-02T00:00:00Z' uid='1' user='osm_generator' visible='true' version='1' changeset='1' lat='47.61670595' lon='37.75122108' />
  <node id='188' timestamp='2026-06-02T00:00:00Z' uid='1' user='osm_generator' visible='true' version='1' changeset='1' lat='47.6255193' lon='37.75122108' />
  <node id='189' timestamp='2026-06-02T00:00:00Z' uid='1' user='osm_generator' visible='true' version='1' changeset='1' lat='47.6255193' lon='37.75138118' />
  <node id='190' timestamp='2026-06-02T00:00:00Z' uid='1' user='osm_generator' visible='true' version='1' changeset='1' lat='47.61670595' lon='37.75138118' />
  <node id='191' timestamp='2026-06-02T00:00:00Z' uid='1' user='osm_generator' visible='true' version='1' changeset='1' lat='47.61670595' lon='37.75586428' />
  <node id='192' timestamp='2026-06-02T00:00:00Z' uid='1' user='osm_generator' visible='true' version='1' changeset='1' lat='47.6255193' lon='37.75586428' />
  <node id='193' timestamp='2026-06-02T00:00:00Z' uid='1' user='osm_generator' visible='true' version='1' changeset='1' lat='47.61631025' lon='37.74278983' />
  <node id='194' timestamp='2026-06-02T00:00:00Z' uid='1' user='osm_generator' visible='true' version='1' changeset='1' lat='47.6074969' lon='37.74278983' />
  <node id='195' timestamp='2026-06-02T00:00:00Z' uid='1' user='osm_generator' visible='true' version='1' changeset='1' lat='47.6074969' lon='37.74678923' />
  <node id='196' timestamp='2026-06-02T00:00:00Z' uid='1' user='osm_generator' visible='true' version='1' changeset='1' lat='47.60882789' lon='37.75248722' />
  <node id='197' timestamp='2026-06-02T00:00:00Z' uid='1' user='osm_generator' visible='true' version='1' changeset='1' lat='47.60969124' lon='37.75586428' />
  <node id='198' timestamp='2026-06-02T00:00:00Z' uid='1' user='osm_generator' visible='true' version='1' changeset='1' lat='47.61631025' lon='37.75586428' />
  <node id='207' timestamp='2026-06-02T00:00:00Z' uid='1' user='osm_generator' visible='true' version='1' changeset='1' lat='47.6071012' lon='37.75586428' />
  <node id='208' timestamp='2026-06-02T00:00:00Z' uid='1' user='osm_generator' visible='true' version='1' changeset='1' lat='47.6071012' lon='37.75186489' />
  <node id='209' timestamp='2026-06-02T00:00:00Z' uid='1' user='osm_generator' visible='true' version='1' changeset='1' lat='47.60523061' lon='37.74398175' />
  <node id='210' timestamp='2026-06-02T00:00:00Z' uid='1' user='osm_generator' visible='true' version='1' changeset='1' lat='47.60494282' lon='37.74286185' />
  <node id='211' timestamp='2026-06-02T00:00:00Z' uid='1' user='osm_generator' visible='true' version='1' changeset='1' lat='47.60479893' lon='37.74278983' />
  <node id='212' timestamp='2026-06-02T00:00:00Z' uid='1' user='osm_generator' visible='true' version='1' changeset='1' lat='47.59828784' lon='37.74278983' />
  <node id='213' timestamp='2026-06-02T00:00:00Z' uid='1' user='osm_generator' visible='true' version='1' changeset='1' lat='47.59828784' lon='37.75586428' />
  <node id='214' timestamp='2026-06-02T00:00:00Z' uid='1' user='osm_generator' visible='true' version='1' changeset='1' lat='47.59789214' lon='37.74867016' />
  <node id='215' timestamp='2026-06-02T00:00:00Z' uid='1' user='osm_generator' visible='true' version='1' changeset='1' lat='47.59789214' lon='37.74278983' />
  <node id='216' timestamp='2026-06-02T00:00:00Z' uid='1' user='osm_generator' visible='true' version='1' changeset='1' lat='47.59179654' lon='37.74278983' />
  <node id='217' timestamp='2026-06-02T00:00:00Z' uid='1' user='osm_generator' visible='true' version='1' changeset='1' lat='47.59179654' lon='37.74867016' />
  <node id='218' timestamp='2026-06-02T00:00:00Z' uid='1' user='osm_generator' visible='true' version='1' changeset='1' lat='47.59168862' lon='37.74719779' />
  <node id='219' timestamp='2026-06-02T00:00:00Z' uid='1' user='osm_generator' visible='true' version='1' changeset='1' lat='47.59168862' lon='37.74278983' />
  <node id='220' timestamp='2026-06-02T00:00:00Z' uid='1' user='osm_generator' visible='true' version='1' changeset='1' lat='47.59018496' lon='37.74278983' />
  <node id='221' timestamp='2026-06-02T00:00:00Z' uid='1' user='osm_generator' visible='true' version='1' changeset='1' lat='47.59018496' lon='37.74719779' />
  <node id='222' timestamp='2026-06-02T00:00:00Z' uid='1' user='osm_generator' visible='true' version='1' changeset='1' lat='47.59007704' lon='37.74719779' />
  <node id='223' timestamp='2026-06-02T00:00:00Z' uid='1' user='osm_generator' visible='true' version='1' changeset='1' lat='47.59007704' lon='37.74433742' />
  <node id='224' timestamp='2026-06-02T00:00:00Z' uid='1' user='osm_generator' visible='true' version='1' changeset='1' lat='47.58914174' lon='37.74433742' />
  <node id='225' timestamp='2026-06-02T00:00:00Z' uid='1' user='osm_generator' visible='true' version='1' changeset='1' lat='47.58914174' lon='37.74719779' />
  <node id='226' timestamp='2026-06-02T00:00:00Z' uid='1' user='osm_generator' visible='true' version='1' changeset='1' lat='47.59789214' lon='37.75586428' />
  <node id='227' timestamp='2026-06-02T00:00:00Z' uid='1' user='osm_generator' visible='true' version='1' changeset='1' lat='47.59789214' lon='37.74883025' />
  <node id='228' timestamp='2026-06-02T00:00:00Z' uid='1' user='osm_generator' visible='true' version='1' changeset='1' lat='47.59179654' lon='37.74883025' />
  <node id='229' timestamp='2026-06-02T00:00:00Z' uid='1' user='osm_generator' visible='true' version='1' changeset='1' lat='47.59179654' lon='37.75586428' />
  <node id='230' timestamp='2026-06-02T00:00:00Z' uid='1' user='osm_generator' visible='true' version='1' changeset='1' lat='47.59168862' lon='37.75586428' />
  <node id='231' timestamp='2026-06-02T00:00:00Z' uid='1' user='osm_generator' visible='true' version='1' changeset='1' lat='47.59168862' lon='37.75145633' />
  <node id='232' timestamp='2026-06-02T00:00:00Z' uid='1' user='osm_generator' visible='true' version='1' changeset='1' lat='47.58914174' lon='37.75145633' />
  <node id='233' timestamp='2026-06-02T00:00:00Z' uid='1' user='osm_generator' visible='true' version='1' changeset='1' lat='47.58914174' lon='37.75586428' />
  <node id='258' timestamp='2026-06-02T00:00:00Z' uid='1' user='osm_generator' visible='true' version='1' changeset='1' lat='47.64387446' lon='37.75799889' />
  <node id='259' timestamp='2026-06-02T00:00:00Z' uid='1' user='osm_generator' visible='true' version='1' changeset='1' lat='47.64293916' lon='37.75799889' />
  <node id='260' timestamp='2026-06-02T00:00:00Z' uid='1' user='osm_generator' visible='true' version='1' changeset='1' lat='47.64293916' lon='37.76245951' />
  <node id='261' timestamp='2026-06-02T00:00:00Z' uid='1' user='osm_generator' visible='true' version='1' changeset='1' lat='47.64387446' lon='37.76245951' />
  <node id='266' timestamp='2026-06-02T00:00:00Z' uid='1' user='osm_generator' visible='true' version='1' changeset='1' lat='47.64387446' lon='37.76261961' />
  <node id='267' timestamp='2026-06-02T00:00:00Z' uid='1' user='osm_generator' visible='true' version='1' changeset='1' lat='47.64293916' lon='37.76261961' />
  <node id='268' timestamp='2026-06-02T00:00:00Z' uid='1' user='osm_generator' visible='true' version='1' changeset='1' lat='47.64293916' lon='37.76797816' />
  <node id='269' timestamp='2026-06-02T00:00:00Z' uid='1' user='osm_generator' visible='true' version='1' changeset='1' lat='47.64387446' lon='37.76797816' />
  <node id='270' timestamp='2026-06-02T00:00:00Z' uid='1' user='osm_generator' visible='true' version='1' changeset='1' lat='47.63472836' lon='37.7564513' />
  <node id='271' timestamp='2026-06-02T00:00:00Z' uid='1' user='osm_generator' visible='true' version='1' changeset='1' lat='47.625915' lon='37.7564513' />
  <node id='272' timestamp='2026-06-02T00:00:00Z' uid='1' user='osm_generator' visible='true' version='1' changeset='1' lat='47.625915' lon='37.7654734' />
  <node id='273' timestamp='2026-06-02T00:00:00Z' uid='1' user='osm_generator' visible='true' version='1' changeset='1' lat='47.63472836' lon='37.7654734' />
  <node id='274' timestamp='2026-06-02T00:00:00Z' uid='1' user='osm_generator' visible='true' version='1' changeset='1' lat='47.63472836' lon='37.76563349' />
  <node id='275' timestamp='2026-06-02T00:00:00Z' uid='1' user='osm_generator' visible='true' version='1' changeset='1' lat='47.625915' lon='37.76563349' />
  <node id='276' timestamp='2026-06-02T00:00:00Z' uid='1' user='osm_generator' visible='true' version='1' changeset='1' lat='47.625915' lon='37.76952575' />
  <node id='277' timestamp='2026-06-02T00:00:00Z' uid='1' user='osm_generator' visible='true' version='1' changeset='1' lat='47.63472836' lon='37.76952575' />
  <node id='278' timestamp='2026-06-02T00:00:00Z' uid='1' user='osm_generator' visible='true' version='1' changeset='1' lat='47.6255193' lon='37.7564513' />
  <node id='279' timestamp='2026-06-02T00:00:00Z' uid='1' user='osm_generator' visible='true' version='1' changeset='1' lat='47.61670595' lon='37.7564513' />
  <node id='280' timestamp='2026-06-02T00:00:00Z' uid='1' user='osm_generator' visible='true' version='1' changeset='1' lat='47.61670595' lon='37.76641723' />
  <node id='281' timestamp='2026-06-02T00:00:00Z' uid='1' user='osm_generator' visible='true' version='1' changeset='1' lat='47.61846862' lon='37.7664238' />
  <node id='282' timestamp='2026-06-02T00:00:00Z' uid='1' user='osm_generator' visible='true' version='1' changeset='1' lat='47.6187564' lon='37.76649415' />
  <node id='283' timestamp='2026-06-02T00:00:00Z' uid='1' user='osm_generator' visible='true' version='1' changeset='1' lat='47.61918808' lon='37.76674359' />
  <node id='284' timestamp='2026-06-02T00:00:00Z' uid='1' user='osm_generator' visible='true' version='1' changeset='1' lat='47.61947586' lon='37.76700491' />
  <node id='285' timestamp='2026-06-02T00:00:00Z' uid='1' user='osm_generator' visible='true' version='1' changeset='1' lat='47.61990754' lon='37.76753698' />
  <node id='286' timestamp='2026-06-02T00:00:00Z' uid='1' user='osm_generator' visible='true' version='1' changeset='1' lat='47.62033921' lon='37.76823303' />
  <node id='287' timestamp='2026-06-02T00:00:00Z' uid='1' user='osm_generator' visible='true' version='1' changeset='1' lat='47.62091478' lon='37.76940583' />
  <node id='288' timestamp='2026-06-02T00:00:00Z' uid='1' user='osm_generator' visible='true' version='1' changeset='1' lat='47.62105867' lon='37.76952575' />
  <node id='289' timestamp='2026-06-02T00:00:00Z' uid='1' user='osm_generator' visible='true' version='1' changeset='1' lat='47.6255193' lon='37.76952575' />
  <node id='290' timestamp='2026-06-02T00:00:00Z' uid='1' user='osm_generator' visible='true' version='1' changeset='1' lat='47.61631025' lon='37.7564513' />
  <node id='291' timestamp='2026-06-02T00:00:00Z' uid='1' user='osm_generator' visible='true' version='1' changeset='1' lat='47.60983513' lon='37.7564513' />
  <node id='292' timestamp='2026-06-02T00:00:00Z' uid='1' user='osm_generator' visible='true' version='1' changeset='1' lat='47.61069848' lon='37.75951116' />
  <node id='293' timestamp='2026-06-02T00:00:00Z' uid='1' user='osm_generator' visible='true' version='1' changeset='1' lat='47.61141794' lon='37.76169569' />
  <node id='294' timestamp='2026-06-02T00:00:00Z' uid='1' user='osm_generator' visible='true' version='1' changeset='1' lat='47.61228129' lon='37.76382433' />
  <node id='295' timestamp='2026-06-02T00:00:00Z' uid='1' user='osm_generator' visible='true' version='1' changeset='1' lat='47.61300075' lon='37.76513864' />
  <node id='296' timestamp='2026-06-02T00:00:00Z' uid='1' user='osm_generator' visible='true' version='1' changeset='1' lat='47.61343242' lon='37.76571218' />
  <node id='297' timestamp='2026-06-02T00:00:00Z' uid='1' user='osm_generator' visible='true' version='1' changeset='1' lat='47.6137202' lon='37.76600173' />
  <node id='298' timestamp='2026-06-02T00:00:00Z' uid='1' user='osm_generator' visible='true' version='1' changeset='1' lat='47.61429577' lon='37.76635332' />
  <node id='299' timestamp='2026-06-02T00:00:00Z' uid='1' user='osm_generator' visible='true' version='1' changeset='1' lat='47.61458355' lon='37.76641405' />
  <node id='300' timestamp='2026-06-02T00:00:00Z' uid='1' user='osm_generator' visible='true' version='1' changeset='1' lat='47.61631025' lon='37.76641723' />
  <node id='301' timestamp='2026-06-02T00:00:00Z' uid='1' user='osm_generator' visible='true' version='1' changeset='1' lat='47.61170572' lon='37.76952575' />
  <node id='302' timestamp='2026-06-02T00:00:00Z' uid='1' user='osm_generator' visible='true' version='1' changeset='1' lat='47.61170572' lon='37.76927245' />
  <node id='303' timestamp='2026-06-02T00:00:00Z' uid='1' user='osm_generator' visible='true' version='1' changeset='1' lat='47.61098627' lon='37.76723037' />
  <node id='304' timestamp='2026-06-02T00:00:00Z' uid='1' user='osm_generator' visible='true' version='1' changeset='1' lat='47.61012292' lon='37.76433513' />
  <node id='305' timestamp='2026-06-02T00:00:00Z' uid='1' user='osm_generator' visible='true' version='1' changeset='1' lat='47.60925957' lon='37.76104774' />
  <node id='306' timestamp='2026-06-02T00:00:00Z' uid='1' user='osm_generator' visible='true' version='1' changeset='1' lat='47.60825233' lon='37.75686556' />
  <node id='307' timestamp='2026-06-02T00:00:00Z' uid='1' user='osm_generator' visible='true' version='1' changeset='1' lat='47.60810844' lon='37.7564513' />
  <node id='308' timestamp='2026-06-02T00:00:00Z' uid='1' user='osm_generator' visible='true' version='1' changeset='1' lat='47.6074969' lon='37.7564513' />
  <node id='309' timestamp='2026-06-02T00:00:00Z' uid='1' user='osm_generator' visible='true' version='1' changeset='1' lat='47.6074969' lon='37.76952575' />
  <node id='310' timestamp='2026-06-02T00:00:00Z' uid='1' user='osm_generator' visible='true' version='1' changeset='1' lat='47.59789214' lon='37.76952575' />
  <node id='311' timestamp='2026-06-02T00:00:00Z' uid='1' user='osm_generator' visible='true' version='1' changeset='1' lat='47.59789214' lon='37.7564513' />
  <node id='312' timestamp='2026-06-02T00:00:00Z' uid='1' user='osm_generator' visible='true' version='1' changeset='1' lat='47.59018496' lon='37.7564513' />
  <node id='313' timestamp='2026-06-02T00:00:00Z' uid='1' user='osm_generator' visible='true' version='1' changeset='1' lat='47.59018496' lon='37.76952575' />
  <node id='314' timestamp='2026-06-02T00:00:00Z' uid='1' user='osm_generator' visible='true' version='1' changeset='1' lat='47.59007704' lon='37.76952575' />
  <node id='315' timestamp='2026-06-02T00:00:00Z' uid='1' user='osm_generator' visible='true' version='1' changeset='1' lat='47.59007704' lon='37.75799889' />
  <node id='316' timestamp='2026-06-02T00:00:00Z' uid='1' user='osm_generator' visible='true' version='1' changeset='1' lat='47.58914174' lon='37.75799889' />
  <node id='317' timestamp='2026-06-02T00:00:00Z' uid='1' user='osm_generator' visible='true' version='1' changeset='1' lat='47.58914174' lon='37.76952575' />
  <node id='318' timestamp='2026-06-02T00:00:00Z' uid='1' user='osm_generator' visible='true' version='1' changeset='1' lat='47.65098809' lon='37.76989931' />
  <node id='319' timestamp='2026-06-02T00:00:00Z' uid='1' user='osm_generator' visible='true' version='1' changeset='1' lat='47.65098809' lon='37.78340068' />
  <node id='320' timestamp='2026-06-02T00:00:00Z' uid='1' user='osm_generator' visible='true' version='1' changeset='1' lat='47.64649148' lon='37.78340068' />
  <node id='321' timestamp='2026-06-02T00:00:00Z' uid='1' user='osm_generator' visible='true' version='1' changeset='1' lat='47.64649148' lon='37.76989931' />
  <node id='322' timestamp='2026-06-02T00:00:00Z' uid='1' user='osm_generator' visible='true' version='1' changeset='1' lat='47.65239103' lon='37.76989931' />
  <node id='323' timestamp='2026-06-02T00:00:00Z' uid='1' user='osm_generator' visible='true' version='1' changeset='1' lat='47.65239103' lon='37.78340068' />
  <node id='324' timestamp='2026-06-02T00:00:00Z' uid='1' user='osm_generator' visible='true' version='1' changeset='1' lat='47.65109601' lon='37.78340068' />
  <node id='325' timestamp='2026-06-02T00:00:00Z' uid='1' user='osm_generator' visible='true' version='1' changeset='1' lat='47.65109601' lon='37.76989931' />
  <node id='326' timestamp='2026-06-02T00:00:00Z' uid='1' user='osm_generator' visible='true' version='1' changeset='1' lat='47.64638356' lon='37.76989931' />
  <node id='327' timestamp='2026-06-02T00:00:00Z' uid='1' user='osm_generator' visible='true' version='1' changeset='1' lat='47.64638356' lon='37.78340068' />
  <node id='328' timestamp='2026-06-02T00:00:00Z' uid='1' user='osm_generator' visible='true' version='1' changeset='1' lat='47.64494465' lon='37.78340068' />
  <node id='329' timestamp='2026-06-02T00:00:00Z' uid='1' user='osm_generator' visible='true' version='1' changeset='1' lat='47.64494465' lon='37.76989931' />
  <node id='334' timestamp='2026-06-02T00:00:00Z' uid='1' user='osm_generator' visible='true' version='1' changeset='1' lat='47.64387446' lon='37.77011277' />
  <node id='335' timestamp='2026-06-02T00:00:00Z' uid='1' user='osm_generator' visible='true' version='1' changeset='1' lat='47.64178803' lon='37.77011277' />
  <node id='336' timestamp='2026-06-02T00:00:00Z' uid='1' user='osm_generator' visible='true' version='1' changeset='1' lat='47.64178803' lon='37.77486226' />
  <node id='337' timestamp='2026-06-02T00:00:00Z' uid='1' user='osm_generator' visible='true' version='1' changeset='1' lat='47.64387446' lon='37.77486226' />
  <node id='338' timestamp='2026-06-02T00:00:00Z' uid='1' user='osm_generator' visible='true' version='1' changeset='1' lat='47.64283124' lon='37.77843772' />
  <node id='339' timestamp='2026-06-02T00:00:00Z' uid='1' user='osm_generator' visible='true' version='1' changeset='1' lat='47.64178803' lon='37.77843772' />
  <node id='340' timestamp='2026-06-02T00:00:00Z' uid='1' user='osm_generator' visible='true' version='1' changeset='1' lat='47.64178803' lon='37.78318722' />
  <node id='341' timestamp='2026-06-02T00:00:00Z' uid='1' user='osm_generator' visible='true' version='1' changeset='1' lat='47.64283124' lon='37.78318722' />
  <node id='342' timestamp='2026-06-02T00:00:00Z' uid='1' user='osm_generator' visible='true' version='1' changeset='1' lat='47.64387446' lon='37.77843772' />
  <node id='343' timestamp='2026-06-02T00:00:00Z' uid='1' user='osm_generator' visible='true' version='1' changeset='1' lat='47.64293916' lon='37.77843772' />
  <node id='344' timestamp='2026-06-02T00:00:00Z' uid='1' user='osm_generator' visible='true' version='1' changeset='1' lat='47.64293916' lon='37.78163963' />
  <node id='345' timestamp='2026-06-02T00:00:00Z' uid='1' user='osm_generator' visible='true' version='1' changeset='1' lat='47.64387446' lon='37.78163963' />
  <node id='346' timestamp='2026-06-02T00:00:00Z' uid='1' user='osm_generator' visible='true' version='1' changeset='1' lat='47.63472836' lon='37.77011277' />
  <node id='347' timestamp='2026-06-02T00:00:00Z' uid='1' user='osm_generator' visible='true' version='1' changeset='1' lat='47.625915' lon='37.77011277' />
  <node id='348' timestamp='2026-06-02T00:00:00Z' uid='1' user='osm_generator' visible='true' version='1' changeset='1' lat='47.625915' lon='37.77552949' />
  <node id='349' timestamp='2026-06-02T00:00:00Z' uid='1' user='osm_generator' visible='true' version='1' changeset='1' lat='47.63472836' lon='37.77552949' />
  <node id='350' timestamp='2026-06-02T00:00:00Z' uid='1' user='osm_generator' visible='true' version='1' changeset='1' lat='47.63472836' lon='37.77568959' />
  <node id='351' timestamp='2026-06-02T00:00:00Z' uid='1' user='osm_generator' visible='true' version='1' changeset='1' lat='47.625915' lon='37.77568959' />
  <node id='352' timestamp='2026-06-02T00:00:00Z' uid='1' user='osm_generator' visible='true' version='1' changeset='1' lat='47.625915' lon='37.78318722' />
  <node id='353' timestamp='2026-06-02T00:00:00Z' uid='1' user='osm_generator' visible='true' version='1' changeset='1' lat='47.63472836' lon='37.78318722' />
  <node id='354' timestamp='2026-06-02T00:00:00Z' uid='1' user='osm_generator' visible='true' version='1' changeset='1' lat='47.6255193' lon='37.77011277' />
  <node id='355' timestamp='2026-06-02T00:00:00Z' uid='1' user='osm_generator' visible='true' version='1' changeset='1' lat='47.62134645' lon='37.77011277' />
  <node id='356' timestamp='2026-06-02T00:00:00Z' uid='1' user='osm_generator' visible='true' version='1' changeset='1' lat='47.62134645' lon='37.77045931' />
  <node id='357' timestamp='2026-06-02T00:00:00Z' uid='1' user='osm_generator' visible='true' version='1' changeset='1' lat='47.6222098' lon='37.77297394' />
  <node id='358' timestamp='2026-06-02T00:00:00Z' uid='1' user='osm_generator' visible='true' version='1' changeset='1' lat='47.62307315' lon='37.77595944' />
  <node id='359' timestamp='2026-06-02T00:00:00Z' uid='1' user='osm_generator' visible='true' version='1' changeset='1' lat='47.6239365' lon='37.77931493' />
  <node id='360' timestamp='2026-06-02T00:00:00Z' uid='1' user='osm_generator' visible='true' version='1' changeset='1' lat='47.62479985' lon='37.78292702' />
  <node id='361' timestamp='2026-06-02T00:00:00Z' uid='1' user='osm_generator' visible='true' version='1' changeset='1' lat='47.62494374' lon='37.78318722' />
  <node id='362' timestamp='2026-06-02T00:00:00Z' uid='1' user='osm_generator' visible='true' version='1' changeset='1' lat='47.6255193' lon='37.78318722' />
  <node id='363' timestamp='2026-06-02T00:00:00Z' uid='1' user='osm_generator' visible='true' version='1' changeset='1' lat='47.62307315' lon='37.78318722' />
  <node id='364' timestamp='2026-06-02T00:00:00Z' uid='1' user='osm_generator' visible='true' version='1' changeset='1' lat='47.62307315' lon='37.78276349' />
  <node id='365' timestamp='2026-06-02T00:00:00Z' uid='1' user='osm_generator' visible='true' version='1' changeset='1' lat='47.6222098' lon='37.77977799' />
  <node id='366' timestamp='2026-06-02T00:00:00Z' uid='1' user='osm_generator' visible='true' version='1' changeset='1' lat='47.62149034' lon='37.77764595' />
  <node id='367' timestamp='2026-06-02T00:00:00Z' uid='1' user='osm_generator' visible='true' version='1' changeset='1' lat='47.62077088' lon='37.77589124' />
  <node id='368' timestamp='2026-06-02T00:00:00Z' uid='1' user='osm_generator' visible='true' version='1' changeset='1' lat='47.62005143' lon='37.77455509' />
  <node id='369' timestamp='2026-06-02T00:00:00Z' uid='1' user='osm_generator' visible='true' version='1' changeset='1' lat='47.61947586' lon='37.77380896' />
  <node id='370' timestamp='2026-06-02T00:00:00Z' uid='1' user='osm_generator' visible='true' version='1' changeset='1' lat='47.6189003' lon='37.77336222' />
  <node id='371' timestamp='2026-06-02T00:00:00Z' uid='1' user='osm_generator' visible='true' version='1' changeset='1' lat='47.61832473' lon='37.77322129' />
  <node id='372' timestamp='2026-06-02T00:00:00Z' uid='1' user='osm_generator' visible='true' version='1' changeset='1' lat='47.61670595' lon='37.77322129' />
  <node id='373' timestamp='2026-06-02T00:00:00Z' uid='1' user='osm_generator' visible='true' version='1' changeset='1' lat='47.61670595' lon='37.78318722' />
  <node id='374' timestamp='2026-06-02T00:00:00Z' uid='1' user='osm_generator' visible='true' version='1' changeset='1' lat='47.61631025' lon='37.78318722' />
  <node id='375' timestamp='2026-06-02T00:00:00Z' uid='1' user='osm_generator' visible='true' version='1' changeset='1' lat='47.61631025' lon='37.77322129' />
  <node id='376' timestamp='2026-06-02T00:00:00Z' uid='1' user='osm_generator' visible='true' version='1' changeset='1' lat='47.61458355' lon='37.7732181' />
  <node id='377' timestamp='2026-06-02T00:00:00Z' uid='1' user='osm_generator' visible='true' version='1' changeset='1' lat='47.61429577' lon='37.77315737' />
  <node id='378' timestamp='2026-06-02T00:00:00Z' uid='1' user='osm_generator' visible='true' version='1' changeset='1' lat='47.61386409' lon='37.77292227' />
  <node id='379' timestamp='2026-06-02T00:00:00Z' uid='1' user='osm_generator' visible='true' version='1' changeset='1' lat='47.61343242' lon='37.77251623' />
  <node id='380' timestamp='2026-06-02T00:00:00Z' uid='1' user='osm_generator' visible='true' version='1' changeset='1' lat='47.61300075' lon='37.77194269' />
  <node id='381' timestamp='2026-06-02T00:00:00Z' uid='1' user='osm_generator' visible='true' version='1' changeset='1' lat='47.61199351' lon='37.77011277' />
  <node id='382' timestamp='2026-06-02T00:00:00Z' uid='1' user='osm_generator' visible='true' version='1' changeset='1' lat='47.6074969' lon='37.77011277' />
  <node id='383' timestamp='2026-06-02T00:00:00Z' uid='1' user='osm_generator' visible='true' version='1' changeset='1' lat='47.6074969' lon='37.78318722' />
  <node id='384' timestamp='2026-06-02T00:00:00Z' uid='1' user='osm_generator' visible='true' version='1' changeset='1' lat='47.59789214' lon='37.78318722' />
  <node id='385' timestamp='2026-06-02T00:00:00Z' uid='1' user='osm_generator' visible='true' version='1' changeset='1' lat='47.59789214' lon='37.77011277' />
  <node id='386' timestamp='2026-06-02T00:00:00Z' uid='1' user='osm_generator' visible='true' version='1' changeset='1' lat='47.59087564' lon='37.77011277' />
  <node id='387' timestamp='2026-06-02T00:00:00Z' uid='1' user='osm_generator' visible='true' version='1' changeset='1' lat='47.59087564' lon='37.78318722' />
  <node id='388' timestamp='2026-06-02T00:00:00Z' uid='1' user='osm_generator' visible='true' version='1' changeset='1' lat='47.59076772' lon='37.7752038' />
  <node id='389' timestamp='2026-06-02T00:00:00Z' uid='1' user='osm_generator' visible='true' version='1' changeset='1' lat='47.59076772' lon='37.77011277' />
  <node id='390' timestamp='2026-06-02T00:00:00Z' uid='1' user='osm_generator' visible='true' version='1' changeset='1' lat='47.59018496' lon='37.77011277' />
  <node id='391' timestamp='2026-06-02T00:00:00Z' uid='1' user='osm_generator' visible='true' version='1' changeset='1' lat='47.59018496' lon='37.7752038' />
  <node id='392' timestamp='2026-06-02T00:00:00Z' uid='1' user='osm_generator' visible='true' version='1' changeset='1' lat='47.59007704' lon='37.7752038' />
  <node id='393' timestamp='2026-06-02T00:00:00Z' uid='1' user='osm_generator' visible='true' version='1' changeset='1' lat='47.59007704' lon='37.77166036' />
  <node id='394' timestamp='2026-06-02T00:00:00Z' uid='1' user='osm_generator' visible='true' version='1' changeset='1' lat='47.58914174' lon='37.77166036' />
  <node id='395' timestamp='2026-06-02T00:00:00Z' uid='1' user='osm_generator' visible='true' version='1' changeset='1' lat='47.58914174' lon='37.7752038' />
  <node id='396' timestamp='2026-06-02T00:00:00Z' uid='1' user='osm_generator' visible='true' version='1' changeset='1' lat='47.59076772' lon='37.78318722' />
  <node id='397' timestamp='2026-06-02T00:00:00Z' uid='1' user='osm_generator' visible='true' version='1' changeset='1' lat='47.59076772' lon='37.77809619' />
  <node id='398' timestamp='2026-06-02T00:00:00Z' uid='1' user='osm_generator' visible='true' version='1' changeset='1' lat='47.58914174' lon='37.77809619' />
  <node id='399' timestamp='2026-06-02T00:00:00Z' uid='1' user='osm_generator' visible='true' version='1' changeset='1' lat='47.58914174' lon='37.78318722' />
  <node id='400' timestamp='2026-06-02T00:00:00Z' uid='1' user='osm_generator' visible='true' version='1' changeset='1' lat='47.65239103' lon='37.78356078' />
  <node id='401' timestamp='2026-06-02T00:00:00Z' uid='1' user='osm_generator' visible='true' version='1' changeset='1' lat='47.65239103' lon='37.79706215' />
  <node id='402' timestamp='2026-06-02T00:00:00Z' uid='1' user='osm_generator' visible='true' version='1' changeset='1' lat='47.64879375' lon='37.79706215' />
  <node id='403' timestamp='2026-06-02T00:00:00Z' uid='1' user='osm_generator' visible='true' version='1' changeset='1' lat='47.64879375' lon='37.78356078' />
  <node id='404' timestamp='2026-06-02T00:00:00Z' uid='1' user='osm_generator' visible='true' version='1' changeset='1' lat='47.64868583' lon='37.78356078' />
  <node id='405' timestamp='2026-06-02T00:00:00Z' uid='1' user='osm_generator' visible='true' version='1' changeset='1' lat='47.64868583' lon='37.79706215' />
  <node id='406' timestamp='2026-06-02T00:00:00Z' uid='1' user='osm_generator' visible='true' version='1' changeset='1' lat='47.64494465' lon='37.79706215' />
  <node id='407' timestamp='2026-06-02T00:00:00Z' uid='1' user='osm_generator' visible='true' version='1' changeset='1' lat='47.64494465' lon='37.78356078' />
  <node id='412' timestamp='2026-06-02T00:00:00Z' uid='1' user='osm_generator' visible='true' version='1' changeset='1' lat='47.64387446' lon='37.78377424' />
  <node id='413' timestamp='2026-06-02T00:00:00Z' uid='1' user='osm_generator' visible='true' version='1' changeset='1' lat='47.64293916' lon='37.78377424' />
  <node id='414' timestamp='2026-06-02T00:00:00Z' uid='1' user='osm_generator' visible='true' version='1' changeset='1' lat='47.64293916' lon='37.7953011' />
  <node id='415' timestamp='2026-06-02T00:00:00Z' uid='1' user='osm_generator' visible='true' version='1' changeset='1' lat='47.64387446' lon='37.7953011' />
  <node id='416' timestamp='2026-06-02T00:00:00Z' uid='1' user='osm_generator' visible='true' version='1' changeset='1' lat='47.63472836' lon='37.78377424' />
  <node id='417' timestamp='2026-06-02T00:00:00Z' uid='1' user='osm_generator' visible='true' version='1' changeset='1' lat='47.625915' lon='37.78377424' />
  <node id='418' timestamp='2026-06-02T00:00:00Z' uid='1' user='osm_generator' visible='true' version='1' changeset='1' lat='47.625915' lon='37.78777363' />
  <node id='419' timestamp='2026-06-02T00:00:00Z' uid='1' user='osm_generator' visible='true' version='1' changeset='1' lat='47.627246' lon='37.79347163' />
  <node id='420' timestamp='2026-06-02T00:00:00Z' uid='1' user='osm_generator' visible='true' version='1' changeset='1' lat='47.62810935' lon='37.79684869' />
  <node id='421' timestamp='2026-06-02T00:00:00Z' uid='1' user='osm_generator' visible='true' version='1' changeset='1' lat='47.63472836' lon='37.79684869' />
  <node id='430' timestamp='2026-06-02T00:00:00Z' uid='1' user='osm_generator' visible='true' version='1' changeset='1' lat='47.6255193' lon='37.79684869' />
  <node id='431' timestamp='2026-06-02T00:00:00Z' uid='1' user='osm_generator' visible='true' version='1' changeset='1' lat='47.6255193' lon='37.79284929' />
  <node id='432' timestamp='2026-06-02T00:00:00Z' uid='1' user='osm_generator' visible='true' version='1' changeset='1' lat='47.62364871' lon='37.78496615' />
  <node id='433' timestamp='2026-06-02T00:00:00Z' uid='1' user='osm_generator' visible='true' version='1' changeset='1' lat='47.62336093' lon='37.78384625' />
  <node id='434' timestamp='2026-06-02T00:00:00Z' uid='1' user='osm_generator' visible='true' version='1' changeset='1' lat='47.62321704' lon='37.78377424' />
  <node id='435' timestamp='2026-06-02T00:00:00Z' uid='1' user='osm_generator' visible='true' version='1' changeset='1' lat='47.61670595' lon='37.78377424' />
  <node id='436' timestamp='2026-06-02T00:00:00Z' uid='1' user='osm_generator' visible='true' version='1' changeset='1' lat='47.61670595' lon='37.79684869' />
  <node id='437' timestamp='2026-06-02T00:00:00Z' uid='1' user='osm_generator' visible='true' version='1' changeset='1' lat='47.61631025' lon='37.79684869' />
  <node id='438' timestamp='2026-06-02T00:00:00Z' uid='1' user='osm_generator' visible='true' version='1' changeset='1' lat='47.61631025' lon='37.78377424' />
  <node id='439' timestamp='2026-06-02T00:00:00Z' uid='1' user='osm_generator' visible='true' version='1' changeset='1' lat='47.6074969' lon='37.78377424' />
  <node id='440' timestamp='2026-06-02T00:00:00Z' uid='1' user='osm_generator' visible='true' version='1' changeset='1' lat='47.6074969' lon='37.79684869' />
  <node id='441' timestamp='2026-06-02T00:00:00Z' uid='1' user='osm_generator' visible='true' version='1' changeset='1' lat='47.59789214' lon='37.79684869' />
  <node id='442' timestamp='2026-06-02T00:00:00Z' uid='1' user='osm_generator' visible='true' version='1' changeset='1' lat='47.59789214' lon='37.78377424' />
  <node id='443' timestamp='2026-06-02T00:00:00Z' uid='1' user='osm_generator' visible='true' version='1' changeset='1' lat='47.59018496' lon='37.78377424' />
  <node id='444' timestamp='2026-06-02T00:00:00Z' uid='1' user='osm_generator' visible='true' version='1' changeset='1' lat='47.59018496' lon='37.79684869' />
  <node id='445' timestamp='2026-06-02T00:00:00Z' uid='1' user='osm_generator' visible='true' version='1' changeset='1' lat='47.59007704' lon='37.7953011' />
  <node id='446' timestamp='2026-06-02T00:00:00Z' uid='1' user='osm_generator' visible='true' version='1' changeset='1' lat='47.59007704' lon='37.78532182' />
  <node id='447' timestamp='2026-06-02T00:00:00Z' uid='1' user='osm_generator' visible='true' version='1' changeset='1' lat='47.58914174' lon='37.78532182' />
  <node id='448' timestamp='2026-06-02T00:00:00Z' uid='1' user='osm_generator' visible='true' version='1' changeset='1' lat='47.58914174' lon='37.7953011' />
  <node id='449' timestamp='2026-06-02T00:00:00Z' uid='1' user='osm_generator' visible='true' version='1' changeset='1' lat='47.65239103' lon='37.79722224' />
  <node id='450' timestamp='2026-06-02T00:00:00Z' uid='1' user='osm_generator' visible='true' version='1' changeset='1' lat='47.65239103' lon='37.81072362' />
  <node id='451' timestamp='2026-06-02T00:00:00Z' uid='1' user='osm_generator' visible='true' version='1' changeset='1' lat='47.64879375' lon='37.81072362' />
  <node id='452' timestamp='2026-06-02T00:00:00Z' uid='1' user='osm_generator' visible='true' version='1' changeset='1' lat='47.64879375' lon='37.79722224' />
  <node id='453' timestamp='2026-06-02T00:00:00Z' uid='1' user='osm_generator' visible='true' version='1' changeset='1' lat='47.64868583' lon='37.79722224' />
  <node id='454' timestamp='2026-06-02T00:00:00Z' uid='1' user='osm_generator' visible='true' version='1' changeset='1' lat='47.64868583' lon='37.81072362' />
  <node id='455' timestamp='2026-06-02T00:00:00Z' uid='1' user='osm_generator' visible='true' version='1' changeset='1' lat='47.64494465' lon='37.81072362' />
  <node id='456' timestamp='2026-06-02T00:00:00Z' uid='1' user='osm_generator' visible='true' version='1' changeset='1' lat='47.64494465' lon='37.79722224' />
  <node id='461' timestamp='2026-06-02T00:00:00Z' uid='1' user='osm_generator' visible='true' version='1' changeset='1' lat='47.63472836' lon='37.7974357' />
  <node id='462' timestamp='2026-06-02T00:00:00Z' uid='1' user='osm_generator' visible='true' version='1' changeset='1' lat='47.62825324' lon='37.7974357' />
  <node id='463' timestamp='2026-06-02T00:00:00Z' uid='1' user='osm_generator' visible='true' version='1' changeset='1' lat='47.62911659' lon='37.80049556' />
  <node id='464' timestamp='2026-06-02T00:00:00Z' uid='1' user='osm_generator' visible='true' version='1' changeset='1' lat='47.62983605' lon='37.8026801' />
  <node id='465' timestamp='2026-06-02T00:00:00Z' uid='1' user='osm_generator' visible='true' version='1' changeset='1' lat='47.63069939' lon='37.80480873' />
  <node id='466' timestamp='2026-06-02T00:00:00Z' uid='1' user='osm_generator' visible='true' version='1' changeset='1' lat='47.63141885' lon='37.80612305' />
  <node id='467' timestamp='2026-06-02T00:00:00Z' uid='1' user='osm_generator' visible='true' version='1' changeset='1' lat='47.63185053' lon='37.80669659' />
  <node id='468' timestamp='2026-06-02T00:00:00Z' uid='1' user='osm_generator' visible='true' version='1' changeset='1' lat='47.63213831' lon='37.80698613' />
  <node id='469' timestamp='2026-06-02T00:00:00Z' uid='1' user='osm_generator' visible='true' version='1' changeset='1' lat='47.63271388' lon='37.80733772' />
  <node id='470' timestamp='2026-06-02T00:00:00Z' uid='1' user='osm_generator' visible='true' version='1' changeset='1' lat='47.63300166' lon='37.80739845' />
  <node id='471' timestamp='2026-06-02T00:00:00Z' uid='1' user='osm_generator' visible='true' version='1' changeset='1' lat='47.63472836' lon='37.80740164' />
  <node id='472' timestamp='2026-06-02T00:00:00Z' uid='1' user='osm_generator' visible='true' version='1' changeset='1' lat='47.63012383' lon='37.81051016' />
  <node id='473' timestamp='2026-06-02T00:00:00Z' uid='1' user='osm_generator' visible='true' version='1' changeset='1' lat='47.63012383' lon='37.81025685' />
  <node id='474' timestamp='2026-06-02T00:00:00Z' uid='1' user='osm_generator' visible='true' version='1' changeset='1' lat='47.62940437' lon='37.80821477' />
  <node id='475' timestamp='2026-06-02T00:00:00Z' uid='1' user='osm_generator' visible='true' version='1' changeset='1' lat='47.62854102' lon='37.80531953' />
  <node id='476' timestamp='2026-06-02T00:00:00Z' uid='1' user='osm_generator' visible='true' version='1' changeset='1' lat='47.62767767' lon='37.80203214' />
  <node id='477' timestamp='2026-06-02T00:00:00Z' uid='1' user='osm_generator' visible='true' version='1' changeset='1' lat='47.62667043' lon='37.79784996' />
  <node id='478' timestamp='2026-06-02T00:00:00Z' uid='1' user='osm_generator' visible='true' version='1' changeset='1' lat='47.62652654' lon='37.7974357' />
  <node id='479' timestamp='2026-06-02T00:00:00Z' uid='1' user='osm_generator' visible='true' version='1' changeset='1' lat='47.625915' lon='37.7974357' />
  <node id='480' timestamp='2026-06-02T00:00:00Z' uid='1' user='osm_generator' visible='true' version='1' changeset='1' lat='47.625915' lon='37.81051016' />
  <node id='481' timestamp='2026-06-02T00:00:00Z' uid='1' user='osm_generator' visible='true' version='1' changeset='1' lat='47.6255193' lon='37.81051016' />
  <node id='482' timestamp='2026-06-02T00:00:00Z' uid='1' user='osm_generator' visible='true' version='1' changeset='1' lat='47.6255193' lon='37.7974357' />
  <node id='483' timestamp='2026-06-02T00:00:00Z' uid='1' user='osm_generator' visible='true' version='1' changeset='1' lat='47.61670595' lon='37.7974357' />
  <node id='484' timestamp='2026-06-02T00:00:00Z' uid='1' user='osm_generator' visible='true' version='1' changeset='1' lat='47.61670595' lon='37.81051016' />
  <node id='485' timestamp='2026-06-02T00:00:00Z' uid='1' user='osm_generator' visible='true' version='1' changeset='1' lat='47.61631025' lon='37.81051016' />
  <node id='486' timestamp='2026-06-02T00:00:00Z' uid='1' user='osm_generator' visible='true' version='1' changeset='1' lat='47.61631025' lon='37.7974357' />
  <node id='487' timestamp='2026-06-02T00:00:00Z' uid='1' user='osm_generator' visible='true' version='1' changeset='1' lat='47.6074969' lon='37.7974357' />
  <node id='488' timestamp='2026-06-02T00:00:00Z' uid='1' user='osm_generator' visible='true' version='1' changeset='1' lat='47.6074969' lon='37.81051016' />
  <node id='489' timestamp='2026-06-02T00:00:00Z' uid='1' user='osm_generator' visible='true' version='1' changeset='1' lat='47.59789214' lon='37.81051016' />
  <node id='490' timestamp='2026-06-02T00:00:00Z' uid='1' user='osm_generator' visible='true' version='1' changeset='1' lat='47.59789214' lon='37.7974357' />
  <node id='491' timestamp='2026-06-02T00:00:00Z' uid='1' user='osm_generator' visible='true' version='1' changeset='1' lat='47.59179654' lon='37.7974357' />
  <node id='492' timestamp='2026-06-02T00:00:00Z' uid='1' user='osm_generator' visible='true' version='1' changeset='1' lat='47.59179654' lon='37.81051016' />
  <node id='493' timestamp='2026-06-02T00:00:00Z' uid='1' user='osm_generator' visible='true' version='1' changeset='1' lat='47.59168862' lon='37.80184366' />
  <node id='494' timestamp='2026-06-02T00:00:00Z' uid='1' user='osm_generator' visible='true' version='1' changeset='1' lat='47.59168862' lon='37.7974357' />
  <node id='495' timestamp='2026-06-02T00:00:00Z' uid='1' user='osm_generator' visible='true' version='1' changeset='1' lat='47.58914174' lon='37.7974357' />
  <node id='496' timestamp='2026-06-02T00:00:00Z' uid='1' user='osm_generator' visible='true' version='1' changeset='1' lat='47.58914174' lon='37.80184366' />
  <node id='497' timestamp='2026-06-02T00:00:00Z' uid='1' user='osm_generator' visible='true' version='1' changeset='1' lat='47.59168862' lon='37.81051016' />
  <node id='498' timestamp='2026-06-02T00:00:00Z' uid='1' user='osm_generator' visible='true' version='1' changeset='1' lat='47.59168862' lon='37.8061022' />
  <node id='499' timestamp='2026-06-02T00:00:00Z' uid='1' user='osm_generator' visible='true' version='1' changeset='1' lat='47.58914174' lon='37.8061022' />
  <node id='500' timestamp='2026-06-02T00:00:00Z' uid='1' user='osm_generator' visible='true' version='1' changeset='1' lat='47.58914174' lon='37.81051016' />
  <node id='501' timestamp='2026-06-02T00:00:00Z' uid='1' user='osm_generator' visible='true' version='1' changeset='1' lat='47.65239103' lon='37.81088371' />
  <node id='502' timestamp='2026-06-02T00:00:00Z' uid='1' user='osm_generator' visible='true' version='1' changeset='1' lat='47.65239103' lon='37.82305096' />
  <node id='503' timestamp='2026-06-02T00:00:00Z' uid='1' user='osm_generator' visible='true' version='1' changeset='1' lat='47.65109601' lon='37.82305096' />
  <node id='504' timestamp='2026-06-02T00:00:00Z' uid='1' user='osm_generator' visible='true' version='1' changeset='1' lat='47.65109601' lon='37.81088371' />
  <node id='505' timestamp='2026-06-02T00:00:00Z' uid='1' user='osm_generator' visible='true' version='1' changeset='1' lat='47.65098809' lon='37.81088371' />
  <node id='506' timestamp='2026-06-02T00:00:00Z' uid='1' user='osm_generator' visible='true' version='1' changeset='1' lat='47.65098809' lon='37.82305096' />
  <node id='507' timestamp='2026-06-02T00:00:00Z' uid='1' user='osm_generator' visible='true' version='1' changeset='1' lat='47.64879375' lon='37.82305096' />
  <node id='508' timestamp='2026-06-02T00:00:00Z' uid='1' user='osm_generator' visible='true' version='1' changeset='1' lat='47.64879375' lon='37.81088371' />
  <node id='509' timestamp='2026-06-02T00:00:00Z' uid='1' user='osm_generator' visible='true' version='1' changeset='1' lat='47.64868583' lon='37.81088371' />
  <node id='510' timestamp='2026-06-02T00:00:00Z' uid='1' user='osm_generator' visible='true' version='1' changeset='1' lat='47.64868583' lon='37.82305096' />
  <node id='511' timestamp='2026-06-02T00:00:00Z' uid='1' user='osm_generator' visible='true' version='1' changeset='1' lat='47.64649148' lon='37.82305096' />
  <node id='512' timestamp='2026-06-02T00:00:00Z' uid='1' user='osm_generator' visible='true' version='1' changeset='1' lat='47.64649148' lon='37.81088371' />
  <node id='513' timestamp='2026-06-02T00:00:00Z' uid='1' user='osm_generator' visible='true' version='1' changeset='1' lat='47.64638356' lon='37.81088371' />
  <node id='514' timestamp='2026-06-02T00:00:00Z' uid='1' user='osm_generator' visible='true' version='1' changeset='1' lat='47.64638356' lon='37.82305096' />
  <node id='515' timestamp='2026-06-02T00:00:00Z' uid='1' user='osm_generator' visible='true' version='1' changeset='1' lat='47.64494465' lon='37.82305096' />
  <node id='516' timestamp='2026-06-02T00:00:00Z' uid='1' user='osm_generator' visible='true' version='1' changeset='1' lat='47.64494465' lon='37.81088371' />
  <node id='521' timestamp='2026-06-02T00:00:00Z' uid='1' user='osm_generator' visible='true' version='1' changeset='1' lat='47.63472836' lon='37.82305096' />
  <node id='522' timestamp='2026-06-02T00:00:00Z' uid='1' user='osm_generator' visible='true' version='1' changeset='1' lat='47.63472836' lon='37.81420569' />
  <node id='523' timestamp='2026-06-02T00:00:00Z' uid='1' user='osm_generator' visible='true' version='1' changeset='1' lat='47.63300166' lon='37.8142025' />
  <node id='524' timestamp='2026-06-02T00:00:00Z' uid='1' user='osm_generator' visible='true' version='1' changeset='1' lat='47.63271388' lon='37.81414178' />
  <node id='525' timestamp='2026-06-02T00:00:00Z' uid='1' user='osm_generator' visible='true' version='1' changeset='1' lat='47.6322822' lon='37.81390668' />
  <node id='526' timestamp='2026-06-02T00:00:00Z' uid='1' user='osm_generator' visible='true' version='1' changeset='1' lat='47.63185053' lon='37.81350064' />
  <node id='527' timestamp='2026-06-02T00:00:00Z' uid='1' user='osm_generator' visible='true' version='1' changeset='1' lat='47.63141885' lon='37.8129271' />
  <node id='528' timestamp='2026-06-02T00:00:00Z' uid='1' user='osm_generator' visible='true' version='1' changeset='1' lat='47.63041161' lon='37.81109717' />
  <node id='529' timestamp='2026-06-02T00:00:00Z' uid='1' user='osm_generator' visible='true' version='1' changeset='1' lat='47.625915' lon='37.81109717' />
  <node id='530' timestamp='2026-06-02T00:00:00Z' uid='1' user='osm_generator' visible='true' version='1' changeset='1' lat='47.625915' lon='37.82305096' />
  <node id='531' timestamp='2026-06-02T00:00:00Z' uid='1' user='osm_generator' visible='true' version='1' changeset='1' lat='47.6255193' lon='37.82305096' />
  <node id='532' timestamp='2026-06-02T00:00:00Z' uid='1' user='osm_generator' visible='true' version='1' changeset='1' lat='47.6255193' lon='37.81109717' />
  <node id='533' timestamp='2026-06-02T00:00:00Z' uid='1' user='osm_generator' visible='true' version='1' changeset='1' lat='47.61670595' lon='37.81109717' />
  <node id='534' timestamp='2026-06-02T00:00:00Z' uid='1' user='osm_generator' visible='true' version='1' changeset='1' lat='47.61670595' lon='37.82305096' />
  <node id='535' timestamp='2026-06-02T00:00:00Z' uid='1' user='osm_generator' visible='true' version='1' changeset='1' lat='47.61631025' lon='37.82305096' />
  <node id='536' timestamp='2026-06-02T00:00:00Z' uid='1' user='osm_generator' visible='true' version='1' changeset='1' lat='47.61631025' lon='37.81109717' />
  <node id='537' timestamp='2026-06-02T00:00:00Z' uid='1' user='osm_generator' visible='true' version='1' changeset='1' lat='47.6074969' lon='37.81109717' />
  <node id='538' timestamp='2026-06-02T00:00:00Z' uid='1' user='osm_generator' visible='true' version='1' changeset='1' lat='47.6074969' lon='37.82305096' />
  <node id='539' timestamp='2026-06-02T00:00:00Z' uid='1' user='osm_generator' visible='true' version='1' changeset='1' lat='47.6071012' lon='37.82305096' />
  <node id='540' timestamp='2026-06-02T00:00:00Z' uid='1' user='osm_generator' visible='true' version='1' changeset='1' lat='47.6071012' lon='37.81109717' />
  <node id='541' timestamp='2026-06-02T00:00:00Z' uid='1' user='osm_generator' visible='true' version='1' changeset='1' lat='47.59828784' lon='37.81109717' />
  <node id='542' timestamp='2026-06-02T00:00:00Z' uid='1' user='osm_generator' visible='true' version='1' changeset='1' lat='47.59828784' lon='37.82305096' />
  <node id='543' timestamp='2026-06-02T00:00:00Z' uid='1' user='osm_generator' visible='true' version='1' changeset='1' lat='47.59789214' lon='37.82305096' />
  <node id='544' timestamp='2026-06-02T00:00:00Z' uid='1' user='osm_generator' visible='true' version='1' changeset='1' lat='47.59789214' lon='37.81109717' />
  <node id='545' timestamp='2026-06-02T00:00:00Z' uid='1' user='osm_generator' visible='true' version='1' changeset='1' lat='47.58914174' lon='37.81109717' />
  <node id='546' timestamp='2026-06-02T00:00:00Z' uid='1' user='osm_generator' visible='true' version='1' changeset='1' lat='47.58914174' lon='37.82305096' />
  <node id='547' timestamp='2026-06-02T00:00:00Z' uid='1' user='osm_generator' visible='true' version='1' changeset='1' lat='47.58837732' lon='37.71678175' />
  <node id='548' timestamp='2026-06-02T00:00:00Z' uid='1' user='osm_generator' visible='true' version='1' changeset='1' lat='47.58837732' lon='37.72714941' />
  <node id='549' timestamp='2026-06-02T00:00:00Z' uid='1' user='osm_generator' visible='true' version='1' changeset='1' lat='47.58506782' lon='37.72714941' />
  <node id='550' timestamp='2026-06-02T00:00:00Z' uid='1' user='osm_generator' visible='true' version='1' changeset='1' lat='47.58506782' lon='37.71678175' />
  <node id='551' timestamp='2026-06-02T00:00:00Z' uid='1' user='osm_generator' visible='true' version='1' changeset='1' lat='47.58478003' lon='37.72223982' />
  <node id='552' timestamp='2026-06-02T00:00:00Z' uid='1' user='osm_generator' visible='true' version='1' changeset='1' lat='47.58478003' lon='37.73260747' />
  <node id='553' timestamp='2026-06-02T00:00:00Z' uid='1' user='osm_generator' visible='true' version='1' changeset='1' lat='47.58147053' lon='37.73260747' />
  <node id='554' timestamp='2026-06-02T00:00:00Z' uid='1' user='osm_generator' visible='true' version='1' changeset='1' lat='47.58147053' lon='37.72223982' />
  <node id='555' timestamp='2026-06-02T00:00:00Z' uid='1' user='osm_generator' visible='true' version='1' changeset='1' lat='47.58837732' lon='37.73861401' />
  <node id='556' timestamp='2026-06-02T00:00:00Z' uid='1' user='osm_generator' visible='true' version='1' changeset='1' lat='47.58837732' lon='37.7435236' />
  <node id='557' timestamp='2026-06-02T00:00:00Z' uid='1' user='osm_generator' visible='true' version='1' changeset='1' lat='47.58147053' lon='37.7435236' />
  <node id='558' timestamp='2026-06-02T00:00:00Z' uid='1' user='osm_generator' visible='true' version='1' changeset='1' lat='47.58147053' lon='37.73861401' />
  <node id='559' timestamp='2026-06-02T00:00:00Z' uid='1' user='osm_generator' visible='true' version='1' changeset='1' lat='47.58478003' lon='37.71678175' />
  <node id='560' timestamp='2026-06-02T00:00:00Z' uid='1' user='osm_generator' visible='true' version='1' changeset='1' lat='47.58478003' lon='37.72169134' />
  <node id='561' timestamp='2026-06-02T00:00:00Z' uid='1' user='osm_generator' visible='true' version='1' changeset='1' lat='47.58147053' lon='37.72169134' />
  <node id='562' timestamp='2026-06-02T00:00:00Z' uid='1' user='osm_generator' visible='true' version='1' changeset='1' lat='47.58147053' lon='37.71678175' />
  <node id='563' timestamp='2026-06-02T00:00:00Z' uid='1' user='osm_generator' visible='true' version='1' changeset='1' lat='47.58837732' lon='37.72769788' />
  <node id='564' timestamp='2026-06-02T00:00:00Z' uid='1' user='osm_generator' visible='true' version='1' changeset='1' lat='47.58837732' lon='37.73260747' />
  <node id='565' timestamp='2026-06-02T00:00:00Z' uid='1' user='osm_generator' visible='true' version='1' changeset='1' lat='47.58506782' lon='37.73260747' />
  <node id='566' timestamp='2026-06-02T00:00:00Z' uid='1' user='osm_generator' visible='true' version='1' changeset='1' lat='47.58506782' lon='37.72769788' />
  <node id='567' timestamp='2026-06-02T00:00:00Z' uid='1' user='osm_generator' visible='true' version='1' changeset='1' lat='47.58837732' lon='37.73315595' />
  <node id='568' timestamp='2026-06-02T00:00:00Z' uid='1' user='osm_generator' visible='true' version='1' changeset='1' lat='47.58837732' lon='37.73806554' />
  <node id='569' timestamp='2026-06-02T00:00:00Z' uid='1' user='osm_generator' visible='true' version='1' changeset='1' lat='47.58506782' lon='37.73806554' />
  <node id='570' timestamp='2026-06-02T00:00:00Z' uid='1' user='osm_generator' visible='true' version='1' changeset='1' lat='47.58506782' lon='37.73315595' />
  <node id='571' timestamp='2026-06-02T00:00:00Z' uid='1' user='osm_generator' visible='true' version='1' changeset='1' lat='47.58478003' lon='37.73315595' />
  <node id='572' timestamp='2026-06-02T00:00:00Z' uid='1' user='osm_generator' visible='true' version='1' changeset='1' lat='47.58478003' lon='37.73806554' />
  <node id='573' timestamp='2026-06-02T00:00:00Z' uid='1' user='osm_generator' visible='true' version='1' changeset='1' lat='47.58147053' lon='37.73806554' />
  <node id='574' timestamp='2026-06-02T00:00:00Z' uid='1' user='osm_generator' visible='true' version='1' changeset='1' lat='47.58147053' lon='37.73315595' />
  <node id='575' timestamp='2026-06-02T00:00:00Z' uid='1' user='osm_generator' visible='true' version='1' changeset='1' lat='47.58846725' lon='37.74387789' />
  <node id='576' timestamp='2026-06-02T00:00:00Z' uid='1' user='osm_generator' visible='true' version='1' changeset='1' lat='47.58846725' lon='37.75463392' />
  <node id='577' timestamp='2026-06-02T00:00:00Z' uid='1' user='osm_generator' visible='true' version='1' changeset='1' lat='47.58497788' lon='37.75463392' />
  <node id='578' timestamp='2026-06-02T00:00:00Z' uid='1' user='osm_generator' visible='true' version='1' changeset='1' lat='47.58497788' lon='37.74387789' />
  <node id='579' timestamp='2026-06-02T00:00:00Z' uid='1' user='osm_generator' visible='true' version='1' changeset='1' lat='47.58486997' lon='37.74387789' />
  <node id='580' timestamp='2026-06-02T00:00:00Z' uid='1' user='osm_generator' visible='true' version='1' changeset='1' lat='47.58486997' lon='37.75463392' />
  <node id='581' timestamp='2026-06-02T00:00:00Z' uid='1' user='osm_generator' visible='true' version='1' changeset='1' lat='47.5813806' lon='37.75463392' />
  <node id='582' timestamp='2026-06-02T00:00:00Z' uid='1' user='osm_generator' visible='true' version='1' changeset='1' lat='47.5813806' lon='37.74387789' />
  <node id='583' timestamp='2026-06-02T00:00:00Z' uid='1' user='osm_generator' visible='true' version='1' changeset='1' lat='47.58846725' lon='37.75479402' />
  <node id='584' timestamp='2026-06-02T00:00:00Z' uid='1' user='osm_generator' visible='true' version='1' changeset='1' lat='47.58846725' lon='37.76009199' />
  <node id='585' timestamp='2026-06-02T00:00:00Z' uid='1' user='osm_generator' visible='true' version='1' changeset='1' lat='47.58677653' lon='37.76009199' />
  <node id='586' timestamp='2026-06-02T00:00:00Z' uid='1' user='osm_generator' visible='true' version='1' changeset='1' lat='47.58677653' lon='37.75479402' />
  <node id='587' timestamp='2026-06-02T00:00:00Z' uid='1' user='osm_generator' visible='true' version='1' changeset='1' lat='47.58666861' lon='37.75752305' />
  <node id='588' timestamp='2026-06-02T00:00:00Z' uid='1' user='osm_generator' visible='true' version='1' changeset='1' lat='47.58666861' lon='37.76282102' />
  <node id='589' timestamp='2026-06-02T00:00:00Z' uid='1' user='osm_generator' visible='true' version='1' changeset='1' lat='47.58497788' lon='37.76282102' />
  <node id='590' timestamp='2026-06-02T00:00:00Z' uid='1' user='osm_generator' visible='true' version='1' changeset='1' lat='47.58497788' lon='37.75752305' />
  <node id='591' timestamp='2026-06-02T00:00:00Z' uid='1' user='osm_generator' visible='true' version='1' changeset='1' lat='47.58307132' lon='37.75752305' />
  <node id='592' timestamp='2026-06-02T00:00:00Z' uid='1' user='osm_generator' visible='true' version='1' changeset='1' lat='47.58307132' lon='37.76282102' />
  <node id='593' timestamp='2026-06-02T00:00:00Z' uid='1' user='osm_generator' visible='true' version='1' changeset='1' lat='47.5813806' lon='37.76282102' />
  <node id='594' timestamp='2026-06-02T00:00:00Z' uid='1' user='osm_generator' visible='true' version='1' changeset='1' lat='47.5813806' lon='37.75752305' />
  <node id='595' timestamp='2026-06-02T00:00:00Z' uid='1' user='osm_generator' visible='true' version='1' changeset='1' lat='47.58666861' lon='37.75479402' />
  <node id='596' timestamp='2026-06-02T00:00:00Z' uid='1' user='osm_generator' visible='true' version='1' changeset='1' lat='47.58666861' lon='37.75736295' />
  <node id='597' timestamp='2026-06-02T00:00:00Z' uid='1' user='osm_generator' visible='true' version='1' changeset='1' lat='47.58317924' lon='37.75736295' />
  <node id='598' timestamp='2026-06-02T00:00:00Z' uid='1' user='osm_generator' visible='true' version='1' changeset='1' lat='47.58317924' lon='37.75479402' />
  <node id='599' timestamp='2026-06-02T00:00:00Z' uid='1' user='osm_generator' visible='true' version='1' changeset='1' lat='47.58486997' lon='37.76298111' />
  <node id='600' timestamp='2026-06-02T00:00:00Z' uid='1' user='osm_generator' visible='true' version='1' changeset='1' lat='47.58486997' lon='37.76555005' />
  <node id='601' timestamp='2026-06-02T00:00:00Z' uid='1' user='osm_generator' visible='true' version='1' changeset='1' lat='47.5813806' lon='37.76555005' />
  <node id='602' timestamp='2026-06-02T00:00:00Z' uid='1' user='osm_generator' visible='true' version='1' changeset='1' lat='47.5813806' lon='37.76298111' />
  <node id='603' timestamp='2026-06-02T00:00:00Z' uid='1' user='osm_generator' visible='true' version='1' changeset='1' lat='47.58307132' lon='37.75479402' />
  <node id='604' timestamp='2026-06-02T00:00:00Z' uid='1' user='osm_generator' visible='true' version='1' changeset='1' lat='47.58307132' lon='37.75736295' />
  <node id='605' timestamp='2026-06-02T00:00:00Z' uid='1' user='osm_generator' visible='true' version='1' changeset='1' lat='47.5813806' lon='37.75736295' />
  <node id='606' timestamp='2026-06-02T00:00:00Z' uid='1' user='osm_generator' visible='true' version='1' changeset='1' lat='47.5813806' lon='37.75479402' />
  <node id='607' timestamp='2026-06-02T00:00:00Z' uid='1' user='osm_generator' visible='true' version='1' changeset='1' lat='47.58486997' lon='37.75752305' />
  <node id='608' timestamp='2026-06-02T00:00:00Z' uid='1' user='osm_generator' visible='true' version='1' changeset='1' lat='47.58486997' lon='37.76009199' />
  <node id='609' timestamp='2026-06-02T00:00:00Z' uid='1' user='osm_generator' visible='true' version='1' changeset='1' lat='47.58317924' lon='37.76009199' />
  <node id='610' timestamp='2026-06-02T00:00:00Z' uid='1' user='osm_generator' visible='true' version='1' changeset='1' lat='47.58317924' lon='37.75752305' />
  <node id='611' timestamp='2026-06-02T00:00:00Z' uid='1' user='osm_generator' visible='true' version='1' changeset='1' lat='47.58846725' lon='37.76025208' />
  <node id='612' timestamp='2026-06-02T00:00:00Z' uid='1' user='osm_generator' visible='true' version='1' changeset='1' lat='47.58846725' lon='37.76282102' />
  <node id='613' timestamp='2026-06-02T00:00:00Z' uid='1' user='osm_generator' visible='true' version='1' changeset='1' lat='47.58677653' lon='37.76282102' />
  <node id='614' timestamp='2026-06-02T00:00:00Z' uid='1' user='osm_generator' visible='true' version='1' changeset='1' lat='47.58677653' lon='37.76025208' />
  <node id='615' timestamp='2026-06-02T00:00:00Z' uid='1' user='osm_generator' visible='true' version='1' changeset='1' lat='47.58486997' lon='37.76025208' />
  <node id='616' timestamp='2026-06-02T00:00:00Z' uid='1' user='osm_generator' visible='true' version='1' changeset='1' lat='47.58486997' lon='37.76282102' />
  <node id='617' timestamp='2026-06-02T00:00:00Z' uid='1' user='osm_generator' visible='true' version='1' changeset='1' lat='47.58317924' lon='37.76282102' />
  <node id='618' timestamp='2026-06-02T00:00:00Z' uid='1' user='osm_generator' visible='true' version='1' changeset='1' lat='47.58317924' lon='37.76025208' />
  <node id='619' timestamp='2026-06-02T00:00:00Z' uid='1' user='osm_generator' visible='true' version='1' changeset='1' lat='47.58846725' lon='37.76298111' />
  <node id='620' timestamp='2026-06-02T00:00:00Z' uid='1' user='osm_generator' visible='true' version='1' changeset='1' lat='47.58846725' lon='37.76555005' />
  <node id='621' timestamp='2026-06-02T00:00:00Z' uid='1' user='osm_generator' visible='true' version='1' changeset='1' lat='47.58677653' lon='37.76555005' />
  <node id='622' timestamp='2026-06-02T00:00:00Z' uid='1' user='osm_generator' visible='true' version='1' changeset='1' lat='47.58677653' lon='37.76298111' />
  <node id='623' timestamp='2026-06-02T00:00:00Z' uid='1' user='osm_generator' visible='true' version='1' changeset='1' lat='47.58666861' lon='37.76298111' />
  <node id='624' timestamp='2026-06-02T00:00:00Z' uid='1' user='osm_generator' visible='true' version='1' changeset='1' lat='47.58666861' lon='37.76555005' />
  <node id='625' timestamp='2026-06-02T00:00:00Z' uid='1' user='osm_generator' visible='true' version='1' changeset='1' lat='47.58497788' lon='37.76555005' />
  <node id='626' timestamp='2026-06-02T00:00:00Z' uid='1' user='osm_generator' visible='true' version='1' changeset='1' lat='47.58497788' lon='37.76298111' />
  <node id='627' timestamp='2026-06-02T00:00:00Z' uid='1' user='osm_generator' visible='true' version='1' changeset='1' lat='47.58666861' lon='37.77408847' />
  <node id='628' timestamp='2026-06-02T00:00:00Z' uid='1' user='osm_generator' visible='true' version='1' changeset='1' lat='47.58666861' lon='37.82305096' />
  <node id='629' timestamp='2026-06-02T00:00:00Z' uid='1' user='osm_generator' visible='true' version='1' changeset='1' lat='47.58497788' lon='37.82305096' />
  <node id='630' timestamp='2026-06-02T00:00:00Z' uid='1' user='osm_generator' visible='true' version='1' changeset='1' lat='47.58497788' lon='37.77408847' />
  <node id='631' timestamp='2026-06-02T00:00:00Z' uid='1' user='osm_generator' visible='true' version='1' changeset='1' lat='47.58486997' lon='37.77408847' />
  <node id='632' timestamp='2026-06-02T00:00:00Z' uid='1' user='osm_generator' visible='true' version='1' changeset='1' lat='47.58486997' lon='37.79848966' />
  <node id='633' timestamp='2026-06-02T00:00:00Z' uid='1' user='osm_generator' visible='true' version='1' changeset='1' lat='47.5813806' lon='37.79848966' />
  <node id='634' timestamp='2026-06-02T00:00:00Z' uid='1' user='osm_generator' visible='true' version='1' changeset='1' lat='47.5813806' lon='37.77408847' />
  <node id='635' timestamp='2026-06-02T00:00:00Z' uid='1' user='osm_generator' visible='true' version='1' changeset='1' lat='47.58486997' lon='37.79864976' />
  <node id='636' timestamp='2026-06-02T00:00:00Z' uid='1' user='osm_generator' visible='true' version='1' changeset='1' lat='47.58486997' lon='37.82305096' />
  <node id='637' timestamp='2026-06-02T00:00:00Z' uid='1' user='osm_generator' visible='true' version='1' changeset='1' lat='47.5813806' lon='37.82305096' />
  <node id='638' timestamp='2026-06-02T00:00:00Z' uid='1' user='osm_generator' visible='true' version='1' changeset='1' lat='47.5813806' lon='37.79864976' />
  <node id='639' timestamp='2026-06-02T00:00:00Z' uid='1' user='osm_generator' visible='true' version='1' changeset='1' lat='47.58846725' lon='37.77408847' />
  <node id='640' timestamp='2026-06-02T00:00:00Z' uid='1' user='osm_generator' visible='true' version='1' changeset='1' lat='47.58846725' lon='37.79848966' />
  <node id='641' timestamp='2026-06-02T00:00:00Z' uid='1' user='osm_generator' visible='true' version='1' changeset='1' lat='47.58677653' lon='37.79848966' />
  <node id='642' timestamp='2026-06-02T00:00:00Z' uid='1' user='osm_generator' visible='true' version='1' changeset='1' lat='47.58677653' lon='37.77408847' />
  <node id='643' timestamp='2026-06-02T00:00:00Z' uid='1' user='osm_generator' visible='true' version='1' changeset='1' lat='47.58846725' lon='37.79864976' />
  <node id='644' timestamp='2026-06-02T00:00:00Z' uid='1' user='osm_generator' visible='true' version='1' changeset='1' lat='47.58846725' lon='37.82305096' />
  <node id='645' timestamp='2026-06-02T00:00:00Z' uid='1' user='osm_generator' visible='true' version='1' changeset='1' lat='47.58677653' lon='37.82305096' />
  <node id='646' timestamp='2026-06-02T00:00:00Z' uid='1' user='osm_generator' visible='true' version='1' changeset='1' lat='47.58677653' lon='37.79864976' />
  <node id='647' timestamp='2026-06-02T00:00:00Z' uid='1' user='osm_generator' visible='true' version='1' changeset='1' lat='47.60688536' lon='37.75677149' />
  <node id='648' timestamp='2026-06-02T00:00:00Z' uid='1' user='osm_generator' visible='true' version='1' changeset='1' lat='47.60688536' lon='37.76920556' />
  <node id='649' timestamp='2026-06-02T00:00:00Z' uid='1' user='osm_generator' visible='true' version='1' changeset='1' lat='47.59850368' lon='37.76920556' />
  <node id='650' timestamp='2026-06-02T00:00:00Z' uid='1' user='osm_generator' visible='true' version='1' changeset='1' lat='47.59850368' lon='37.75677149' />
  <node id='651' timestamp='2026-06-02T00:00:00Z' uid='1' user='osm_generator' visible='true' version='1' changeset='1' lat='47.60688536' lon='37.77043296' />
  <node id='652' timestamp='2026-06-02T00:00:00Z' uid='1' user='osm_generator' visible='true' version='1' changeset='1' lat='47.60688536' lon='37.78286703' />
  <node id='653' timestamp='2026-06-02T00:00:00Z' uid='1' user='osm_generator' visible='true' version='1' changeset='1' lat='47.59850368' lon='37.78286703' />
  <node id='654' timestamp='2026-06-02T00:00:00Z' uid='1' user='osm_generator' visible='true' version='1' changeset='1' lat='47.59850368' lon='37.77043296' />
  <node id='655' timestamp='2026-06-02T00:00:00Z' uid='1' user='osm_generator' visible='true' version='1' changeset='1' lat='47.60688536' lon='37.78409443' />
  <node id='656' timestamp='2026-06-02T00:00:00Z' uid='1' user='osm_generator' visible='true' version='1' changeset='1' lat='47.60688536' lon='37.7965285' />
  <node id='657' timestamp='2026-06-02T00:00:00Z' uid='1' user='osm_generator' visible='true' version='1' changeset='1' lat='47.59850368' lon='37.7965285' />
  <node id='658' timestamp='2026-06-02T00:00:00Z' uid='1' user='osm_generator' visible='true' version='1' changeset='1' lat='47.59850368' lon='37.78409443' />
  <node id='659' timestamp='2026-06-02T00:00:00Z' uid='1' user='osm_generator' visible='true' version='1' changeset='1' lat='47.60688536' lon='37.79775589' />
  <node id='660' timestamp='2026-06-02T00:00:00Z' uid='1' user='osm_generator' visible='true' version='1' changeset='1' lat='47.60688536' lon='37.81018996' />
  <node id='661' timestamp='2026-06-02T00:00:00Z' uid='1' user='osm_generator' visible='true' version='1' changeset='1' lat='47.59850368' lon='37.81018996' />
  <node id='662' timestamp='2026-06-02T00:00:00Z' uid='1' user='osm_generator' visible='true' version='1' changeset='1' lat='47.59850368' lon='37.79775589' />
  <node id='667' action='modify' timestamp='2026-06-02T00:00:00Z' uid='1' user='osm_generator' visible='true' version='1' changeset='1' lat='47.6436748078' lon='37.73054587898' />
  <node id='668' action='modify' timestamp='2026-06-02T00:00:00Z' uid='1' user='osm_generator' visible='true' version='1' changeset='1' lat='47.64298372314' lon='37.73054487737' />
  <node id='669' action='modify' timestamp='2026-06-02T00:00:00Z' uid='1' user='osm_generator' visible='true' version='1' changeset='1' lat='47.64183038052' lon='37.73054321238' />
  <node id='670' action='modify' timestamp='2026-06-02T00:00:00Z' uid='1' user='osm_generator' visible='true' version='1' changeset='1' lat='47.6406799377' lon='37.73054154077' />
  <node id='671' action='modify' timestamp='2026-06-02T00:00:00Z' uid='1' user='osm_generator' visible='true' version='1' changeset='1' lat='47.63953073176' lon='37.73053986886' />
  <node id='672' action='modify' timestamp='2026-06-02T00:00:00Z' uid='1' user='osm_generator' visible='true' version='1' changeset='1' lat='47.64367480894' lon='37.73224790602' />
  <node id='673' action='modify' timestamp='2026-06-02T00:00:00Z' uid='1' user='osm_generator' visible='true' version='1' changeset='1' lat='47.64298393507' lon='37.73224860028' />
  <node id='674' action='modify' timestamp='2026-06-02T00:00:00Z' uid='1' user='osm_generator' visible='true' version='1' changeset='1' lat='47.64183174823' lon='37.73224975944' />
  <node id='675' action='modify' timestamp='2026-06-02T00:00:00Z' uid='1' user='osm_generator' visible='true' version='1' changeset='1' lat='47.64068094266' lon='37.7322509154' />
  <node id='676' action='modify' timestamp='2026-06-02T00:00:00Z' uid='1' user='osm_generator' visible='true' version='1' changeset='1' lat='47.63953073084' lon='37.73225207116' />
  <node id='677' action='modify' timestamp='2026-06-02T00:00:00Z' uid='1' user='osm_generator' visible='true' version='1' changeset='1' lat='47.64367480996' lon='37.73395747751' />
  <node id='678' action='modify' timestamp='2026-06-02T00:00:00Z' uid='1' user='osm_generator' visible='true' version='1' changeset='1' lat='47.64298414767' lon='37.73395760726' />
  <node id='679' action='modify' timestamp='2026-06-02T00:00:00Z' uid='1' user='osm_generator' visible='true' version='1' changeset='1' lat='47.64183311715' lon='37.7339578233' />
  <node id='680' action='modify' timestamp='2026-06-02T00:00:00Z' uid='1' user='osm_generator' visible='true' version='1' changeset='1' lat='47.6406819463' lon='37.73395803964' />
  <node id='681' action='modify' timestamp='2026-06-02T00:00:00Z' uid='1' user='osm_generator' visible='true' version='1' changeset='1' lat='47.63953073003' lon='37.73395825598' />
  <node id='682' action='modify' timestamp='2026-06-02T00:00:00Z' uid='1' user='osm_generator' visible='true' version='1' changeset='1' lat='47.64367480791' lon='37.73566233185' />
  <node id='683' action='modify' timestamp='2026-06-02T00:00:00Z' uid='1' user='osm_generator' visible='true' version='1' changeset='1' lat='47.64298435985' lon='37.73566330926' />
  <node id='684' action='modify' timestamp='2026-06-02T00:00:00Z' uid='1' user='osm_generator' visible='true' version='1' changeset='1' lat='47.64183448531' lon='37.73566493578' />
  <node id='685' action='modify' timestamp='2026-06-02T00:00:00Z' uid='1' user='osm_generator' visible='true' version='1' changeset='1' lat='47.64068295076' lon='37.73566656606' />
  <node id='686' action='modify' timestamp='2026-06-02T00:00:00Z' uid='1' user='osm_generator' visible='true' version='1' changeset='1' lat='47.63953073167' lon='37.73566819648' />
  <node id='687' action='modify' timestamp='2026-06-02T00:00:00Z' uid='1' user='osm_generator' visible='true' version='1' changeset='1' lat='47.64298359539' lon='37.72951793015' />
  <node id='688' action='modify' timestamp='2026-06-02T00:00:00Z' uid='1' user='osm_generator' visible='true' version='1' changeset='1' lat='47.64298457256' lon='37.73737326988' />
  <node id='689' action='modify' timestamp='2026-06-02T00:00:00Z' uid='1' user='osm_generator' visible='true' version='1' changeset='1' lat='47.64182955881' lon='37.72951793608' />
  <node id='690' action='modify' timestamp='2026-06-02T00:00:00Z' uid='1' user='osm_generator' visible='true' version='1' changeset='1' lat='47.64183585445' lon='37.73737326496' />
  <node id='691' action='modify' timestamp='2026-06-02T00:00:00Z' uid='1' user='osm_generator' visible='true' version='1' changeset='1' lat='47.64067933592' lon='37.72951793327' />
  <node id='692' action='modify' timestamp='2026-06-02T00:00:00Z' uid='1' user='osm_generator' visible='true' version='1' changeset='1' lat='47.64068395414' lon='37.73737326729' />
  <node id='697' timestamp='2026-06-02T00:00:00Z' uid='1' user='osm_generator' visible='true' version='1' changeset='1' lat='47.58888094' lon='37.7656301' />
  <node id='698' timestamp='2026-06-02T00:00:00Z' uid='1' user='osm_generator' visible='true' version='1' changeset='1' lat='47.58888094' lon='37.77400842' />
  <node id='699' timestamp='2026-06-02T00:00:00Z' uid='1' user='osm_generator' visible='true' version='1' changeset='1' lat='47.58057121' lon='37.77400842' />
  <node id='700' timestamp='2026-06-02T00:00:00Z' uid='1' user='osm_generator' visible='true' version='1' changeset='1' lat='47.58057121' lon='37.7656301' />
  <node id='701' timestamp='2026-06-02T00:00:00Z' uid='1' user='osm_generator' visible='true' version='1' changeset='1' lat='47.64413526' lon='37.81413898' />
  <node id='702' timestamp='2026-06-02T00:00:00Z' uid='1' user='osm_generator' visible='true' version='1' changeset='1' lat='47.64384748' lon='37.81413898' />
  <node id='703' timestamp='2026-06-02T00:00:00Z' uid='1' user='osm_generator' visible='true' version='1' changeset='1' lat='47.64355969' lon='37.81413898' />
  <node id='704' timestamp='2026-06-02T00:00:00Z' uid='1' user='osm_generator' visible='true' version='1' changeset='1' lat='47.64327191' lon='37.81413898' />
  <node id='705' timestamp='2026-06-02T00:00:00Z' uid='1' user='osm_generator' visible='true' version='1' changeset='1' lat='47.64298413' lon='37.81413898' />
  <node id='706' timestamp='2026-06-02T00:00:00Z' uid='1' user='osm_generator' visible='true' version='1' changeset='1' lat='47.64269635' lon='37.81413898' />
  <node id='707' timestamp='2026-06-02T00:00:00Z' uid='1' user='osm_generator' visible='true' version='1' changeset='1' lat='47.64240856' lon='37.81413898' />
  <node id='708' timestamp='2026-06-02T00:00:00Z' uid='1' user='osm_generator' visible='true' version='1' changeset='1' lat='47.64212078' lon='37.81413898' />
  <node id='709' timestamp='2026-06-02T00:00:00Z' uid='1' user='osm_generator' visible='true' version='1' changeset='1' lat='47.641833' lon='37.81413898' />
  <node id='710' timestamp='2026-06-02T00:00:00Z' uid='1' user='osm_generator' visible='true' version='1' changeset='1' lat='47.64154521' lon='37.81413898' />
  <node id='711' timestamp='2026-06-02T00:00:00Z' uid='1' user='osm_generator' visible='true' version='1' changeset='1' lat='47.64143729' lon='37.81413898' />
  <node id='712' timestamp='2026-06-02T00:00:00Z' uid='1' user='osm_generator' visible='true' version='1' changeset='1' lat='47.64143729' lon='37.80746834' />
  <node id='713' timestamp='2026-06-02T00:00:00Z' uid='1' user='osm_generator' visible='true' version='1' changeset='1' lat='47.64172508' lon='37.80746834' />
  <node id='714' timestamp='2026-06-02T00:00:00Z' uid='1' user='osm_generator' visible='true' version='1' changeset='1' lat='47.64201286' lon='37.80746834' />
  <node id='715' timestamp='2026-06-02T00:00:00Z' uid='1' user='osm_generator' visible='true' version='1' changeset='1' lat='47.64230064' lon='37.80746834' />
  <node id='716' timestamp='2026-06-02T00:00:00Z' uid='1' user='osm_generator' visible='true' version='1' changeset='1' lat='47.64258843' lon='37.80746834' />
  <node id='717' timestamp='2026-06-02T00:00:00Z' uid='1' user='osm_generator' visible='true' version='1' changeset='1' lat='47.64287621' lon='37.80746834' />
  <node id='718' timestamp='2026-06-02T00:00:00Z' uid='1' user='osm_generator' visible='true' version='1' changeset='1' lat='47.64316399' lon='37.80746834' />
  <node id='719' timestamp='2026-06-02T00:00:00Z' uid='1' user='osm_generator' visible='true' version='1' changeset='1' lat='47.64345178' lon='37.80746834' />
  <node id='720' timestamp='2026-06-02T00:00:00Z' uid='1' user='osm_generator' visible='true' version='1' changeset='1' lat='47.64373956' lon='37.80746834' />
  <node id='721' timestamp='2026-06-02T00:00:00Z' uid='1' user='osm_generator' visible='true' version='1' changeset='1' lat='47.64402734' lon='37.80746834' />
  <node id='722' timestamp='2026-06-02T00:00:00Z' uid='1' user='osm_generator' visible='true' version='1' changeset='1' lat='47.64413526' lon='37.80746834' />
  <node id='724' timestamp='2026-06-02T00:00:00Z' uid='1' user='osm_generator' visible='true' version='1' changeset='1' lat='47.64110455' lon='37.81413898' />
  <node id='726' timestamp='2026-06-02T00:00:00Z' uid='1' user='osm_generator' visible='true' version='1' changeset='1' lat='47.64052898' lon='37.81413898' />
  <node id='727' timestamp='2026-06-02T00:00:00Z' uid='1' user='osm_generator' visible='true' version='1' changeset='1' lat='47.6402412' lon='37.81413898' />
  <node id='728' timestamp='2026-06-02T00:00:00Z' uid='1' user='osm_generator' visible='true' version='1' changeset='1' lat='47.63995341' lon='37.81413898' />
  <node id='729' timestamp='2026-06-02T00:00:00Z' uid='1' user='osm_generator' visible='true' version='1' changeset='1' lat='47.63966563' lon='37.81413898' />
  <node id='730' timestamp='2026-06-02T00:00:00Z' uid='1' user='osm_generator' visible='true' version='1' changeset='1' lat='47.63937785' lon='37.81413898' />
  <node id='731' timestamp='2026-06-02T00:00:00Z' uid='1' user='osm_generator' visible='true' version='1' changeset='1' lat='47.63909007' lon='37.81413898' />
  <node id='732' timestamp='2026-06-02T00:00:00Z' uid='1' user='osm_generator' visible='true' version='1' changeset='1' lat='47.63880228' lon='37.81413898' />
  <node id='733' timestamp='2026-06-02T00:00:00Z' uid='1' user='osm_generator' visible='true' version='1' changeset='1' lat='47.6385145' lon='37.81413898' />
  <node id='734' timestamp='2026-06-02T00:00:00Z' uid='1' user='osm_generator' visible='true' version='1' changeset='1' lat='47.63822672' lon='37.81413898' />
  <node id='735' timestamp='2026-06-02T00:00:00Z' uid='1' user='osm_generator' visible='true' version='1' changeset='1' lat='47.63793893' lon='37.81413898' />
  <node id='736' timestamp='2026-06-02T00:00:00Z' uid='1' user='osm_generator' visible='true' version='1' changeset='1' lat='47.63765115' lon='37.81413898' />
  <node id='737' timestamp='2026-06-02T00:00:00Z' uid='1' user='osm_generator' visible='true' version='1' changeset='1' lat='47.63736337' lon='37.81413898' />
  <node id='738' timestamp='2026-06-02T00:00:00Z' uid='1' user='osm_generator' visible='true' version='1' changeset='1' lat='47.63707559' lon='37.81413898' />
  <node id='741' timestamp='2026-06-02T00:00:00Z' uid='1' user='osm_generator' visible='true' version='1' changeset='1' lat='47.6371835' lon='37.80746834' />
  <node id='742' timestamp='2026-06-02T00:00:00Z' uid='1' user='osm_generator' visible='true' version='1' changeset='1' lat='47.63747129' lon='37.80746834' />
  <node id='743' timestamp='2026-06-02T00:00:00Z' uid='1' user='osm_generator' visible='true' version='1' changeset='1' lat='47.63775907' lon='37.80746834' />
  <node id='744' timestamp='2026-06-02T00:00:00Z' uid='1' user='osm_generator' visible='true' version='1' changeset='1' lat='47.63804685' lon='37.80746834' />
  <node id='745' timestamp='2026-06-02T00:00:00Z' uid='1' user='osm_generator' visible='true' version='1' changeset='1' lat='47.63833464' lon='37.80746834' />
  <node id='746' timestamp='2026-06-02T00:00:00Z' uid='1' user='osm_generator' visible='true' version='1' changeset='1' lat='47.63862242' lon='37.80746834' />
  <node id='747' timestamp='2026-06-02T00:00:00Z' uid='1' user='osm_generator' visible='true' version='1' changeset='1' lat='47.6389102' lon='37.80746834' />
  <node id='748' timestamp='2026-06-02T00:00:00Z' uid='1' user='osm_generator' visible='true' version='1' changeset='1' lat='47.63919798' lon='37.80746834' />
  <node id='749' timestamp='2026-06-02T00:00:00Z' uid='1' user='osm_generator' visible='true' version='1' changeset='1' lat='47.63948577' lon='37.80746834' />
  <node id='750' timestamp='2026-06-02T00:00:00Z' uid='1' user='osm_generator' visible='true' version='1' changeset='1' lat='47.63977355' lon='37.80746834' />
  <node id='751' timestamp='2026-06-02T00:00:00Z' uid='1' user='osm_generator' visible='true' version='1' changeset='1' lat='47.64006133' lon='37.80746834' />
  <node id='752' timestamp='2026-06-02T00:00:00Z' uid='1' user='osm_generator' visible='true' version='1' changeset='1' lat='47.64034912' lon='37.80746834' />
  <node id='754' timestamp='2026-06-02T00:00:00Z' uid='1' user='osm_generator' visible='true' version='1' changeset='1' lat='47.64092468' lon='37.80746834' />
  <node id='755' timestamp='2026-06-02T00:00:00Z' uid='1' user='osm_generator' visible='true' version='1' changeset='1' lat='47.64121246' lon='37.80746834' />
  <node id='757' timestamp='2026-06-02T00:00:00Z' uid='1' user='osm_generator' visible='true' version='1' changeset='1' lat='47.63685075' lon='37.81413898' />
  <node id='758' timestamp='2026-06-02T00:00:00Z' uid='1' user='osm_generator' visible='true' version='1' changeset='1' lat='47.63656297' lon='37.81413898' />
  <node id='759' timestamp='2026-06-02T00:00:00Z' uid='1' user='osm_generator' visible='true' version='1' changeset='1' lat='47.63627519' lon='37.81413898' />
  <node id='760' timestamp='2026-06-02T00:00:00Z' uid='1' user='osm_generator' visible='true' version='1' changeset='1' lat='47.63598741' lon='37.81413898' />
  <node id='761' timestamp='2026-06-02T00:00:00Z' uid='1' user='osm_generator' visible='true' version='1' changeset='1' lat='47.63569962' lon='37.81413898' />
  <node id='762' timestamp='2026-06-02T00:00:00Z' uid='1' user='osm_generator' visible='true' version='1' changeset='1' lat='47.63541184' lon='37.81413898' />
  <node id='763' timestamp='2026-06-02T00:00:00Z' uid='1' user='osm_generator' visible='true' version='1' changeset='1' lat='47.63512406' lon='37.81413898' />
  <node id='764' timestamp='2026-06-02T00:00:00Z' uid='1' user='osm_generator' visible='true' version='1' changeset='1' lat='47.63483627' lon='37.81413898' />
  <node id='765' timestamp='2026-06-02T00:00:00Z' uid='1' user='osm_generator' visible='true' version='1' changeset='1' lat='47.63454849' lon='37.81413898' />
  <node id='766' timestamp='2026-06-02T00:00:00Z' uid='1' user='osm_generator' visible='true' version='1' changeset='1' lat='47.63426071' lon='37.81413898' />
  <node id='767' timestamp='2026-06-02T00:00:00Z' uid='1' user='osm_generator' visible='true' version='1' changeset='1' lat='47.63397293' lon='37.81413898' />
  <node id='768' timestamp='2026-06-02T00:00:00Z' uid='1' user='osm_generator' visible='true' version='1' changeset='1' lat='47.63368514' lon='37.81413898' />
  <node id='769' timestamp='2026-06-02T00:00:00Z' uid='1' user='osm_generator' visible='true' version='1' changeset='1' lat='47.63339736' lon='37.81413898' />
  <node id='770' timestamp='2026-06-02T00:00:00Z' uid='1' user='osm_generator' visible='true' version='1' changeset='1' lat='47.63310958' lon='37.81413898' />
  <node id='771' timestamp='2026-06-02T00:00:00Z' uid='1' user='osm_generator' visible='true' version='1' changeset='1' lat='47.63282179' lon='37.81410687' />
  <node id='772' timestamp='2026-06-02T00:00:00Z' uid='1' user='osm_generator' visible='true' version='1' changeset='1' lat='47.63253401' lon='37.81399805' />
  <node id='773' timestamp='2026-06-02T00:00:00Z' uid='1' user='osm_generator' visible='true' version='1' changeset='1' lat='47.63224623' lon='37.81381263' />
  <node id='774' timestamp='2026-06-02T00:00:00Z' uid='1' user='osm_generator' visible='true' version='1' changeset='1' lat='47.63195845' lon='37.81355131' />
  <node id='775' timestamp='2026-06-02T00:00:00Z' uid='1' user='osm_generator' visible='true' version='1' changeset='1' lat='47.63167066' lon='37.81321506' />
  <node id='776' timestamp='2026-06-02T00:00:00Z' uid='1' user='osm_generator' visible='true' version='1' changeset='1' lat='47.63138288' lon='37.81280518' />
  <node id='777' timestamp='2026-06-02T00:00:00Z' uid='1' user='osm_generator' visible='true' version='1' changeset='1' lat='47.6310951' lon='37.81232319' />
  <node id='778' timestamp='2026-06-02T00:00:00Z' uid='1' user='osm_generator' visible='true' version='1' changeset='1' lat='47.63080731' lon='37.81177088' />
  <node id='779' timestamp='2026-06-02T00:00:00Z' uid='1' user='osm_generator' visible='true' version='1' changeset='1' lat='47.63051953' lon='37.81115039' />
  <node id='780' timestamp='2026-06-02T00:00:00Z' uid='1' user='osm_generator' visible='true' version='1' changeset='1' lat='47.63023175' lon='37.81046401' />
  <node id='781' timestamp='2026-06-02T00:00:00Z' uid='1' user='osm_generator' visible='true' version='1' changeset='1' lat='47.63010584' lon='37.81014364' />
  <node id='782' timestamp='2026-06-02T00:00:00Z' uid='1' user='osm_generator' visible='true' version='1' changeset='1' lat='47.63010584' lon='37.803473' />
  <node id='783' timestamp='2026-06-02T00:00:00Z' uid='1' user='osm_generator' visible='true' version='1' changeset='1' lat='47.63039363' lon='37.80418743' />
  <node id='784' timestamp='2026-06-02T00:00:00Z' uid='1' user='osm_generator' visible='true' version='1' changeset='1' lat='47.63068141' lon='37.80483705' />
  <node id='785' timestamp='2026-06-02T00:00:00Z' uid='1' user='osm_generator' visible='true' version='1' changeset='1' lat='47.63096919' lon='37.80541945' />
  <node id='786' timestamp='2026-06-02T00:00:00Z' uid='1' user='osm_generator' visible='true' version='1' changeset='1' lat='47.63125697' lon='37.80593243' />
  <node id='787' timestamp='2026-06-02T00:00:00Z' uid='1' user='osm_generator' visible='true' version='1' changeset='1' lat='47.63154476' lon='37.80637408' />
  <node id='788' timestamp='2026-06-02T00:00:00Z' uid='1' user='osm_generator' visible='true' version='1' changeset='1' lat='47.63183254' lon='37.80674271' />
  <node id='789' timestamp='2026-06-02T00:00:00Z' uid='1' user='osm_generator' visible='true' version='1' changeset='1' lat='47.63212032' lon='37.80703694' />
  <node id='790' timestamp='2026-06-02T00:00:00Z' uid='1' user='osm_generator' visible='true' version='1' changeset='1' lat='47.63240811' lon='37.80725568' />
  <node id='791' timestamp='2026-06-02T00:00:00Z' uid='1' user='osm_generator' visible='true' version='1' changeset='1' lat='47.63269589' lon='37.80739808' />
  <node id='792' timestamp='2026-06-02T00:00:00Z' uid='1' user='osm_generator' visible='true' version='1' changeset='1' lat='47.63298367' lon='37.80746362' />
  <node id='793' timestamp='2026-06-02T00:00:00Z' uid='1' user='osm_generator' visible='true' version='1' changeset='1' lat='47.63327145' lon='37.80746834' />
  <node id='794' timestamp='2026-06-02T00:00:00Z' uid='1' user='osm_generator' visible='true' version='1' changeset='1' lat='47.63355924' lon='37.80746834' />
  <node id='795' timestamp='2026-06-02T00:00:00Z' uid='1' user='osm_generator' visible='true' version='1' changeset='1' lat='47.63384702' lon='37.80746834' />
  <node id='796' timestamp='2026-06-02T00:00:00Z' uid='1' user='osm_generator' visible='true' version='1' changeset='1' lat='47.6341348' lon='37.80746834' />
  <node id='797' timestamp='2026-06-02T00:00:00Z' uid='1' user='osm_generator' visible='true' version='1' changeset='1' lat='47.63442259' lon='37.80746834' />
  <node id='798' timestamp='2026-06-02T00:00:00Z' uid='1' user='osm_generator' visible='true' version='1' changeset='1' lat='47.63471037' lon='37.80746834' />
  <node id='799' timestamp='2026-06-02T00:00:00Z' uid='1' user='osm_generator' visible='true' version='1' changeset='1' lat='47.63499815' lon='37.80746834' />
  <node id='800' timestamp='2026-06-02T00:00:00Z' uid='1' user='osm_generator' visible='true' version='1' changeset='1' lat='47.63528594' lon='37.80746834' />
  <node id='801' timestamp='2026-06-02T00:00:00Z' uid='1' user='osm_generator' visible='true' version='1' changeset='1' lat='47.63557372' lon='37.80746834' />
  <node id='802' timestamp='2026-06-02T00:00:00Z' uid='1' user='osm_generator' visible='true' version='1' changeset='1' lat='47.6358615' lon='37.80746834' />
  <node id='803' timestamp='2026-06-02T00:00:00Z' uid='1' user='osm_generator' visible='true' version='1' changeset='1' lat='47.63614928' lon='37.80746834' />
  <node id='804' timestamp='2026-06-02T00:00:00Z' uid='1' user='osm_generator' visible='true' version='1' changeset='1' lat='47.63643707' lon='37.80746834' />
  <node id='805' timestamp='2026-06-02T00:00:00Z' uid='1' user='osm_generator' visible='true' version='1' changeset='1' lat='47.63672485' lon='37.80746834' />
  <node id='806' timestamp='2026-06-02T00:00:00Z' uid='1' user='osm_generator' visible='true' version='1' changeset='1' lat='47.63685075' lon='37.80746834' />
  <node id='807' timestamp='2026-06-02T00:00:00Z' uid='1' user='osm_generator' visible='true' version='1' changeset='1' lat='47.63006088' lon='37.81002635' />
  <node id='808' timestamp='2026-06-02T00:00:00Z' uid='1' user='osm_generator' visible='true' version='1' changeset='1' lat='47.62977309' lon='37.80924039' />
  <node id='809' timestamp='2026-06-02T00:00:00Z' uid='1' user='osm_generator' visible='true' version='1' changeset='1' lat='47.62948531' lon='37.80839576' />
  <node id='810' timestamp='2026-06-02T00:00:00Z' uid='1' user='osm_generator' visible='true' version='1' changeset='1' lat='47.62919753' lon='37.80749562' />
  <node id='811' timestamp='2026-06-02T00:00:00Z' uid='1' user='osm_generator' visible='true' version='1' changeset='1' lat='47.62890974' lon='37.80654333' />
  <node id='812' timestamp='2026-06-02T00:00:00Z' uid='1' user='osm_generator' visible='true' version='1' changeset='1' lat='47.62862196' lon='37.80554253' />
  <node id='813' timestamp='2026-06-02T00:00:00Z' uid='1' user='osm_generator' visible='true' version='1' changeset='1' lat='47.62833418' lon='37.80449696' />
  <node id='814' timestamp='2026-06-02T00:00:00Z' uid='1' user='osm_generator' visible='true' version='1' changeset='1' lat='47.6280464' lon='37.80341055' />
  <node id='815' timestamp='2026-06-02T00:00:00Z' uid='1' user='osm_generator' visible='true' version='1' changeset='1' lat='47.62775861' lon='37.80228736' />
  <node id='816' timestamp='2026-06-02T00:00:00Z' uid='1' user='osm_generator' visible='true' version='1' changeset='1' lat='47.62747083' lon='37.80113168' />
  <node id='817' timestamp='2026-06-02T00:00:00Z' uid='1' user='osm_generator' visible='true' version='1' changeset='1' lat='47.62718305' lon='37.79994783' />
  <node id='818' timestamp='2026-06-02T00:00:00Z' uid='1' user='osm_generator' visible='true' version='1' changeset='1' lat='47.62689526' lon='37.79874022' />
  <node id='819' timestamp='2026-06-02T00:00:00Z' uid='1' user='osm_generator' visible='true' version='1' changeset='1' lat='47.62660748' lon='37.79751349' />
  <node id='820' timestamp='2026-06-02T00:00:00Z' uid='1' user='osm_generator' visible='true' version='1' changeset='1' lat='47.6263197' lon='37.7962722' />
  <node id='821' timestamp='2026-06-02T00:00:00Z' uid='1' user='osm_generator' visible='true' version='1' changeset='1' lat='47.62603192' lon='37.79502103' />
  <node id='822' timestamp='2026-06-02T00:00:00Z' uid='1' user='osm_generator' visible='true' version='1' changeset='1' lat='47.62574413' lon='37.79376465' />
  <node id='823' timestamp='2026-06-02T00:00:00Z' uid='1' user='osm_generator' visible='true' version='1' changeset='1' lat='47.62545635' lon='37.79250786' />
  <node id='824' timestamp='2026-06-02T00:00:00Z' uid='1' user='osm_generator' visible='true' version='1' changeset='1' lat='47.62516857' lon='37.79125536' />
  <node id='825' timestamp='2026-06-02T00:00:00Z' uid='1' user='osm_generator' visible='true' version='1' changeset='1' lat='47.62488078' lon='37.79001182' />
  <node id='826' timestamp='2026-06-02T00:00:00Z' uid='1' user='osm_generator' visible='true' version='1' changeset='1' lat='47.624593' lon='37.78878201' />
  <node id='827' timestamp='2026-06-02T00:00:00Z' uid='1' user='osm_generator' visible='true' version='1' changeset='1' lat='47.62430522' lon='37.7875705' />
  <node id='828' timestamp='2026-06-02T00:00:00Z' uid='1' user='osm_generator' visible='true' version='1' changeset='1' lat='47.62401744' lon='37.78638186' />
  <node id='829' timestamp='2026-06-02T00:00:00Z' uid='1' user='osm_generator' visible='true' version='1' changeset='1' lat='47.62372965' lon='37.78522053' />
  <node id='830' timestamp='2026-06-02T00:00:00Z' uid='1' user='osm_generator' visible='true' version='1' changeset='1' lat='47.62344187' lon='37.78409095' />
  <node id='831' timestamp='2026-06-02T00:00:00Z' uid='1' user='osm_generator' visible='true' version='1' changeset='1' lat='47.62315409' lon='37.78299733' />
  <node id='832' timestamp='2026-06-02T00:00:00Z' uid='1' user='osm_generator' visible='true' version='1' changeset='1' lat='47.6228663' lon='37.78194376' />
  <node id='833' timestamp='2026-06-02T00:00:00Z' uid='1' user='osm_generator' visible='true' version='1' changeset='1' lat='47.62257852' lon='37.78093428' />
  <node id='834' timestamp='2026-06-02T00:00:00Z' uid='1' user='osm_generator' visible='true' version='1' changeset='1' lat='47.62229074' lon='37.77997264' />
  <node id='835' timestamp='2026-06-02T00:00:00Z' uid='1' user='osm_generator' visible='true' version='1' changeset='1' lat='47.62200296' lon='37.77906246' />
  <node id='836' timestamp='2026-06-02T00:00:00Z' uid='1' user='osm_generator' visible='true' version='1' changeset='1' lat='47.62196698' lon='37.77895246' />
  <node id='837' timestamp='2026-06-02T00:00:00Z' uid='1' user='osm_generator' visible='true' version='1' changeset='1' lat='47.62196698' lon='37.77228182' />
  <node id='838' timestamp='2026-06-02T00:00:00Z' uid='1' user='osm_generator' visible='true' version='1' changeset='1' lat='47.62225477' lon='37.77318535' />
  <node id='839' timestamp='2026-06-02T00:00:00Z' uid='1' user='osm_generator' visible='true' version='1' changeset='1' lat='47.62254255' lon='37.77414075' />
  <node id='840' timestamp='2026-06-02T00:00:00Z' uid='1' user='osm_generator' visible='true' version='1' changeset='1' lat='47.62283033' lon='37.77514446' />
  <node id='841' timestamp='2026-06-02T00:00:00Z' uid='1' user='osm_generator' visible='true' version='1' changeset='1' lat='47.62311811' lon='37.7761927' />
  <node id='842' timestamp='2026-06-02T00:00:00Z' uid='1' user='osm_generator' visible='true' version='1' changeset='1' lat='47.6234059' lon='37.77728156' />
  <node id='843' timestamp='2026-06-02T00:00:00Z' uid='1' user='osm_generator' visible='true' version='1' changeset='1' lat='47.62369368' lon='37.77840688' />
  <node id='844' timestamp='2026-06-02T00:00:00Z' uid='1' user='osm_generator' visible='true' version='1' changeset='1' lat='47.62398146' lon='37.77956444' />
  <node id='845' timestamp='2026-06-02T00:00:00Z' uid='1' user='osm_generator' visible='true' version='1' changeset='1' lat='47.62426925' lon='37.78074995' />
  <node id='846' timestamp='2026-06-02T00:00:00Z' uid='1' user='osm_generator' visible='true' version='1' changeset='1' lat='47.62455703' lon='37.78195884' />
  <node id='847' timestamp='2026-06-02T00:00:00Z' uid='1' user='osm_generator' visible='true' version='1' changeset='1' lat='47.62484481' lon='37.78318662' />
  <node id='848' timestamp='2026-06-02T00:00:00Z' uid='1' user='osm_generator' visible='true' version='1' changeset='1' lat='47.62513259' lon='37.78442867' />
  <node id='849' timestamp='2026-06-02T00:00:00Z' uid='1' user='osm_generator' visible='true' version='1' changeset='1' lat='47.62542038' lon='37.78568034' />
  <node id='850' timestamp='2026-06-02T00:00:00Z' uid='1' user='osm_generator' visible='true' version='1' changeset='1' lat='47.62570816' lon='37.78693685' />
  <node id='851' timestamp='2026-06-02T00:00:00Z' uid='1' user='osm_generator' visible='true' version='1' changeset='1' lat='47.62599594' lon='37.7881935' />
  <node id='852' timestamp='2026-06-02T00:00:00Z' uid='1' user='osm_generator' visible='true' version='1' changeset='1' lat='47.62628373' lon='37.78944562' />
  <node id='853' timestamp='2026-06-02T00:00:00Z' uid='1' user='osm_generator' visible='true' version='1' changeset='1' lat='47.62657151' lon='37.7906884' />
  <node id='854' timestamp='2026-06-02T00:00:00Z' uid='1' user='osm_generator' visible='true' version='1' changeset='1' lat='47.62685929' lon='37.79191721' />
  <node id='855' timestamp='2026-06-02T00:00:00Z' uid='1' user='osm_generator' visible='true' version='1' changeset='1' lat='47.62714707' lon='37.79312742' />
  <node id='856' timestamp='2026-06-02T00:00:00Z' uid='1' user='osm_generator' visible='true' version='1' changeset='1' lat='47.62743486' lon='37.79431452' />
  <node id='857' timestamp='2026-06-02T00:00:00Z' uid='1' user='osm_generator' visible='true' version='1' changeset='1' lat='47.62772264' lon='37.79547396' />
  <node id='858' timestamp='2026-06-02T00:00:00Z' uid='1' user='osm_generator' visible='true' version='1' changeset='1' lat='47.62801042' lon='37.79660142' />
  <node id='859' timestamp='2026-06-02T00:00:00Z' uid='1' user='osm_generator' visible='true' version='1' changeset='1' lat='47.62829821' lon='37.79769268' />
  <node id='860' timestamp='2026-06-02T00:00:00Z' uid='1' user='osm_generator' visible='true' version='1' changeset='1' lat='47.62858599' lon='37.79874358' />
  <node id='861' timestamp='2026-06-02T00:00:00Z' uid='1' user='osm_generator' visible='true' version='1' changeset='1' lat='47.62887377' lon='37.79975018' />
  <node id='862' timestamp='2026-06-02T00:00:00Z' uid='1' user='osm_generator' visible='true' version='1' changeset='1' lat='47.62916155' lon='37.80070871' />
  <node id='863' timestamp='2026-06-02T00:00:00Z' uid='1' user='osm_generator' visible='true' version='1' changeset='1' lat='47.62944934' lon='37.80161558' />
  <node id='864' timestamp='2026-06-02T00:00:00Z' uid='1' user='osm_generator' visible='true' version='1' changeset='1' lat='47.62973712' lon='37.80246732' />
  <node id='865' timestamp='2026-06-02T00:00:00Z' uid='1' user='osm_generator' visible='true' version='1' changeset='1' lat='47.6300249' lon='37.80326076' />
  <node id='866' timestamp='2026-06-02T00:00:00Z' uid='1' user='osm_generator' visible='true' version='1' changeset='1' lat='47.63006088' lon='37.80335571' />
  <node id='867' timestamp='2026-06-02T00:00:00Z' uid='1' user='osm_generator' visible='true' version='1' changeset='1' lat='47.62192202' lon='37.77881622' />
  <node id='868' timestamp='2026-06-02T00:00:00Z' uid='1' user='osm_generator' visible='true' version='1' changeset='1' lat='47.62163423' lon='37.77797693' />
  <node id='869' timestamp='2026-06-02T00:00:00Z' uid='1' user='osm_generator' visible='true' version='1' changeset='1' lat='47.62134645' lon='37.77719666' />
  <node id='870' timestamp='2026-06-02T00:00:00Z' uid='1' user='osm_generator' visible='true' version='1' changeset='1' lat='47.62105867' lon='37.77647829' />
  <node id='871' timestamp='2026-06-02T00:00:00Z' uid='1' user='osm_generator' visible='true' version='1' changeset='1' lat='47.62077088' lon='37.77582453' />
  <node id='872' timestamp='2026-06-02T00:00:00Z' uid='1' user='osm_generator' visible='true' version='1' changeset='1' lat='47.6204831' lon='37.77523786' />
  <node id='873' timestamp='2026-06-02T00:00:00Z' uid='1' user='osm_generator' visible='true' version='1' changeset='1' lat='47.62019532' lon='37.77472048' />
  <node id='874' timestamp='2026-06-02T00:00:00Z' uid='1' user='osm_generator' visible='true' version='1' changeset='1' lat='47.61990754' lon='37.77427433' />
  <node id='875' timestamp='2026-06-02T00:00:00Z' uid='1' user='osm_generator' visible='true' version='1' changeset='1' lat='47.61961975' lon='37.77390108' />
  <node id='876' timestamp='2026-06-02T00:00:00Z' uid='1' user='osm_generator' visible='true' version='1' changeset='1' lat='47.61933197' lon='37.77360217' />
  <node id='877' timestamp='2026-06-02T00:00:00Z' uid='1' user='osm_generator' visible='true' version='1' changeset='1' lat='47.61904419' lon='37.77337869' />
  <node id='878' timestamp='2026-06-02T00:00:00Z' uid='1' user='osm_generator' visible='true' version='1' changeset='1' lat='47.61877439' lon='37.77323845' />
  <node id='879' timestamp='2026-06-02T00:00:00Z' uid='1' user='osm_generator' visible='true' version='1' changeset='1' lat='47.61877439' lon='37.76656781' />
  <node id='880' timestamp='2026-06-02T00:00:00Z' uid='1' user='osm_generator' visible='true' version='1' changeset='1' lat='47.61906217' lon='37.76671979' />
  <node id='881' timestamp='2026-06-02T00:00:00Z' uid='1' user='osm_generator' visible='true' version='1' changeset='1' lat='47.61934996' lon='37.76694801' />
  <node id='882' timestamp='2026-06-02T00:00:00Z' uid='1' user='osm_generator' visible='true' version='1' changeset='1' lat='47.61963774' lon='37.76725161' />
  <node id='883' timestamp='2026-06-02T00:00:00Z' uid='1' user='osm_generator' visible='true' version='1' changeset='1' lat='47.61992552' lon='37.76762945' />
  <node id='884' timestamp='2026-06-02T00:00:00Z' uid='1' user='osm_generator' visible='true' version='1' changeset='1' lat='47.62021331' lon='37.76808011' />
  <node id='885' timestamp='2026-06-02T00:00:00Z' uid='1' user='osm_generator' visible='true' version='1' changeset='1' lat='47.62050109' lon='37.76860189' />
  <node id='886' timestamp='2026-06-02T00:00:00Z' uid='1' user='osm_generator' visible='true' version='1' changeset='1' lat='47.62078887' lon='37.76919281' />
  <node id='887' timestamp='2026-06-02T00:00:00Z' uid='1' user='osm_generator' visible='true' version='1' changeset='1' lat='47.62107665' lon='37.76985067' />
  <node id='888' timestamp='2026-06-02T00:00:00Z' uid='1' user='osm_generator' visible='true' version='1' changeset='1' lat='47.62136444' lon='37.77057301' />
  <node id='889' timestamp='2026-06-02T00:00:00Z' uid='1' user='osm_generator' visible='true' version='1' changeset='1' lat='47.62165222' lon='37.77135706' />
  <node id='890' timestamp='2026-06-02T00:00:00Z' uid='1' user='osm_generator' visible='true' version='1' changeset='1' lat='47.62192202' lon='37.77214558' />
  <node id='891' timestamp='2026-06-02T00:00:00Z' uid='1' user='osm_generator' visible='true' version='1' changeset='1' lat='47.61872942' lon='37.77322163' />
  <node id='892' timestamp='2026-06-02T00:00:00Z' uid='1' user='osm_generator' visible='true' version='1' changeset='1' lat='47.61844164' lon='37.7731585' />
  <node id='893' timestamp='2026-06-02T00:00:00Z' uid='1' user='osm_generator' visible='true' version='1' changeset='1' lat='47.61815386' lon='37.77315458' />
  <node id='894' timestamp='2026-06-02T00:00:00Z' uid='1' user='osm_generator' visible='true' version='1' changeset='1' lat='47.61786608' lon='37.77315458' />
  <node id='895' timestamp='2026-06-02T00:00:00Z' uid='1' user='osm_generator' visible='true' version='1' changeset='1' lat='47.61757829' lon='37.77315458' />
  <node id='896' timestamp='2026-06-02T00:00:00Z' uid='1' user='osm_generator' visible='true' version='1' changeset='1' lat='47.61729051' lon='37.77315458' />
  <node id='897' timestamp='2026-06-02T00:00:00Z' uid='1' user='osm_generator' visible='true' version='1' changeset='1' lat='47.61700273' lon='37.77315458' />
  <node id='898' timestamp='2026-06-02T00:00:00Z' uid='1' user='osm_generator' visible='true' version='1' changeset='1' lat='47.61671494' lon='37.77315458' />
  <node id='899' timestamp='2026-06-02T00:00:00Z' uid='1' user='osm_generator' visible='true' version='1' changeset='1' lat='47.61642716' lon='37.77315458' />
  <node id='900' timestamp='2026-06-02T00:00:00Z' uid='1' user='osm_generator' visible='true' version='1' changeset='1' lat='47.61613938' lon='37.77315458' />
  <node id='901' timestamp='2026-06-02T00:00:00Z' uid='1' user='osm_generator' visible='true' version='1' changeset='1' lat='47.6158516' lon='37.77315458' />
  <node id='902' timestamp='2026-06-02T00:00:00Z' uid='1' user='osm_generator' visible='true' version='1' changeset='1' lat='47.61556381' lon='37.77315458' />
  <node id='903' timestamp='2026-06-02T00:00:00Z' uid='1' user='osm_generator' visible='true' version='1' changeset='1' lat='47.61527603' lon='37.77315458' />
  <node id='904' timestamp='2026-06-02T00:00:00Z' uid='1' user='osm_generator' visible='true' version='1' changeset='1' lat='47.61498825' lon='37.77315458' />
  <node id='905' timestamp='2026-06-02T00:00:00Z' uid='1' user='osm_generator' visible='true' version='1' changeset='1' lat='47.61470046' lon='37.77315458' />
  <node id='906' timestamp='2026-06-02T00:00:00Z' uid='1' user='osm_generator' visible='true' version='1' changeset='1' lat='47.61441268' lon='37.77312463' />
  <node id='907' timestamp='2026-06-02T00:00:00Z' uid='1' user='osm_generator' visible='true' version='1' changeset='1' lat='47.6141249' lon='37.77301821' />
  <node id='908' timestamp='2026-06-02T00:00:00Z' uid='1' user='osm_generator' visible='true' version='1' changeset='1' lat='47.61383711' lon='37.77283517' />
  <node id='909' timestamp='2026-06-02T00:00:00Z' uid='1' user='osm_generator' visible='true' version='1' changeset='1' lat='47.61354933' lon='37.7725762' />
  <node id='910' timestamp='2026-06-02T00:00:00Z' uid='1' user='osm_generator' visible='true' version='1' changeset='1' lat='47.61333349' lon='37.77233273' />
  <node id='911' timestamp='2026-06-02T00:00:00Z' uid='1' user='osm_generator' visible='true' version='1' changeset='1' lat='47.61333349' lon='37.76566209' />
  <node id='912' timestamp='2026-06-02T00:00:00Z' uid='1' user='osm_generator' visible='true' version='1' changeset='1' lat='47.61362128' lon='37.76597738' />
  <node id='913' timestamp='2026-06-02T00:00:00Z' uid='1' user='osm_generator' visible='true' version='1' changeset='1' lat='47.61390906' lon='37.76621744' />
  <node id='914' timestamp='2026-06-02T00:00:00Z' uid='1' user='osm_generator' visible='true' version='1' changeset='1' lat='47.61419684' lon='37.76638137' />
  <node id='915' timestamp='2026-06-02T00:00:00Z' uid='1' user='osm_generator' visible='true' version='1' changeset='1' lat='47.61448463' lon='37.76646857' />
  <node id='916' timestamp='2026-06-02T00:00:00Z' uid='1' user='osm_generator' visible='true' version='1' changeset='1' lat='47.61477241' lon='37.76648394' />
  <node id='917' timestamp='2026-06-02T00:00:00Z' uid='1' user='osm_generator' visible='true' version='1' changeset='1' lat='47.61506019' lon='37.76648394' />
  <node id='918' timestamp='2026-06-02T00:00:00Z' uid='1' user='osm_generator' visible='true' version='1' changeset='1' lat='47.61534798' lon='37.76648394' />
  <node id='919' timestamp='2026-06-02T00:00:00Z' uid='1' user='osm_generator' visible='true' version='1' changeset='1' lat='47.61563576' lon='37.76648394' />
  <node id='920' timestamp='2026-06-02T00:00:00Z' uid='1' user='osm_generator' visible='true' version='1' changeset='1' lat='47.61592354' lon='37.76648394' />
  <node id='921' timestamp='2026-06-02T00:00:00Z' uid='1' user='osm_generator' visible='true' version='1' changeset='1' lat='47.61621132' lon='37.76648394' />
  <node id='922' timestamp='2026-06-02T00:00:00Z' uid='1' user='osm_generator' visible='true' version='1' changeset='1' lat='47.61649911' lon='37.76648394' />
  <node id='923' timestamp='2026-06-02T00:00:00Z' uid='1' user='osm_generator' visible='true' version='1' changeset='1' lat='47.61678689' lon='37.76648394' />
  <node id='924' timestamp='2026-06-02T00:00:00Z' uid='1' user='osm_generator' visible='true' version='1' changeset='1' lat='47.61707467' lon='37.76648394' />
  <node id='925' timestamp='2026-06-02T00:00:00Z' uid='1' user='osm_generator' visible='true' version='1' changeset='1' lat='47.61736246' lon='37.76648394' />
  <node id='926' timestamp='2026-06-02T00:00:00Z' uid='1' user='osm_generator' visible='true' version='1' changeset='1' lat='47.61765024' lon='37.76648394' />
  <node id='927' timestamp='2026-06-02T00:00:00Z' uid='1' user='osm_generator' visible='true' version='1' changeset='1' lat='47.61793802' lon='37.76648394' />
  <node id='928' timestamp='2026-06-02T00:00:00Z' uid='1' user='osm_generator' visible='true' version='1' changeset='1' lat='47.6182258' lon='37.76648394' />
  <node id='929' timestamp='2026-06-02T00:00:00Z' uid='1' user='osm_generator' visible='true' version='1' changeset='1' lat='47.61851359' lon='37.76649642' />
  <node id='930' timestamp='2026-06-02T00:00:00Z' uid='1' user='osm_generator' visible='true' version='1' changeset='1' lat='47.61872942' lon='37.76655099' />
  <node id='931' timestamp='2026-06-02T00:00:00Z' uid='1' user='osm_generator' visible='true' version='1' changeset='1' lat='47.61328853' lon='37.77227675' />
  <node id='932' timestamp='2026-06-02T00:00:00Z' uid='1' user='osm_generator' visible='true' version='1' changeset='1' lat='47.61300075' lon='37.77187599' />
  <node id='933' timestamp='2026-06-02T00:00:00Z' uid='1' user='osm_generator' visible='true' version='1' changeset='1' lat='47.61271296' lon='37.77140291' />
  <node id='934' timestamp='2026-06-02T00:00:00Z' uid='1' user='osm_generator' visible='true' version='1' changeset='1' lat='47.61242518' lon='37.7708593' />
  <node id='935' timestamp='2026-06-02T00:00:00Z' uid='1' user='osm_generator' visible='true' version='1' changeset='1' lat='47.6121374' lon='37.77024721' />
  <node id='936' timestamp='2026-06-02T00:00:00Z' uid='1' user='osm_generator' visible='true' version='1' changeset='1' lat='47.61184961' lon='37.7695689' />
  <node id='937' timestamp='2026-06-02T00:00:00Z' uid='1' user='osm_generator' visible='true' version='1' changeset='1' lat='47.61156183' lon='37.76882699' />
  <node id='938' timestamp='2026-06-02T00:00:00Z' uid='1' user='osm_generator' visible='true' version='1' changeset='1' lat='47.61127405' lon='37.76802424' />
  <node id='939' timestamp='2026-06-02T00:00:00Z' uid='1' user='osm_generator' visible='true' version='1' changeset='1' lat='47.61098627' lon='37.76716368' />
  <node id='940' timestamp='2026-06-02T00:00:00Z' uid='1' user='osm_generator' visible='true' version='1' changeset='1' lat='47.61069848' lon='37.7662485' />
  <node id='941' timestamp='2026-06-02T00:00:00Z' uid='1' user='osm_generator' visible='true' version='1' changeset='1' lat='47.6104107' lon='37.76528222' />
  <node id='942' timestamp='2026-06-02T00:00:00Z' uid='1' user='osm_generator' visible='true' version='1' changeset='1' lat='47.61012292' lon='37.76426844' />
  <node id='943' timestamp='2026-06-02T00:00:00Z' uid='1' user='osm_generator' visible='true' version='1' changeset='1' lat='47.60983513' lon='37.76321094' />
  <node id='944' timestamp='2026-06-02T00:00:00Z' uid='1' user='osm_generator' visible='true' version='1' changeset='1' lat='47.60954735' lon='37.76211378' />
  <node id='945' timestamp='2026-06-02T00:00:00Z' uid='1' user='osm_generator' visible='true' version='1' changeset='1' lat='47.60925957' lon='37.76098104' />
  <node id='946' timestamp='2026-06-02T00:00:00Z' uid='1' user='osm_generator' visible='true' version='1' changeset='1' lat='47.60897178' lon='37.75981695' />
  <node id='947' timestamp='2026-06-02T00:00:00Z' uid='1' user='osm_generator' visible='true' version='1' changeset='1' lat='47.608684' lon='37.75862598' />
  <node id='948' timestamp='2026-06-02T00:00:00Z' uid='1' user='osm_generator' visible='true' version='1' changeset='1' lat='47.60839622' lon='37.75741256' />
  <node id='949' timestamp='2026-06-02T00:00:00Z' uid='1' user='osm_generator' visible='true' version='1' changeset='1' lat='47.60810844' lon='37.75618126' />
  <node id='950' timestamp='2026-06-02T00:00:00Z' uid='1' user='osm_generator' visible='true' version='1' changeset='1' lat='47.60782065' lon='37.75493668' />
  <node id='951' timestamp='2026-06-02T00:00:00Z' uid='1' user='osm_generator' visible='true' version='1' changeset='1' lat='47.60753287' lon='37.75368358' />
  <node id='952' timestamp='2026-06-02T00:00:00Z' uid='1' user='osm_generator' visible='true' version='1' changeset='1' lat='47.60724509' lon='37.75242663' />
  <node id='953' timestamp='2026-06-02T00:00:00Z' uid='1' user='osm_generator' visible='true' version='1' changeset='1' lat='47.6069573' lon='37.75117053' />
  <node id='954' timestamp='2026-06-02T00:00:00Z' uid='1' user='osm_generator' visible='true' version='1' changeset='1' lat='47.60666952' lon='37.74992009' />
  <node id='955' timestamp='2026-06-02T00:00:00Z' uid='1' user='osm_generator' visible='true' version='1' changeset='1' lat='47.60638174' lon='37.74867997' />
  <node id='956' timestamp='2026-06-02T00:00:00Z' uid='1' user='osm_generator' visible='true' version='1' changeset='1' lat='47.60609396' lon='37.74745484' />
  <node id='957' timestamp='2026-06-02T00:00:00Z' uid='1' user='osm_generator' visible='true' version='1' changeset='1' lat='47.60609396' lon='37.7407842' />
  <node id='958' timestamp='2026-06-02T00:00:00Z' uid='1' user='osm_generator' visible='true' version='1' changeset='1' lat='47.60638174' lon='37.74200933' />
  <node id='959' timestamp='2026-06-02T00:00:00Z' uid='1' user='osm_generator' visible='true' version='1' changeset='1' lat='47.60666952' lon='37.74324945' />
  <node id='960' timestamp='2026-06-02T00:00:00Z' uid='1' user='osm_generator' visible='true' version='1' changeset='1' lat='47.6069573' lon='37.74449989' />
  <node id='961' timestamp='2026-06-02T00:00:00Z' uid='1' user='osm_generator' visible='true' version='1' changeset='1' lat='47.60724509' lon='37.745756' />
  <node id='962' timestamp='2026-06-02T00:00:00Z' uid='1' user='osm_generator' visible='true' version='1' changeset='1' lat='47.60753287' lon='37.74701294' />
  <node id='963' timestamp='2026-06-02T00:00:00Z' uid='1' user='osm_generator' visible='true' version='1' changeset='1' lat='47.60782065' lon='37.74826604' />
  <node id='964' timestamp='2026-06-02T00:00:00Z' uid='1' user='osm_generator' visible='true' version='1' changeset='1' lat='47.60810844' lon='37.74951063' />
  <node id='965' timestamp='2026-06-02T00:00:00Z' uid='1' user='osm_generator' visible='true' version='1' changeset='1' lat='47.60839622' lon='37.75074192' />
  <node id='966' timestamp='2026-06-02T00:00:00Z' uid='1' user='osm_generator' visible='true' version='1' changeset='1' lat='47.608684' lon='37.75195534' />
  <node id='967' timestamp='2026-06-02T00:00:00Z' uid='1' user='osm_generator' visible='true' version='1' changeset='1' lat='47.60897178' lon='37.75314632' />
  <node id='968' timestamp='2026-06-02T00:00:00Z' uid='1' user='osm_generator' visible='true' version='1' changeset='1' lat='47.60925957' lon='37.7543104' />
  <node id='969' timestamp='2026-06-02T00:00:00Z' uid='1' user='osm_generator' visible='true' version='1' changeset='1' lat='47.60954735' lon='37.75544314' />
  <node id='970' timestamp='2026-06-02T00:00:00Z' uid='1' user='osm_generator' visible='true' version='1' changeset='1' lat='47.60983513' lon='37.7565403' />
  <node id='971' timestamp='2026-06-02T00:00:00Z' uid='1' user='osm_generator' visible='true' version='1' changeset='1' lat='47.61012292' lon='37.7575978' />
  <node id='972' timestamp='2026-06-02T00:00:00Z' uid='1' user='osm_generator' visible='true' version='1' changeset='1' lat='47.6104107' lon='37.75861158' />
  <node id='973' timestamp='2026-06-02T00:00:00Z' uid='1' user='osm_generator' visible='true' version='1' changeset='1' lat='47.61069848' lon='37.75957786' />
  <node id='974' timestamp='2026-06-02T00:00:00Z' uid='1' user='osm_generator' visible='true' version='1' changeset='1' lat='47.61098627' lon='37.76049304' />
  <node id='975' timestamp='2026-06-02T00:00:00Z' uid='1' user='osm_generator' visible='true' version='1' changeset='1' lat='47.61127405' lon='37.76135361' />
  <node id='976' timestamp='2026-06-02T00:00:00Z' uid='1' user='osm_generator' visible='true' version='1' changeset='1' lat='47.61156183' lon='37.76215635' />
  <node id='977' timestamp='2026-06-02T00:00:00Z' uid='1' user='osm_generator' visible='true' version='1' changeset='1' lat='47.61184961' lon='37.76289827' />
  <node id='978' timestamp='2026-06-02T00:00:00Z' uid='1' user='osm_generator' visible='true' version='1' changeset='1' lat='47.6121374' lon='37.76357657' />
  <node id='979' timestamp='2026-06-02T00:00:00Z' uid='1' user='osm_generator' visible='true' version='1' changeset='1' lat='47.61242518' lon='37.76418866' />
  <node id='980' timestamp='2026-06-02T00:00:00Z' uid='1' user='osm_generator' visible='true' version='1' changeset='1' lat='47.61271296' lon='37.76473227' />
  <node id='981' timestamp='2026-06-02T00:00:00Z' uid='1' user='osm_generator' visible='true' version='1' changeset='1' lat='47.61300075' lon='37.76520536' />
  <node id='982' timestamp='2026-06-02T00:00:00Z' uid='1' user='osm_generator' visible='true' version='1' changeset='1' lat='47.61328853' lon='37.76560611' />
  <node id='983' timestamp='2026-06-02T00:00:00Z' uid='1' user='osm_generator' visible='true' version='1' changeset='1' lat='47.60604899' lon='37.74726505' />
  <node id='984' timestamp='2026-06-02T00:00:00Z' uid='1' user='osm_generator' visible='true' version='1' changeset='1' lat='47.60576121' lon='37.74606299' />
  <node id='985' timestamp='2026-06-02T00:00:00Z' uid='1' user='osm_generator' visible='true' version='1' changeset='1' lat='47.60547342' lon='37.74488573' />
  <node id='986' timestamp='2026-06-02T00:00:00Z' uid='1' user='osm_generator' visible='true' version='1' changeset='1' lat='47.60518564' lon='37.74373778' />
  <node id='987' timestamp='2026-06-02T00:00:00Z' uid='1' user='osm_generator' visible='true' version='1' changeset='1' lat='47.60489786' lon='37.74262342' />
  <node id='988' timestamp='2026-06-02T00:00:00Z' uid='1' user='osm_generator' visible='true' version='1' changeset='1' lat='47.60461008' lon='37.74154684' />
  <node id='989' timestamp='2026-06-02T00:00:00Z' uid='1' user='osm_generator' visible='true' version='1' changeset='1' lat='47.60432229' lon='37.74051206' />
  <node id='990' timestamp='2026-06-02T00:00:00Z' uid='1' user='osm_generator' visible='true' version='1' changeset='1' lat='47.60403451' lon='37.73952305' />
  <node id='991' timestamp='2026-06-02T00:00:00Z' uid='1' user='osm_generator' visible='true' version='1' changeset='1' lat='47.60374673' lon='37.73858349' />
  <node id='992' timestamp='2026-06-02T00:00:00Z' uid='1' user='osm_generator' visible='true' version='1' changeset='1' lat='47.60345894' lon='37.7376969' />
  <node id='993' timestamp='2026-06-02T00:00:00Z' uid='1' user='osm_generator' visible='true' version='1' changeset='1' lat='47.60317116' lon='37.73686665' />
  <node id='994' timestamp='2026-06-02T00:00:00Z' uid='1' user='osm_generator' visible='true' version='1' changeset='1' lat='47.60288338' lon='37.73609586' />
  <node id='995' timestamp='2026-06-02T00:00:00Z' uid='1' user='osm_generator' visible='true' version='1' changeset='1' lat='47.60259559' lon='37.7353874' />
  <node id='996' timestamp='2026-06-02T00:00:00Z' uid='1' user='osm_generator' visible='true' version='1' changeset='1' lat='47.60230781' lon='37.73474398' />
  <node id='997' timestamp='2026-06-02T00:00:00Z' uid='1' user='osm_generator' visible='true' version='1' changeset='1' lat='47.60202003' lon='37.734168' />
  <node id='998' timestamp='2026-06-02T00:00:00Z' uid='1' user='osm_generator' visible='true' version='1' changeset='1' lat='47.60200204' lon='37.73413428' />
  <node id='999' timestamp='2026-06-02T00:00:00Z' uid='1' user='osm_generator' visible='true' version='1' changeset='1' lat='47.60200204' lon='37.72746365' />
  <node id='1000' timestamp='2026-06-02T00:00:00Z' uid='1' user='osm_generator' visible='true' version='1' changeset='1' lat='47.60228983' lon='37.72803536' />
  <node id='1001' timestamp='2026-06-02T00:00:00Z' uid='1' user='osm_generator' visible='true' version='1' changeset='1' lat='47.60257761' lon='37.72867463' />
  <node id='1002' timestamp='2026-06-02T00:00:00Z' uid='1' user='osm_generator' visible='true' version='1' changeset='1' lat='47.60286539' lon='37.72937908' />
  <node id='1003' timestamp='2026-06-02T00:00:00Z' uid='1' user='osm_generator' visible='true' version='1' changeset='1' lat='47.60315317' lon='37.73014606' />
  <node id='1004' timestamp='2026-06-02T00:00:00Z' uid='1' user='osm_generator' visible='true' version='1' changeset='1' lat='47.60344096' lon='37.7309727' />
  <node id='1005' timestamp='2026-06-02T00:00:00Z' uid='1' user='osm_generator' visible='true' version='1' changeset='1' lat='47.60372874' lon='37.73185584' />
  <node id='1006' timestamp='2026-06-02T00:00:00Z' uid='1' user='osm_generator' visible='true' version='1' changeset='1' lat='47.60401652' lon='37.73279219' />
  <node id='1007' timestamp='2026-06-02T00:00:00Z' uid='1' user='osm_generator' visible='true' version='1' changeset='1' lat='47.60430431' lon='37.73377825' />
  <node id='1008' timestamp='2026-06-02T00:00:00Z' uid='1' user='osm_generator' visible='true' version='1' changeset='1' lat='47.60459209' lon='37.73481025' />
  <node id='1009' timestamp='2026-06-02T00:00:00Z' uid='1' user='osm_generator' visible='true' version='1' changeset='1' lat='47.60487987' lon='37.73588433' />
  <node id='1010' timestamp='2026-06-02T00:00:00Z' uid='1' user='osm_generator' visible='true' version='1' changeset='1' lat='47.60516765' lon='37.73699645' />
  <node id='1011' timestamp='2026-06-02T00:00:00Z' uid='1' user='osm_generator' visible='true' version='1' changeset='1' lat='47.60545544' lon='37.73814246' />
  <node id='1012' timestamp='2026-06-02T00:00:00Z' uid='1' user='osm_generator' visible='true' version='1' changeset='1' lat='47.60574322' lon='37.73931798' />
  <node id='1013' timestamp='2026-06-02T00:00:00Z' uid='1' user='osm_generator' visible='true' version='1' changeset='1' lat='47.606031' lon='37.74051862' />
  <node id='1014' timestamp='2026-06-02T00:00:00Z' uid='1' user='osm_generator' visible='true' version='1' changeset='1' lat='47.60604899' lon='37.74059441' />
  <node id='1015' timestamp='2026-06-02T00:00:00Z' uid='1' user='osm_generator' visible='true' version='1' changeset='1' lat='47.60195708' lon='37.73405122' />
  <node id='1016' timestamp='2026-06-02T00:00:00Z' uid='1' user='osm_generator' visible='true' version='1' changeset='1' lat='47.60166929' lon='37.73356032' />
  <node id='1017' timestamp='2026-06-02T00:00:00Z' uid='1' user='osm_generator' visible='true' version='1' changeset='1' lat='47.60138151' lon='37.73314133' />
  <node id='1018' timestamp='2026-06-02T00:00:00Z' uid='1' user='osm_generator' visible='true' version='1' changeset='1' lat='47.60109373' lon='37.73279581' />
  <node id='1019' timestamp='2026-06-02T00:00:00Z' uid='1' user='osm_generator' visible='true' version='1' changeset='1' lat='47.60080594' lon='37.73252506' />
  <node id='1020' timestamp='2026-06-02T00:00:00Z' uid='1' user='osm_generator' visible='true' version='1' changeset='1' lat='47.60051816' lon='37.73233011' />
  <node id='1021' timestamp='2026-06-02T00:00:00Z' uid='1' user='osm_generator' visible='true' version='1' changeset='1' lat='47.60023038' lon='37.73221169' />
  <node id='1022' timestamp='2026-06-02T00:00:00Z' uid='1' user='osm_generator' visible='true' version='1' changeset='1' lat='47.5999426' lon='37.73217023' />
  <node id='1023' timestamp='2026-06-02T00:00:00Z' uid='1' user='osm_generator' visible='true' version='1' changeset='1' lat='47.59965481' lon='37.73217018' />
  <node id='1024' timestamp='2026-06-02T00:00:00Z' uid='1' user='osm_generator' visible='true' version='1' changeset='1' lat='47.59936703' lon='37.73217018' />
  <node id='1025' timestamp='2026-06-02T00:00:00Z' uid='1' user='osm_generator' visible='true' version='1' changeset='1' lat='47.59907925' lon='37.73217018' />
  <node id='1026' timestamp='2026-06-02T00:00:00Z' uid='1' user='osm_generator' visible='true' version='1' changeset='1' lat='47.59879146' lon='37.73217018' />
  <node id='1027' timestamp='2026-06-02T00:00:00Z' uid='1' user='osm_generator' visible='true' version='1' changeset='1' lat='47.59850368' lon='37.73217018' />
  <node id='1028' timestamp='2026-06-02T00:00:00Z' uid='1' user='osm_generator' visible='true' version='1' changeset='1' lat='47.5982159' lon='37.73217018' />
  <node id='1029' timestamp='2026-06-02T00:00:00Z' uid='1' user='osm_generator' visible='true' version='1' changeset='1' lat='47.59792812' lon='37.73217018' />
  <node id='1030' timestamp='2026-06-02T00:00:00Z' uid='1' user='osm_generator' visible='true' version='1' changeset='1' lat='47.59764033' lon='37.73217018' />
  <node id='1031' timestamp='2026-06-02T00:00:00Z' uid='1' user='osm_generator' visible='true' version='1' changeset='1' lat='47.59735255' lon='37.73217018' />
  <node id='1032' timestamp='2026-06-02T00:00:00Z' uid='1' user='osm_generator' visible='true' version='1' changeset='1' lat='47.59706477' lon='37.73217018' />
  <node id='1033' timestamp='2026-06-02T00:00:00Z' uid='1' user='osm_generator' visible='true' version='1' changeset='1' lat='47.59677698' lon='37.73217018' />
  <node id='1034' timestamp='2026-06-02T00:00:00Z' uid='1' user='osm_generator' visible='true' version='1' changeset='1' lat='47.5964892' lon='37.73217018' />
  <node id='1035' timestamp='2026-06-02T00:00:00Z' uid='1' user='osm_generator' visible='true' version='1' changeset='1' lat='47.59620142' lon='37.73217018' />
  <node id='1036' timestamp='2026-06-02T00:00:00Z' uid='1' user='osm_generator' visible='true' version='1' changeset='1' lat='47.59611149' lon='37.73217018' />
  <node id='1037' timestamp='2026-06-02T00:00:00Z' uid='1' user='osm_generator' visible='true' version='1' changeset='1' lat='47.59611149' lon='37.72549954' />
  <node id='1038' timestamp='2026-06-02T00:00:00Z' uid='1' user='osm_generator' visible='true' version='1' changeset='1' lat='47.59639927' lon='37.72549954' />
  <node id='1039' timestamp='2026-06-02T00:00:00Z' uid='1' user='osm_generator' visible='true' version='1' changeset='1' lat='47.59668705' lon='37.72549954' />
  <node id='1040' timestamp='2026-06-02T00:00:00Z' uid='1' user='osm_generator' visible='true' version='1' changeset='1' lat='47.59697483' lon='37.72549954' />
  <node id='1041' timestamp='2026-06-02T00:00:00Z' uid='1' user='osm_generator' visible='true' version='1' changeset='1' lat='47.59726262' lon='37.72549954' />
  <node id='1042' timestamp='2026-06-02T00:00:00Z' uid='1' user='osm_generator' visible='true' version='1' changeset='1' lat='47.5975504' lon='37.72549954' />
  <node id='1043' timestamp='2026-06-02T00:00:00Z' uid='1' user='osm_generator' visible='true' version='1' changeset='1' lat='47.59783818' lon='37.72549954' />
  <node id='1044' timestamp='2026-06-02T00:00:00Z' uid='1' user='osm_generator' visible='true' version='1' changeset='1' lat='47.59812597' lon='37.72549954' />
  <node id='1045' timestamp='2026-06-02T00:00:00Z' uid='1' user='osm_generator' visible='true' version='1' changeset='1' lat='47.59841375' lon='37.72549954' />
  <node id='1046' timestamp='2026-06-02T00:00:00Z' uid='1' user='osm_generator' visible='true' version='1' changeset='1' lat='47.59870153' lon='37.72549954' />
  <node id='1047' timestamp='2026-06-02T00:00:00Z' uid='1' user='osm_generator' visible='true' version='1' changeset='1' lat='47.59898932' lon='37.72549954' />
  <node id='1048' timestamp='2026-06-02T00:00:00Z' uid='1' user='osm_generator' visible='true' version='1' changeset='1' lat='47.5992771' lon='37.72549954' />
  <node id='1049' timestamp='2026-06-02T00:00:00Z' uid='1' user='osm_generator' visible='true' version='1' changeset='1' lat='47.59956488' lon='37.72549954' />
  <node id='1050' timestamp='2026-06-02T00:00:00Z' uid='1' user='osm_generator' visible='true' version='1' changeset='1' lat='47.59985266' lon='37.72549954' />
  <node id='1051' timestamp='2026-06-02T00:00:00Z' uid='1' user='osm_generator' visible='true' version='1' changeset='1' lat='47.60014045' lon='37.72551981' />
  <node id='1052' timestamp='2026-06-02T00:00:00Z' uid='1' user='osm_generator' visible='true' version='1' changeset='1' lat='47.60042823' lon='37.72561422' />
  <node id='1053' timestamp='2026-06-02T00:00:00Z' uid='1' user='osm_generator' visible='true' version='1' changeset='1' lat='47.60071601' lon='37.72578532' />
  <node id='1054' timestamp='2026-06-02T00:00:00Z' uid='1' user='osm_generator' visible='true' version='1' changeset='1' lat='47.6010038' lon='37.72603248' />
  <node id='1055' timestamp='2026-06-02T00:00:00Z' uid='1' user='osm_generator' visible='true' version='1' changeset='1' lat='47.60129158' lon='37.72635476' />
  <node id='1056' timestamp='2026-06-02T00:00:00Z' uid='1' user='osm_generator' visible='true' version='1' changeset='1' lat='47.60157936' lon='37.72675094' />
  <node id='1057' timestamp='2026-06-02T00:00:00Z' uid='1' user='osm_generator' visible='true' version='1' changeset='1' lat='47.60186714' lon='37.72721954' />
  <node id='1058' timestamp='2026-06-02T00:00:00Z' uid='1' user='osm_generator' visible='true' version='1' changeset='1' lat='47.60195708' lon='37.72738058' />
  <node id='1059' timestamp='2026-06-02T00:00:00Z' uid='1' user='osm_generator' visible='true' version='1' changeset='1' lat='47.59606652' lon='37.73217018' />
  <node id='1060' timestamp='2026-06-02T00:00:00Z' uid='1' user='osm_generator' visible='true' version='1' changeset='1' lat='47.59577874' lon='37.73217018' />
  <node id='1061' timestamp='2026-06-02T00:00:00Z' uid='1' user='osm_generator' visible='true' version='1' changeset='1' lat='47.59549095' lon='37.73217018' />
  <node id='1062' timestamp='2026-06-02T00:00:00Z' uid='1' user='osm_generator' visible='true' version='1' changeset='1' lat='47.59520317' lon='37.73217018' />
  <node id='1063' timestamp='2026-06-02T00:00:00Z' uid='1' user='osm_generator' visible='true' version='1' changeset='1' lat='47.59491539' lon='37.73217018' />
  <node id='1064' timestamp='2026-06-02T00:00:00Z' uid='1' user='osm_generator' visible='true' version='1' changeset='1' lat='47.59462761' lon='37.73217018' />
  <node id='1065' timestamp='2026-06-02T00:00:00Z' uid='1' user='osm_generator' visible='true' version='1' changeset='1' lat='47.59433982' lon='37.73217018' />
  <node id='1066' timestamp='2026-06-02T00:00:00Z' uid='1' user='osm_generator' visible='true' version='1' changeset='1' lat='47.59405204' lon='37.73217018' />
  <node id='1067' timestamp='2026-06-02T00:00:00Z' uid='1' user='osm_generator' visible='true' version='1' changeset='1' lat='47.59376426' lon='37.73217018' />
  <node id='1068' timestamp='2026-06-02T00:00:00Z' uid='1' user='osm_generator' visible='true' version='1' changeset='1' lat='47.59347647' lon='37.73217018' />
  <node id='1069' timestamp='2026-06-02T00:00:00Z' uid='1' user='osm_generator' visible='true' version='1' changeset='1' lat='47.59318869' lon='37.73217018' />
  <node id='1070' timestamp='2026-06-02T00:00:00Z' uid='1' user='osm_generator' visible='true' version='1' changeset='1' lat='47.59290091' lon='37.73217018' />
  <node id='1071' timestamp='2026-06-02T00:00:00Z' uid='1' user='osm_generator' visible='true' version='1' changeset='1' lat='47.59261312' lon='37.73217018' />
  <node id='1072' timestamp='2026-06-02T00:00:00Z' uid='1' user='osm_generator' visible='true' version='1' changeset='1' lat='47.59232534' lon='37.73217018' />
  <node id='1073' timestamp='2026-06-02T00:00:00Z' uid='1' user='osm_generator' visible='true' version='1' changeset='1' lat='47.59203756' lon='37.73217018' />
  <node id='1074' timestamp='2026-06-02T00:00:00Z' uid='1' user='osm_generator' visible='true' version='1' changeset='1' lat='47.59174978' lon='37.73217018' />
  <node id='1075' timestamp='2026-06-02T00:00:00Z' uid='1' user='osm_generator' visible='true' version='1' changeset='1' lat='47.59146199' lon='37.73217018' />
  <node id='1076' timestamp='2026-06-02T00:00:00Z' uid='1' user='osm_generator' visible='true' version='1' changeset='1' lat='47.59117421' lon='37.73217018' />
  <node id='1077' timestamp='2026-06-02T00:00:00Z' uid='1' user='osm_generator' visible='true' version='1' changeset='1' lat='47.59088643' lon='37.73217018' />
  <node id='1078' timestamp='2026-06-02T00:00:00Z' uid='1' user='osm_generator' visible='true' version='1' changeset='1' lat='47.59059864' lon='37.73217018' />
  <node id='1079' timestamp='2026-06-02T00:00:00Z' uid='1' user='osm_generator' visible='true' version='1' changeset='1' lat='47.59031086' lon='37.73217018' />
  <node id='1080' timestamp='2026-06-02T00:00:00Z' uid='1' user='osm_generator' visible='true' version='1' changeset='1' lat='47.59002308' lon='37.73217018' />
  <node id='1081' timestamp='2026-06-02T00:00:00Z' uid='1' user='osm_generator' visible='true' version='1' changeset='1' lat='47.5897353' lon='37.73217018' />
  <node id='1082' timestamp='2026-06-02T00:00:00Z' uid='1' user='osm_generator' visible='true' version='1' changeset='1' lat='47.58944751' lon='37.73217018' />
  <node id='1083' timestamp='2026-06-02T00:00:00Z' uid='1' user='osm_generator' visible='true' version='1' changeset='1' lat='47.58915973' lon='37.73217018' />
  <node id='1084' timestamp='2026-06-02T00:00:00Z' uid='1' user='osm_generator' visible='true' version='1' changeset='1' lat='47.58888094' lon='37.73217018' />
  <node id='1085' timestamp='2026-06-02T00:00:00Z' uid='1' user='osm_generator' visible='true' version='1' changeset='1' lat='47.58888094' lon='37.72549954' />
  <node id='1086' timestamp='2026-06-02T00:00:00Z' uid='1' user='osm_generator' visible='true' version='1' changeset='1' lat='47.58916872' lon='37.72549954' />
  <node id='1087' timestamp='2026-06-02T00:00:00Z' uid='1' user='osm_generator' visible='true' version='1' changeset='1' lat='47.58945651' lon='37.72549954' />
  <node id='1088' timestamp='2026-06-02T00:00:00Z' uid='1' user='osm_generator' visible='true' version='1' changeset='1' lat='47.58974429' lon='37.72549954' />
  <node id='1089' timestamp='2026-06-02T00:00:00Z' uid='1' user='osm_generator' visible='true' version='1' changeset='1' lat='47.59003207' lon='37.72549954' />
  <node id='1090' timestamp='2026-06-02T00:00:00Z' uid='1' user='osm_generator' visible='true' version='1' changeset='1' lat='47.59031985' lon='37.72549954' />
  <node id='1091' timestamp='2026-06-02T00:00:00Z' uid='1' user='osm_generator' visible='true' version='1' changeset='1' lat='47.59060764' lon='37.72549954' />
  <node id='1092' timestamp='2026-06-02T00:00:00Z' uid='1' user='osm_generator' visible='true' version='1' changeset='1' lat='47.59089542' lon='37.72549954' />
  <node id='1093' timestamp='2026-06-02T00:00:00Z' uid='1' user='osm_generator' visible='true' version='1' changeset='1' lat='47.5911832' lon='37.72549954' />
  <node id='1094' timestamp='2026-06-02T00:00:00Z' uid='1' user='osm_generator' visible='true' version='1' changeset='1' lat='47.59147099' lon='37.72549954' />
  <node id='1095' timestamp='2026-06-02T00:00:00Z' uid='1' user='osm_generator' visible='true' version='1' changeset='1' lat='47.59175877' lon='37.72549954' />
  <node id='1096' timestamp='2026-06-02T00:00:00Z' uid='1' user='osm_generator' visible='true' version='1' changeset='1' lat='47.59204655' lon='37.72549954' />
  <node id='1097' timestamp='2026-06-02T00:00:00Z' uid='1' user='osm_generator' visible='true' version='1' changeset='1' lat='47.59233434' lon='37.72549954' />
  <node id='1098' timestamp='2026-06-02T00:00:00Z' uid='1' user='osm_generator' visible='true' version='1' changeset='1' lat='47.59262212' lon='37.72549954' />
  <node id='1099' timestamp='2026-06-02T00:00:00Z' uid='1' user='osm_generator' visible='true' version='1' changeset='1' lat='47.5929099' lon='37.72549954' />
  <node id='1100' timestamp='2026-06-02T00:00:00Z' uid='1' user='osm_generator' visible='true' version='1' changeset='1' lat='47.59319768' lon='37.72549954' />
  <node id='1101' timestamp='2026-06-02T00:00:00Z' uid='1' user='osm_generator' visible='true' version='1' changeset='1' lat='47.59348547' lon='37.72549954' />
  <node id='1102' timestamp='2026-06-02T00:00:00Z' uid='1' user='osm_generator' visible='true' version='1' changeset='1' lat='47.59377325' lon='37.72549954' />
  <node id='1103' timestamp='2026-06-02T00:00:00Z' uid='1' user='osm_generator' visible='true' version='1' changeset='1' lat='47.59406103' lon='37.72549954' />
  <node id='1104' timestamp='2026-06-02T00:00:00Z' uid='1' user='osm_generator' visible='true' version='1' changeset='1' lat='47.59434882' lon='37.72549954' />
  <node id='1105' timestamp='2026-06-02T00:00:00Z' uid='1' user='osm_generator' visible='true' version='1' changeset='1' lat='47.5946366' lon='37.72549954' />
  <node id='1106' timestamp='2026-06-02T00:00:00Z' uid='1' user='osm_generator' visible='true' version='1' changeset='1' lat='47.59492438' lon='37.72549954' />
  <node id='1107' timestamp='2026-06-02T00:00:00Z' uid='1' user='osm_generator' visible='true' version='1' changeset='1' lat='47.59521216' lon='37.72549954' />
  <node id='1108' timestamp='2026-06-02T00:00:00Z' uid='1' user='osm_generator' visible='true' version='1' changeset='1' lat='47.59549995' lon='37.72549954' />
  <node id='1109' timestamp='2026-06-02T00:00:00Z' uid='1' user='osm_generator' visible='true' version='1' changeset='1' lat='47.59578773' lon='37.72549954' />
  <node id='1110' timestamp='2026-06-02T00:00:00Z' uid='1' user='osm_generator' visible='true' version='1' changeset='1' lat='47.59606652' lon='37.72549954' />
  <node id='1111' timestamp='2026-06-02T00:00:00Z' uid='1' user='osm_generator' visible='true' version='1' changeset='1' lat='47.64403633' lon='37.77494231' />
  <node id='1112' timestamp='2026-06-02T00:00:00Z' uid='1' user='osm_generator' visible='true' version='1' changeset='1' lat='47.64403633' lon='37.77835768' />
  <node id='1113' timestamp='2026-06-02T00:00:00Z' uid='1' user='osm_generator' visible='true' version='1' changeset='1' lat='47.64173407' lon='37.77835768' />
  <node id='1114' timestamp='2026-06-02T00:00:00Z' uid='1' user='osm_generator' visible='true' version='1' changeset='1' lat='47.64173407' lon='37.77494231' />
  <node id='1115' timestamp='2026-06-02T00:00:00Z' uid='1' user='osm_generator' visible='true' version='1' changeset='1' lat='47.59174258' lon='37.74727784' />
  <node id='1116' timestamp='2026-06-02T00:00:00Z' uid='1' user='osm_generator' visible='true' version='1' changeset='1' lat='47.59174258' lon='37.75137628' />
  <node id='1117' timestamp='2026-06-02T00:00:00Z' uid='1' user='osm_generator' visible='true' version='1' changeset='1' lat='47.58897987' lon='37.75137628' />
  <node id='1118' timestamp='2026-06-02T00:00:00Z' uid='1' user='osm_generator' visible='true' version='1' changeset='1' lat='47.58897987' lon='37.74727784' />
  <node id='1119' timestamp='2026-06-02T00:00:00Z' uid='1' user='osm_generator' visible='true' version='1' changeset='1' lat='47.59082168' lon='37.77528385' />
  <node id='1120' timestamp='2026-06-02T00:00:00Z' uid='1' user='osm_generator' visible='true' version='1' changeset='1' lat='47.59082168' lon='37.77801614' />
  <node id='1121' timestamp='2026-06-02T00:00:00Z' uid='1' user='osm_generator' visible='true' version='1' changeset='1' lat='47.58897987' lon='37.77801614' />
  <node id='1122' timestamp='2026-06-02T00:00:00Z' uid='1' user='osm_generator' visible='true' version='1' changeset='1' lat='47.58897987' lon='37.77528385' />
  <node id='1123' timestamp='2026-06-02T00:00:00Z' uid='1' user='osm_generator' visible='true' version='1' changeset='1' lat='47.59174258' lon='37.80192371' />
  <node id='1124' timestamp='2026-06-02T00:00:00Z' uid='1' user='osm_generator' visible='true' version='1' changeset='1' lat='47.59174258' lon='37.80602215' />
  <node id='1125' timestamp='2026-06-02T00:00:00Z' uid='1' user='osm_generator' visible='true' version='1' changeset='1' lat='47.58897987' lon='37.80602215' />
  <node id='1126' timestamp='2026-06-02T00:00:00Z' uid='1' user='osm_generator' visible='true' version='1' changeset='1' lat='47.58897987' lon='37.80192371' />
  <node id='1131' timestamp='2026-06-02T00:00:00Z' uid='1' user='osm_generator' visible='true' version='1' changeset='1' lat='47.58697438' lon='37.76648394' />
  <node id='1132' timestamp='2026-06-02T00:00:00Z' uid='1' user='osm_generator' visible='true' version='1' changeset='1' lat='47.58697438' lon='37.77315458' />
  <node id='1133' timestamp='2026-06-02T00:00:00Z' uid='1' user='osm_generator' visible='true' version='1' changeset='1' lat='47.58247777' lon='37.77315458' />
  <node id='1134' timestamp='2026-06-02T00:00:00Z' uid='1' user='osm_generator' visible='true' version='1' changeset='1' lat='47.58247777' lon='37.76648394' />
  <node id='1135' timestamp='2026-06-02T00:00:00Z' uid='1' user='osm_generator' visible='true' version='1' changeset='1' lat='47.64403633' lon='37.75439674' />
  <node id='1136' timestamp='2026-06-02T00:00:00Z' uid='1' user='osm_generator' visible='true' version='1' changeset='1' lat='47.64403633' lon='37.75610443' />
  <node id='1137' timestamp='2026-06-02T00:00:00Z' uid='1' user='osm_generator' visible='true' version='1' changeset='1' lat='47.6428852' lon='37.75610443' />
  <node id='1138' timestamp='2026-06-02T00:00:00Z' uid='1' user='osm_generator' visible='true' version='1' changeset='1' lat='47.6428852' lon='37.75439674' />
  <node id='1139' timestamp='2026-06-02T00:00:00Z' uid='1' user='osm_generator' visible='true' version='1' changeset='1' lat='47.64403633' lon='37.75621116' />
  <node id='1140' timestamp='2026-06-02T00:00:00Z' uid='1' user='osm_generator' visible='true' version='1' changeset='1' lat='47.64403633' lon='37.75791884' />
  <node id='1141' timestamp='2026-06-02T00:00:00Z' uid='1' user='osm_generator' visible='true' version='1' changeset='1' lat='47.6428852' lon='37.75791884' />
  <node id='1142' timestamp='2026-06-02T00:00:00Z' uid='1' user='osm_generator' visible='true' version='1' changeset='1' lat='47.6428852' lon='37.75621116' />
  <node id='1143' timestamp='2026-06-02T00:00:00Z' uid='1' user='osm_generator' visible='true' version='1' changeset='1' lat='47.64403633' lon='37.76805821' />
  <node id='1144' timestamp='2026-06-02T00:00:00Z' uid='1' user='osm_generator' visible='true' version='1' changeset='1' lat='47.64403633' lon='37.76976589' />
  <node id='1145' timestamp='2026-06-02T00:00:00Z' uid='1' user='osm_generator' visible='true' version='1' changeset='1' lat='47.6428852' lon='37.76976589' />
  <node id='1146' timestamp='2026-06-02T00:00:00Z' uid='1' user='osm_generator' visible='true' version='1' changeset='1' lat='47.6428852' lon='37.76805821' />
  <node id='1147' timestamp='2026-06-02T00:00:00Z' uid='1' user='osm_generator' visible='true' version='1' changeset='1' lat='47.64403633' lon='37.78171968' />
  <node id='1148' timestamp='2026-06-02T00:00:00Z' uid='1' user='osm_generator' visible='true' version='1' changeset='1' lat='47.64403633' lon='37.78342736' />
  <node id='1149' timestamp='2026-06-02T00:00:00Z' uid='1' user='osm_generator' visible='true' version='1' changeset='1' lat='47.6428852' lon='37.78342736' />
  <node id='1150' timestamp='2026-06-02T00:00:00Z' uid='1' user='osm_generator' visible='true' version='1' changeset='1' lat='47.6428852' lon='37.78171968' />
  <node id='1151' timestamp='2026-06-02T00:00:00Z' uid='1' user='osm_generator' visible='true' version='1' changeset='1' lat='47.64403633' lon='37.79538115' />
  <node id='1152' timestamp='2026-06-02T00:00:00Z' uid='1' user='osm_generator' visible='true' version='1' changeset='1' lat='47.64403633' lon='37.79708883' />
  <node id='1153' timestamp='2026-06-02T00:00:00Z' uid='1' user='osm_generator' visible='true' version='1' changeset='1' lat='47.6428852' lon='37.79708883' />
  <node id='1154' timestamp='2026-06-02T00:00:00Z' uid='1' user='osm_generator' visible='true' version='1' changeset='1' lat='47.6428852' lon='37.79538115' />
  <node id='1155' timestamp='2026-06-02T00:00:00Z' uid='1' user='osm_generator' visible='true' version='1' changeset='1' lat='47.590131' lon='37.74254969' />
  <node id='1156' timestamp='2026-06-02T00:00:00Z' uid='1' user='osm_generator' visible='true' version='1' changeset='1' lat='47.590131' lon='37.74425737' />
  <node id='1157' timestamp='2026-06-02T00:00:00Z' uid='1' user='osm_generator' visible='true' version='1' changeset='1' lat='47.58897987' lon='37.74425737' />
  <node id='1158' timestamp='2026-06-02T00:00:00Z' uid='1' user='osm_generator' visible='true' version='1' changeset='1' lat='47.58897987' lon='37.74254969' />
  <node id='1159' timestamp='2026-06-02T00:00:00Z' uid='1' user='osm_generator' visible='true' version='1' changeset='1' lat='47.590131' lon='37.75621116' />
  <node id='1160' timestamp='2026-06-02T00:00:00Z' uid='1' user='osm_generator' visible='true' version='1' changeset='1' lat='47.590131' lon='37.75791884' />
  <node id='1161' timestamp='2026-06-02T00:00:00Z' uid='1' user='osm_generator' visible='true' version='1' changeset='1' lat='47.58897987' lon='37.75791884' />
  <node id='1162' timestamp='2026-06-02T00:00:00Z' uid='1' user='osm_generator' visible='true' version='1' changeset='1' lat='47.58897987' lon='37.75621116' />
  <node id='1163' timestamp='2026-06-02T00:00:00Z' uid='1' user='osm_generator' visible='true' version='1' changeset='1' lat='47.590131' lon='37.76987263' />
  <node id='1164' timestamp='2026-06-02T00:00:00Z' uid='1' user='osm_generator' visible='true' version='1' changeset='1' lat='47.590131' lon='37.77158031' />
  <node id='1165' timestamp='2026-06-02T00:00:00Z' uid='1' user='osm_generator' visible='true' version='1' changeset='1' lat='47.58897987' lon='37.77158031' />
  <node id='1166' timestamp='2026-06-02T00:00:00Z' uid='1' user='osm_generator' visible='true' version='1' changeset='1' lat='47.58897987' lon='37.76987263' />
  <node id='1167' timestamp='2026-06-02T00:00:00Z' uid='1' user='osm_generator' visible='true' version='1' changeset='1' lat='47.590131' lon='37.78353409' />
  <node id='1168' timestamp='2026-06-02T00:00:00Z' uid='1' user='osm_generator' visible='true' version='1' changeset='1' lat='47.590131' lon='37.78524178' />
  <node id='1169' timestamp='2026-06-02T00:00:00Z' uid='1' user='osm_generator' visible='true' version='1' changeset='1' lat='47.58897987' lon='37.78524178' />
  <node id='1170' timestamp='2026-06-02T00:00:00Z' uid='1' user='osm_generator' visible='true' version='1' changeset='1' lat='47.58897987' lon='37.78353409' />
  <node id='1171' timestamp='2026-06-02T00:00:00Z' uid='1' user='osm_generator' visible='true' version='1' changeset='1' lat='47.590131' lon='37.79538115' />
  <node id='1172' timestamp='2026-06-02T00:00:00Z' uid='1' user='osm_generator' visible='true' version='1' changeset='1' lat='47.590131' lon='37.79708883' />
  <node id='1173' timestamp='2026-06-02T00:00:00Z' uid='1' user='osm_generator' visible='true' version='1' changeset='1' lat='47.58897987' lon='37.79708883' />
  <node id='1174' timestamp='2026-06-02T00:00:00Z' uid='1' user='osm_generator' visible='true' version='1' changeset='1' lat='47.58897987' lon='37.79538115' />
  <node id='1175' timestamp='2026-06-02T00:00:00Z' uid='1' user='osm_generator' visible='true' version='1' changeset='1' lat='47.64471083' lon='37.71517339' />
  <node id='1176' timestamp='2026-06-02T00:00:00Z' uid='1' user='osm_generator' visible='true' version='1' changeset='1' lat='47.64471083' lon='37.72883486' />
  <node id='1177' timestamp='2026-06-02T00:00:00Z' uid='1' user='osm_generator' visible='true' version='1' changeset='1' lat='47.64471083' lon='37.74249632' />
  <node id='1178' timestamp='2026-06-02T00:00:00Z' uid='1' user='osm_generator' visible='true' version='1' changeset='1' lat='47.64471083' lon='37.75615779' />
  <node id='1179' timestamp='2026-06-02T00:00:00Z' uid='1' user='osm_generator' visible='true' version='1' changeset='1' lat='47.64471083' lon='37.76981926' />
  <node id='1180' timestamp='2026-06-02T00:00:00Z' uid='1' user='osm_generator' visible='true' version='1' changeset='1' lat='47.64471083' lon='37.78348073' />
  <node id='1181' timestamp='2026-06-02T00:00:00Z' uid='1' user='osm_generator' visible='true' version='1' changeset='1' lat='47.64471083' lon='37.7971422' />
  <node id='1182' timestamp='2026-06-02T00:00:00Z' uid='1' user='osm_generator' visible='true' version='1' changeset='1' lat='47.64471083' lon='37.81080366' />
  <node id='1183' timestamp='2026-06-02T00:00:00Z' uid='1' user='osm_generator' visible='true' version='1' changeset='1' lat='47.64471083' lon='37.82446513' />
  <node id='1184' timestamp='2026-06-02T00:00:00Z' uid='1' user='osm_generator' visible='true' version='1' changeset='1' lat='47.64413526' lon='37.71517339' />
  <node id='1185' action='modify' timestamp='2026-06-02T00:00:00Z' uid='1' user='osm_generator' visible='true' version='1' changeset='1' lat='47.64413526' lon='37.72883486' />
  <node id='1186' timestamp='2026-06-02T00:00:00Z' uid='1' user='osm_generator' visible='true' version='1' changeset='1' lat='47.64413526' lon='37.74249632' />
  <node id='1187' timestamp='2026-06-02T00:00:00Z' uid='1' user='osm_generator' visible='true' version='1' changeset='1' lat='47.64413526' lon='37.75615779' />
  <node id='1188' timestamp='2026-06-02T00:00:00Z' uid='1' user='osm_generator' visible='true' version='1' changeset='1' lat='47.64413526' lon='37.76981926' />
  <node id='1189' timestamp='2026-06-02T00:00:00Z' uid='1' user='osm_generator' visible='true' version='1' changeset='1' lat='47.64413526' lon='37.78348073' />
  <node id='1190' timestamp='2026-06-02T00:00:00Z' uid='1' user='osm_generator' visible='true' version='1' changeset='1' lat='47.64413526' lon='37.7971422' />
  <node id='1191' timestamp='2026-06-02T00:00:00Z' uid='1' user='osm_generator' visible='true' version='1' changeset='1' lat='47.64413526' lon='37.81080366' />
  <node id='1192' timestamp='2026-06-02T00:00:00Z' uid='1' user='osm_generator' visible='true' version='1' changeset='1' lat='47.64413526' lon='37.82446513' />
  <node id='1193' timestamp='2026-06-02T00:00:00Z' uid='1' user='osm_generator' visible='true' version='1' changeset='1' lat='47.63492621' lon='37.71517339' />
  <node id='1194' action='modify' timestamp='2026-06-02T00:00:00Z' uid='1' user='osm_generator' visible='true' version='1' changeset='1' lat='47.63492621' lon='37.72883486' />
  <node id='1195' timestamp='2026-06-02T00:00:00Z' uid='1' user='osm_generator' visible='true' version='1' changeset='1' lat='47.63492621' lon='37.74249632' />
  <node id='1196' timestamp='2026-06-02T00:00:00Z' uid='1' user='osm_generator' visible='true' version='1' changeset='1' lat='47.63492621' lon='37.75615779' />
  <node id='1197' timestamp='2026-06-02T00:00:00Z' uid='1' user='osm_generator' visible='true' version='1' changeset='1' lat='47.63492621' lon='37.76981926' />
  <node id='1198' timestamp='2026-06-02T00:00:00Z' uid='1' user='osm_generator' visible='true' version='1' changeset='1' lat='47.63492621' lon='37.78348073' />
  <node id='1199' timestamp='2026-06-02T00:00:00Z' uid='1' user='osm_generator' visible='true' version='1' changeset='1' lat='47.63492621' lon='37.7971422' />
  <node id='1200' timestamp='2026-06-02T00:00:00Z' uid='1' user='osm_generator' visible='true' version='1' changeset='1' lat='47.63492621' lon='37.80740164' />
  <node id='1201' timestamp='2026-06-02T00:00:00Z' uid='1' user='osm_generator' visible='true' version='1' changeset='1' lat='47.63492621' lon='37.81420569' />
  <node id='1202' timestamp='2026-06-02T00:00:00Z' uid='1' user='osm_generator' visible='true' version='1' changeset='1' lat='47.63492621' lon='37.82446513' />
  <node id='1203' timestamp='2026-06-02T00:00:00Z' uid='1' user='osm_generator' visible='true' version='1' changeset='1' lat='47.62571715' lon='37.71517339' />
  <node id='1204' action='modify' timestamp='2026-06-02T00:00:00Z' uid='1' user='osm_generator' visible='true' version='1' changeset='1' lat='47.62571715' lon='37.72883486' />
  <node id='1205' timestamp='2026-06-02T00:00:00Z' uid='1' user='osm_generator' visible='true' version='1' changeset='1' lat='47.62571715' lon='37.74249632' />
  <node id='1206' timestamp='2026-06-02T00:00:00Z' uid='1' user='osm_generator' visible='true' version='1' changeset='1' lat='47.62571715' lon='37.75615779' />
  <node id='1207' timestamp='2026-06-02T00:00:00Z' uid='1' user='osm_generator' visible='true' version='1' changeset='1' lat='47.62571715' lon='37.76981926' />
  <node id='1208' timestamp='2026-06-02T00:00:00Z' uid='1' user='osm_generator' visible='true' version='1' changeset='1' lat='47.62571715' lon='37.78348073' />
  <node id='1209' timestamp='2026-06-02T00:00:00Z' uid='1' user='osm_generator' visible='true' version='1' changeset='1' lat='47.62571715' lon='37.78690944' />
  <node id='1210' timestamp='2026-06-02T00:00:00Z' uid='1' user='osm_generator' visible='true' version='1' changeset='1' lat='47.62571715' lon='37.79371349' />
  <node id='1211' timestamp='2026-06-02T00:00:00Z' uid='1' user='osm_generator' visible='true' version='1' changeset='1' lat='47.62571715' lon='37.7971422' />
  <node id='1212' timestamp='2026-06-02T00:00:00Z' uid='1' user='osm_generator' visible='true' version='1' changeset='1' lat='47.62571715' lon='37.81080366' />
  <node id='1213' timestamp='2026-06-02T00:00:00Z' uid='1' user='osm_generator' visible='true' version='1' changeset='1' lat='47.62571715' lon='37.82446513' />
  <node id='1214' timestamp='2026-06-02T00:00:00Z' uid='1' user='osm_generator' visible='true' version='1' changeset='1' lat='47.6165081' lon='37.71517339' />
  <node id='1215' action='modify' timestamp='2026-06-02T00:00:00Z' uid='1' user='osm_generator' visible='true' version='1' changeset='1' lat='47.6165081' lon='37.72883486' />
  <node id='1216' timestamp='2026-06-02T00:00:00Z' uid='1' user='osm_generator' visible='true' version='1' changeset='1' lat='47.6165081' lon='37.74249632' />
  <node id='1217' timestamp='2026-06-02T00:00:00Z' uid='1' user='osm_generator' visible='true' version='1' changeset='1' lat='47.6165081' lon='37.75615779' />
  <node id='1218' timestamp='2026-06-02T00:00:00Z' uid='1' user='osm_generator' visible='true' version='1' changeset='1' lat='47.6165081' lon='37.76641723' />
  <node id='1219' timestamp='2026-06-02T00:00:00Z' uid='1' user='osm_generator' visible='true' version='1' changeset='1' lat='47.6165081' lon='37.77322129' />
  <node id='1220' timestamp='2026-06-02T00:00:00Z' uid='1' user='osm_generator' visible='true' version='1' changeset='1' lat='47.6165081' lon='37.78348073' />
  <node id='1221' timestamp='2026-06-02T00:00:00Z' uid='1' user='osm_generator' visible='true' version='1' changeset='1' lat='47.6165081' lon='37.7971422' />
  <node id='1222' timestamp='2026-06-02T00:00:00Z' uid='1' user='osm_generator' visible='true' version='1' changeset='1' lat='47.6165081' lon='37.81080366' />
  <node id='1223' timestamp='2026-06-02T00:00:00Z' uid='1' user='osm_generator' visible='true' version='1' changeset='1' lat='47.6165081' lon='37.82446513' />
  <node id='1224' timestamp='2026-06-02T00:00:00Z' uid='1' user='osm_generator' visible='true' version='1' changeset='1' lat='47.60729905' lon='37.71517339' />
  <node id='1225' action='modify' timestamp='2026-06-02T00:00:00Z' uid='1' user='osm_generator' visible='true' version='1' changeset='1' lat='47.60729905' lon='37.72883486' />
  <node id='1226' timestamp='2026-06-02T00:00:00Z' uid='1' user='osm_generator' visible='true' version='1' changeset='1' lat='47.60729905' lon='37.74249632' />
  <node id='1227' timestamp='2026-06-02T00:00:00Z' uid='1' user='osm_generator' visible='true' version='1' changeset='1' lat='47.60729905' lon='37.74592503' />
  <node id='1228' timestamp='2026-06-02T00:00:00Z' uid='1' user='osm_generator' visible='true' version='1' changeset='1' lat='47.60729905' lon='37.75272908' />
  <node id='1229' timestamp='2026-06-02T00:00:00Z' uid='1' user='osm_generator' visible='true' version='1' changeset='1' lat='47.60729905' lon='37.75615779' />
  <node id='1230' timestamp='2026-06-02T00:00:00Z' uid='1' user='osm_generator' visible='true' version='1' changeset='1' lat='47.60729905' lon='37.76981926' />
  <node id='1231' timestamp='2026-06-02T00:00:00Z' uid='1' user='osm_generator' visible='true' version='1' changeset='1' lat='47.60729905' lon='37.78348073' />
  <node id='1232' timestamp='2026-06-02T00:00:00Z' uid='1' user='osm_generator' visible='true' version='1' changeset='1' lat='47.60729905' lon='37.7971422' />
  <node id='1233' timestamp='2026-06-02T00:00:00Z' uid='1' user='osm_generator' visible='true' version='1' changeset='1' lat='47.60729905' lon='37.81080366' />
  <node id='1234' timestamp='2026-06-02T00:00:00Z' uid='1' user='osm_generator' visible='true' version='1' changeset='1' lat='47.60729905' lon='37.82446513' />
  <node id='1235' timestamp='2026-06-02T00:00:00Z' uid='1' user='osm_generator' visible='true' version='1' changeset='1' lat='47.59808999' lon='37.71517339' />
  <node id='1236' timestamp='2026-06-02T00:00:00Z' uid='1' user='osm_generator' visible='true' version='1' changeset='1' lat='47.59808999' lon='37.72543283' />
  <node id='1237' timestamp='2026-06-02T00:00:00Z' uid='1' user='osm_generator' visible='true' version='1' changeset='1' lat='47.59808999' lon='37.73223688' />
  <node id='1238' timestamp='2026-06-02T00:00:00Z' uid='1' user='osm_generator' visible='true' version='1' changeset='1' lat='47.59808999' lon='37.74249632' />
  <node id='1239' timestamp='2026-06-02T00:00:00Z' uid='1' user='osm_generator' visible='true' version='1' changeset='1' lat='47.59808999' lon='37.75615779' />
  <node id='1240' timestamp='2026-06-02T00:00:00Z' uid='1' user='osm_generator' visible='true' version='1' changeset='1' lat='47.59808999' lon='37.76981926' />
  <node id='1241' timestamp='2026-06-02T00:00:00Z' uid='1' user='osm_generator' visible='true' version='1' changeset='1' lat='47.59808999' lon='37.78348073' />
  <node id='1242' timestamp='2026-06-02T00:00:00Z' uid='1' user='osm_generator' visible='true' version='1' changeset='1' lat='47.59808999' lon='37.7971422' />
  <node id='1243' timestamp='2026-06-02T00:00:00Z' uid='1' user='osm_generator' visible='true' version='1' changeset='1' lat='47.59808999' lon='37.81080366' />
  <node id='1244' timestamp='2026-06-02T00:00:00Z' uid='1' user='osm_generator' visible='true' version='1' changeset='1' lat='47.59808999' lon='37.82446513' />
  <node id='1245' timestamp='2026-06-02T00:00:00Z' uid='1' user='osm_generator' visible='true' version='1' changeset='1' lat='47.58888094' lon='37.71517339' />
  <node id='1246' timestamp='2026-06-02T00:00:00Z' uid='1' user='osm_generator' visible='true' version='1' changeset='1' lat='47.58888094' lon='37.72883486' />
  <node id='1247' timestamp='2026-06-02T00:00:00Z' uid='1' user='osm_generator' visible='true' version='1' changeset='1' lat='47.58888094' lon='37.74249632' />
  <node id='1248' timestamp='2026-06-02T00:00:00Z' uid='1' user='osm_generator' visible='true' version='1' changeset='1' lat='47.58888094' lon='37.75615779' />
  <node id='1249' timestamp='2026-06-02T00:00:00Z' uid='1' user='osm_generator' visible='true' version='1' changeset='1' lat='47.58888094' lon='37.76981926' />
  <node id='1250' timestamp='2026-06-02T00:00:00Z' uid='1' user='osm_generator' visible='true' version='1' changeset='1' lat='47.58888094' lon='37.78348073' />
  <node id='1251' timestamp='2026-06-02T00:00:00Z' uid='1' user='osm_generator' visible='true' version='1' changeset='1' lat='47.58888094' lon='37.7971422' />
  <node id='1252' timestamp='2026-06-02T00:00:00Z' uid='1' user='osm_generator' visible='true' version='1' changeset='1' lat='47.58888094' lon='37.81080366' />
  <node id='1253' timestamp='2026-06-02T00:00:00Z' uid='1' user='osm_generator' visible='true' version='1' changeset='1' lat='47.58888094' lon='37.82446513' />
  <node id='1254' action='modify' timestamp='2026-06-02T00:00:00Z' uid='1' user='osm_generator' visible='true' version='1' changeset='1' lat='47.60267318' lon='37.72883486' />
  <node id='1255' timestamp='2026-06-02T00:00:00Z' uid='1' user='osm_generator' visible='true' version='1' changeset='1' lat='47.60651061' lon='37.74249632' />
  <node id='1256' timestamp='2026-06-02T00:00:00Z' uid='1' user='osm_generator' visible='true' version='1' changeset='1' lat='47.60484683' lon='37.74249632' />
  <node id='1257' timestamp='2026-06-02T00:00:00Z' uid='1' user='osm_generator' visible='true' version='1' changeset='1' lat='47.60975123' lon='37.75615779' />
  <node id='1258' timestamp='2026-06-02T00:00:00Z' uid='1' user='osm_generator' visible='true' version='1' changeset='1' lat='47.60808745' lon='37.75615779' />
  <node id='1259' timestamp='2026-06-02T00:00:00Z' uid='1' user='osm_generator' visible='true' version='1' changeset='1' lat='47.62109132' lon='37.76981926' />
  <node id='1260' timestamp='2026-06-02T00:00:00Z' uid='1' user='osm_generator' visible='true' version='1' changeset='1' lat='47.61192488' lon='37.76981926' />
  <node id='1261' timestamp='2026-06-02T00:00:00Z' uid='1' user='osm_generator' visible='true' version='1' changeset='1' lat='47.62492875' lon='37.78348073' />
  <node id='1262' timestamp='2026-06-02T00:00:00Z' uid='1' user='osm_generator' visible='true' version='1' changeset='1' lat='47.62326497' lon='37.78348073' />
  <node id='1263' timestamp='2026-06-02T00:00:00Z' uid='1' user='osm_generator' visible='true' version='1' changeset='1' lat='47.62816937' lon='37.7971422' />
  <node id='1264' timestamp='2026-06-02T00:00:00Z' uid='1' user='osm_generator' visible='true' version='1' changeset='1' lat='47.62650559' lon='37.7971422' />
  <node id='1265' timestamp='2026-06-02T00:00:00Z' uid='1' user='osm_generator' visible='true' version='1' changeset='1' lat='47.63034302' lon='37.81080366' />
  <node id='1266' timestamp='2026-06-02T00:00:00Z' uid='1' user='osm_generator' visible='true' version='1' changeset='1' lat='47.64298413' lon='37.81080366' />
  <node id='1267' timestamp='2026-06-02T00:00:00Z' uid='1' user='osm_generator' visible='true' version='1' changeset='1' lat='47.641833' lon='37.81080366' />
  <node id='1268' timestamp='2026-06-02T00:00:00Z' uid='1' user='osm_generator' visible='true' version='1' changeset='1' lat='47.64068186' lon='37.81080366' />
  <node id='1269' timestamp='2026-06-02T00:00:00Z' uid='1' user='osm_generator' visible='true' version='1' changeset='1' lat='47.63953073' lon='37.81080366' />
  <node id='1270' timestamp='2026-06-02T00:00:00Z' uid='1' user='osm_generator' visible='true' version='1' changeset='1' lat='47.6383796' lon='37.81080366' />
  <node id='1271' timestamp='2026-06-02T00:00:00Z' uid='1' user='osm_generator' visible='true' version='1' changeset='1' lat='47.63722847' lon='37.81080366' />
  <node id='1272' timestamp='2026-06-02T00:00:00Z' uid='1' user='osm_generator' visible='true' version='1' changeset='1' lat='47.63607734' lon='37.81080366' />
  <node id='1273' timestamp='2026-06-02T00:00:00Z' uid='1' user='osm_generator' visible='true' version='1' changeset='1' lat='47.63492621' lon='37.81080366' />
  <node id='1274' timestamp='2026-06-02T00:00:00Z' uid='1' user='osm_generator' visible='true' version='1' changeset='1' lat='47.63377507' lon='37.81080366' />
  <node id='1275' timestamp='2026-06-02T00:00:00Z' uid='1' user='osm_generator' visible='true' version='1' changeset='1' lat='47.63262394' lon='37.81070499' />
  <node id='1276' timestamp='2026-06-02T00:00:00Z' uid='1' user='osm_generator' visible='true' version='1' changeset='1' lat='47.63147281' lon='37.80960577' />
  <node id='1277' timestamp='2026-06-02T00:00:00Z' uid='1' user='osm_generator' visible='true' version='1' changeset='1' lat='47.63032168' lon='37.8073501' />
  <node id='1278' timestamp='2026-06-02T00:00:00Z' uid='1' user='osm_generator' visible='true' version='1' changeset='1' lat='47.62917055' lon='37.80407318' />
  <node id='1279' timestamp='2026-06-02T00:00:00Z' uid='1' user='osm_generator' visible='true' version='1' changeset='1' lat='47.62801942' lon='37.79997142' />
  <node id='1280' timestamp='2026-06-02T00:00:00Z' uid='1' user='osm_generator' visible='true' version='1' changeset='1' lat='47.62731108' lon='37.7971422' />
  <node id='1281' timestamp='2026-06-02T00:00:00Z' uid='1' user='osm_generator' visible='true' version='1' changeset='1' lat='47.62686828' lon='37.79529066' />
  <node id='1282' timestamp='2026-06-02T00:00:00Z' uid='1' user='osm_generator' visible='true' version='1' changeset='1' lat='47.62571715' lon='37.79031146' />
  <node id='1283' timestamp='2026-06-02T00:00:00Z' uid='1' user='osm_generator' visible='true' version='1' changeset='1' lat='47.62456602' lon='37.78533226' />
  <node id='1284' timestamp='2026-06-02T00:00:00Z' uid='1' user='osm_generator' visible='true' version='1' changeset='1' lat='47.62412326' lon='37.78348073' />
  <node id='1285' timestamp='2026-06-02T00:00:00Z' uid='1' user='osm_generator' visible='true' version='1' changeset='1' lat='47.62341489' lon='37.7806515' />
  <node id='1286' timestamp='2026-06-02T00:00:00Z' uid='1' user='osm_generator' visible='true' version='1' changeset='1' lat='47.62226376' lon='37.77654974' />
  <node id='1287' timestamp='2026-06-02T00:00:00Z' uid='1' user='osm_generator' visible='true' version='1' changeset='1' lat='47.62111263' lon='37.77327282' />
  <node id='1288' timestamp='2026-06-02T00:00:00Z' uid='1' user='osm_generator' visible='true' version='1' changeset='1' lat='47.61996149' lon='37.77101715' />
  <node id='1289' timestamp='2026-06-02T00:00:00Z' uid='1' user='osm_generator' visible='true' version='1' changeset='1' lat='47.61881036' lon='37.76991794' />
  <node id='1290' timestamp='2026-06-02T00:00:00Z' uid='1' user='osm_generator' visible='true' version='1' changeset='1' lat='47.61834994' lon='37.76981926' />
  <node id='1291' timestamp='2026-06-02T00:00:00Z' uid='1' user='osm_generator' visible='true' version='1' changeset='1' lat='47.61765923' lon='37.76981926' />
  <node id='1292' timestamp='2026-06-02T00:00:00Z' uid='1' user='osm_generator' visible='true' version='1' changeset='1' lat='47.6165081' lon='37.76981926' />
  <node id='1293' timestamp='2026-06-02T00:00:00Z' uid='1' user='osm_generator' visible='true' version='1' changeset='1' lat='47.61535697' lon='37.76981926' />
  <node id='1294' timestamp='2026-06-02T00:00:00Z' uid='1' user='osm_generator' visible='true' version='1' changeset='1' lat='47.61420584' lon='37.76972058' />
  <node id='1295' timestamp='2026-06-02T00:00:00Z' uid='1' user='osm_generator' visible='true' version='1' changeset='1' lat='47.61305471' lon='37.76862137' />
  <node id='1296' timestamp='2026-06-02T00:00:00Z' uid='1' user='osm_generator' visible='true' version='1' changeset='1' lat='47.61190357' lon='37.7663657' />
  <node id='1297' timestamp='2026-06-02T00:00:00Z' uid='1' user='osm_generator' visible='true' version='1' changeset='1' lat='47.61075244' lon='37.76308878' />
  <node id='1298' timestamp='2026-06-02T00:00:00Z' uid='1' user='osm_generator' visible='true' version='1' changeset='1' lat='47.60960131' lon='37.75898702' />
  <node id='1299' timestamp='2026-06-02T00:00:00Z' uid='1' user='osm_generator' visible='true' version='1' changeset='1' lat='47.60889294' lon='37.75615779' />
  <node id='1300' timestamp='2026-06-02T00:00:00Z' uid='1' user='osm_generator' visible='true' version='1' changeset='1' lat='47.60845018' lon='37.75430626' />
  <node id='1301' timestamp='2026-06-02T00:00:00Z' uid='1' user='osm_generator' visible='true' version='1' changeset='1' lat='47.60729905' lon='37.74932706' />
  <node id='1302' timestamp='2026-06-02T00:00:00Z' uid='1' user='osm_generator' visible='true' version='1' changeset='1' lat='47.60614792' lon='37.74434786' />
  <node id='1303' timestamp='2026-06-02T00:00:00Z' uid='1' user='osm_generator' visible='true' version='1' changeset='1' lat='47.60570512' lon='37.74249632' />
  <node id='1304' timestamp='2026-06-02T00:00:00Z' uid='1' user='osm_generator' visible='true' version='1' changeset='1' lat='47.60499678' lon='37.7396671' />
  <node id='1305' timestamp='2026-06-02T00:00:00Z' uid='1' user='osm_generator' visible='true' version='1' changeset='1' lat='47.60384565' lon='37.73556534' />
  <node id='1306' timestamp='2026-06-02T00:00:00Z' uid='1' user='osm_generator' visible='true' version='1' changeset='1' lat='47.60269452' lon='37.73228842' />
  <node id='1307' timestamp='2026-06-02T00:00:00Z' uid='1' user='osm_generator' visible='true' version='1' changeset='1' lat='47.60154339' lon='37.73003275' />
  <node id='1308' timestamp='2026-06-02T00:00:00Z' uid='1' user='osm_generator' visible='true' version='1' changeset='1' lat='47.60039226' lon='37.72893353' />
  <node id='1309' timestamp='2026-06-02T00:00:00Z' uid='1' user='osm_generator' visible='true' version='1' changeset='1' lat='47.59993179' lon='37.72883486' />
  <node id='1310' timestamp='2026-06-02T00:00:00Z' uid='1' user='osm_generator' visible='true' version='1' changeset='1' lat='47.59924113' lon='37.72883486' />
  <node id='1311' timestamp='2026-06-02T00:00:00Z' uid='1' user='osm_generator' visible='true' version='1' changeset='1' lat='47.59808999' lon='37.72883486' />
  <node id='1312' timestamp='2026-06-02T00:00:00Z' uid='1' user='osm_generator' visible='true' version='1' changeset='1' lat='47.59693886' lon='37.72883486' />
  <node id='1313' timestamp='2026-06-02T00:00:00Z' uid='1' user='osm_generator' visible='true' version='1' changeset='1' lat='47.59578773' lon='37.72883486' />
  <node id='1314' timestamp='2026-06-02T00:00:00Z' uid='1' user='osm_generator' visible='true' version='1' changeset='1' lat='47.5946366' lon='37.72883486' />
  <node id='1315' timestamp='2026-06-02T00:00:00Z' uid='1' user='osm_generator' visible='true' version='1' changeset='1' lat='47.59348547' lon='37.72883486' />
  <node id='1316' timestamp='2026-06-02T00:00:00Z' uid='1' user='osm_generator' visible='true' version='1' changeset='1' lat='47.59233434' lon='37.72883486' />
  <node id='1317' timestamp='2026-06-02T00:00:00Z' uid='1' user='osm_generator' visible='true' version='1' changeset='1' lat='47.5911832' lon='37.72883486' />
  <node id='1318' timestamp='2026-06-02T00:00:00Z' uid='1' user='osm_generator' visible='true' version='1' changeset='1' lat='47.59003207' lon='37.72883486' />
  <node id='1319' timestamp='2026-06-02T00:00:00Z' uid='1' user='osm_generator' visible='true' version='1' changeset='1' lat='47.58103886' lon='37.71650752' />
  <node id='1320' timestamp='2026-06-02T00:00:00Z' uid='1' user='osm_generator' visible='true' version='1' changeset='1' lat='47.58103886' lon='37.76556339' />
  <node id='1321' timestamp='2026-06-02T00:00:00Z' uid='1' user='osm_generator' visible='true' version='1' changeset='1' lat='47.58103886' lon='37.77407513' />
  <node id='1322' timestamp='2026-06-02T00:00:00Z' uid='1' user='osm_generator' visible='true' version='1' changeset='1' lat='47.58103886' lon='37.823131' />
  <node id='1323' timestamp='2026-07-24T00:00:00Z' uid='1' user='osm_generator' visible='true' version='1' changeset='1' lat='47.63953073' lon='37.73737327' />
  <node id='1324' timestamp='2026-07-24T00:00:00Z' uid='1' user='osm_generator' visible='true' version='1' changeset='1' lat='47.641833' lon='37.73737327' />
  <node id='1325' timestamp='2026-07-24T00:00:00Z' uid='1' user='osm_generator' visible='true' version='1' changeset='1' lat='47.641833' lon='37.74249632' />
  <node id='1326' timestamp='2026-07-24T00:00:00Z' uid='1' user='osm_generator' visible='true' version='1' changeset='1' lat='47.64072683' lon='37.74249632' />
  <node id='1327' timestamp='2026-07-24T00:00:00Z' uid='1' user='osm_generator' visible='true' version='1' changeset='1' lat='47.64072683' lon='37.76981926' />
  <node id='1328' timestamp='2026-07-24T00:00:00Z' uid='1' user='osm_generator' visible='true' version='1' changeset='1' lat='47.64072683' lon='37.7971422' />
  <node id='1329' timestamp='2026-07-24T00:00:00Z' uid='1' user='osm_generator' visible='true' version='1' changeset='1' lat='47.64072683' lon='37.82446513' />
  <node id='1330' timestamp='2026-07-24T00:00:00Z' uid='1' user='osm_generator' visible='true' version='1' changeset='1' lat='47.6406369' lon='37.82446513' />
  <node id='1331' timestamp='2026-07-24T00:00:00Z' uid='1' user='osm_generator' visible='true' version='1' changeset='1' lat='47.6406369' lon='37.7971422' />
  <node id='1332' timestamp='2026-07-24T00:00:00Z' uid='1' user='osm_generator' visible='true' version='1' changeset='1' lat='47.6406369' lon='37.76981926' />
  <node id='1333' timestamp='2026-07-24T00:00:00Z' uid='1' user='osm_generator' visible='true' version='1' changeset='1' lat='47.6406369' lon='37.74249632' />
  <node id='1334' timestamp='2026-07-24T00:00:00Z' uid='1' user='osm_generator' visible='true' version='1' changeset='1' lat='47.63953073' lon='37.74249632' />
  <node id='1335' timestamp='2026-07-24T00:00:00Z' uid='1' user='osm_generator' visible='true' version='1' changeset='1' lat='47.64081676' lon='37.71658756' />
  <node id='1336' timestamp='2026-07-24T00:00:00Z' uid='1' user='osm_generator' visible='true' version='1' changeset='1' lat='47.64081676' lon='37.72384255' />
  <node id='1337' timestamp='2026-07-24T00:00:00Z' uid='1' user='osm_generator' visible='true' version='1' changeset='1' lat='47.64387446' lon='37.71658756' />
  <node id='1338' timestamp='2026-07-24T00:00:00Z' uid='1' user='osm_generator' visible='true' version='1' changeset='1' lat='47.64387446' lon='37.72384255' />
  <node id='1339' timestamp='2026-07-24T00:00:00Z' uid='1' user='osm_generator' visible='true' version='1' changeset='1' lat='47.64054697' lon='37.71658756' />
  <node id='1340' timestamp='2026-07-24T00:00:00Z' uid='1' user='osm_generator' visible='true' version='1' changeset='1' lat='47.64054697' lon='37.72384255' />
  <node id='1341' timestamp='2026-07-24T00:00:00Z' uid='1' user='osm_generator' visible='true' version='1' changeset='1' lat='47.63512406' lon='37.72384255' />
  <node id='1342' timestamp='2026-07-24T00:00:00Z' uid='1' user='osm_generator' visible='true' version='1' changeset='1' lat='47.63512406' lon='37.71658756' />
  <node id='1343' timestamp='2026-07-24T00:00:00Z' uid='1' user='osm_generator' visible='true' version='1' changeset='1' lat='47.64081676' lon='37.72400265' />
  <node id='1344' timestamp='2026-07-24T00:00:00Z' uid='1' user='osm_generator' visible='true' version='1' changeset='1' lat='47.64081676' lon='37.72854135' />
  <node id='1345' timestamp='2026-07-24T00:00:00Z' uid='1' user='osm_generator' visible='true' version='1' changeset='1' lat='47.64387446' lon='37.72400265' />
  <node id='1346' timestamp='2026-07-24T00:00:00Z' uid='1' user='osm_generator' visible='true' version='1' changeset='1' lat='47.64387446' lon='37.72854135' />
  <node id='1347' timestamp='2026-07-24T00:00:00Z' uid='1' user='osm_generator' visible='true' version='1' changeset='1' lat='47.64054697' lon='37.72400265' />
  <node id='1348' timestamp='2026-07-24T00:00:00Z' uid='1' user='osm_generator' visible='true' version='1' changeset='1' lat='47.64054697' lon='37.72854135' />
  <node id='1349' timestamp='2026-07-24T00:00:00Z' uid='1' user='osm_generator' visible='true' version='1' changeset='1' lat='47.63512406' lon='37.72854135' />
  <node id='1350' timestamp='2026-07-24T00:00:00Z' uid='1' user='osm_generator' visible='true' version='1' changeset='1' lat='47.63512406' lon='37.72400265' />
  <node id='1351' timestamp='2026-07-24T00:00:00Z' uid='1' user='osm_generator' visible='true' version='1' changeset='1' lat='47.64081676' lon='37.74599174' />
  <node id='1352' timestamp='2026-07-24T00:00:00Z' uid='1' user='osm_generator' visible='true' version='1' changeset='1' lat='47.64081676' lon='37.7501461' />
  <node id='1353' timestamp='2026-07-24T00:00:00Z' uid='1' user='osm_generator' visible='true' version='1' changeset='1' lat='47.64387446' lon='37.74599174' />
  <node id='1354' timestamp='2026-07-24T00:00:00Z' uid='1' user='osm_generator' visible='true' version='1' changeset='1' lat='47.64387446' lon='37.7501461' />
  <node id='1355' timestamp='2026-07-24T00:00:00Z' uid='1' user='osm_generator' visible='true' version='1' changeset='1' lat='47.64054697' lon='37.74599174' />
  <node id='1356' timestamp='2026-07-24T00:00:00Z' uid='1' user='osm_generator' visible='true' version='1' changeset='1' lat='47.64054697' lon='37.7501461' />
  <node id='1357' timestamp='2026-07-24T00:00:00Z' uid='1' user='osm_generator' visible='true' version='1' changeset='1' lat='47.63512406' lon='37.7501461' />
  <node id='1358' timestamp='2026-07-24T00:00:00Z' uid='1' user='osm_generator' visible='true' version='1' changeset='1' lat='47.63512406' lon='37.74599174' />
  <node id='1359' timestamp='2026-07-24T00:00:00Z' uid='1' user='osm_generator' visible='true' version='1' changeset='1' lat='47.64081676' lon='37.75030619' />
  <node id='1360' timestamp='2026-07-24T00:00:00Z' uid='1' user='osm_generator' visible='true' version='1' changeset='1' lat='47.64081676' lon='37.75586428' />
  <node id='1361' timestamp='2026-07-24T00:00:00Z' uid='1' user='osm_generator' visible='true' version='1' changeset='1' lat='47.64283124' lon='37.75030619' />
  <node id='1362' timestamp='2026-07-24T00:00:00Z' uid='1' user='osm_generator' visible='true' version='1' changeset='1' lat='47.64283124' lon='37.75586428' />
  <node id='1363' timestamp='2026-07-24T00:00:00Z' uid='1' user='osm_generator' visible='true' version='1' changeset='1' lat='47.64054697' lon='37.75030619' />
  <node id='1364' timestamp='2026-07-24T00:00:00Z' uid='1' user='osm_generator' visible='true' version='1' changeset='1' lat='47.64054697' lon='37.75586428' />
  <node id='1365' timestamp='2026-07-24T00:00:00Z' uid='1' user='osm_generator' visible='true' version='1' changeset='1' lat='47.63512406' lon='37.75586428' />
  <node id='1366' timestamp='2026-07-24T00:00:00Z' uid='1' user='osm_generator' visible='true' version='1' changeset='1' lat='47.63512406' lon='37.75030619' />
  <node id='1367' timestamp='2026-07-24T00:00:00Z' uid='1' user='osm_generator' visible='true' version='1' changeset='1' lat='47.64081676' lon='37.7564513' />
  <node id='1368' timestamp='2026-07-24T00:00:00Z' uid='1' user='osm_generator' visible='true' version='1' changeset='1' lat='47.64081676' lon='37.76245951' />
  <node id='1369' timestamp='2026-07-24T00:00:00Z' uid='1' user='osm_generator' visible='true' version='1' changeset='1' lat='47.64283124' lon='37.7564513' />
  <node id='1370' timestamp='2026-07-24T00:00:00Z' uid='1' user='osm_generator' visible='true' version='1' changeset='1' lat='47.64283124' lon='37.76245951' />
  <node id='1371' timestamp='2026-07-24T00:00:00Z' uid='1' user='osm_generator' visible='true' version='1' changeset='1' lat='47.64054697' lon='37.7564513' />
  <node id='1372' timestamp='2026-07-24T00:00:00Z' uid='1' user='osm_generator' visible='true' version='1' changeset='1' lat='47.64054697' lon='37.76245951' />
  <node id='1373' timestamp='2026-07-24T00:00:00Z' uid='1' user='osm_generator' visible='true' version='1' changeset='1' lat='47.63512406' lon='37.76245951' />
  <node id='1374' timestamp='2026-07-24T00:00:00Z' uid='1' user='osm_generator' visible='true' version='1' changeset='1' lat='47.63512406' lon='37.7564513' />
  <node id='1375' timestamp='2026-07-24T00:00:00Z' uid='1' user='osm_generator' visible='true' version='1' changeset='1' lat='47.64081676' lon='37.76261961' />
  <node id='1376' timestamp='2026-07-24T00:00:00Z' uid='1' user='osm_generator' visible='true' version='1' changeset='1' lat='47.64081676' lon='37.76952575' />
  <node id='1377' timestamp='2026-07-24T00:00:00Z' uid='1' user='osm_generator' visible='true' version='1' changeset='1' lat='47.64283124' lon='37.76261961' />
  <node id='1378' timestamp='2026-07-24T00:00:00Z' uid='1' user='osm_generator' visible='true' version='1' changeset='1' lat='47.64283124' lon='37.76952575' />
  <node id='1379' timestamp='2026-07-24T00:00:00Z' uid='1' user='osm_generator' visible='true' version='1' changeset='1' lat='47.64054697' lon='37.76261961' />
  <node id='1380' timestamp='2026-07-24T00:00:00Z' uid='1' user='osm_generator' visible='true' version='1' changeset='1' lat='47.64054697' lon='37.76952575' />
  <node id='1381' timestamp='2026-07-24T00:00:00Z' uid='1' user='osm_generator' visible='true' version='1' changeset='1' lat='47.63512406' lon='37.76952575' />
  <node id='1382' timestamp='2026-07-24T00:00:00Z' uid='1' user='osm_generator' visible='true' version='1' changeset='1' lat='47.63512406' lon='37.76261961' />
  <node id='1383' timestamp='2026-07-24T00:00:00Z' uid='1' user='osm_generator' visible='true' version='1' changeset='1' lat='47.64081676' lon='37.77011277' />
  <node id='1384' timestamp='2026-07-24T00:00:00Z' uid='1' user='osm_generator' visible='true' version='1' changeset='1' lat='47.64081676' lon='37.78318722' />
  <node id='1385' timestamp='2026-07-24T00:00:00Z' uid='1' user='osm_generator' visible='true' version='1' changeset='1' lat='47.64168011' lon='37.77011277' />
  <node id='1386' timestamp='2026-07-24T00:00:00Z' uid='1' user='osm_generator' visible='true' version='1' changeset='1' lat='47.64168011' lon='37.78318722' />
  <node id='1387' timestamp='2026-07-24T00:00:00Z' uid='1' user='osm_generator' visible='true' version='1' changeset='1' lat='47.64054697' lon='37.77011277' />
  <node id='1388' timestamp='2026-07-24T00:00:00Z' uid='1' user='osm_generator' visible='true' version='1' changeset='1' lat='47.64054697' lon='37.78318722' />
  <node id='1389' timestamp='2026-07-24T00:00:00Z' uid='1' user='osm_generator' visible='true' version='1' changeset='1' lat='47.63512406' lon='37.78318722' />
  <node id='1390' timestamp='2026-07-24T00:00:00Z' uid='1' user='osm_generator' visible='true' version='1' changeset='1' lat='47.63512406' lon='37.77011277' />
  <node id='1391' timestamp='2026-07-24T00:00:00Z' uid='1' user='osm_generator' visible='true' version='1' changeset='1' lat='47.64081676' lon='37.78377424' />
  <node id='1392' timestamp='2026-07-24T00:00:00Z' uid='1' user='osm_generator' visible='true' version='1' changeset='1' lat='47.64081676' lon='37.79684869' />
  <node id='1393' timestamp='2026-07-24T00:00:00Z' uid='1' user='osm_generator' visible='true' version='1' changeset='1' lat='47.64283124' lon='37.78377424' />
  <node id='1394' timestamp='2026-07-24T00:00:00Z' uid='1' user='osm_generator' visible='true' version='1' changeset='1' lat='47.64283124' lon='37.79684869' />
  <node id='1395' timestamp='2026-07-24T00:00:00Z' uid='1' user='osm_generator' visible='true' version='1' changeset='1' lat='47.64054697' lon='37.78377424' />
  <node id='1396' timestamp='2026-07-24T00:00:00Z' uid='1' user='osm_generator' visible='true' version='1' changeset='1' lat='47.64054697' lon='37.79684869' />
  <node id='1397' timestamp='2026-07-24T00:00:00Z' uid='1' user='osm_generator' visible='true' version='1' changeset='1' lat='47.63512406' lon='37.79684869' />
  <node id='1398' timestamp='2026-07-24T00:00:00Z' uid='1' user='osm_generator' visible='true' version='1' changeset='1' lat='47.63512406' lon='37.78377424' />
  <node id='1399' timestamp='2026-07-24T00:00:00Z' uid='1' user='osm_generator' visible='true' version='1' changeset='1' lat='47.64081676' lon='37.7974357' />
  <node id='1400' timestamp='2026-07-24T00:00:00Z' uid='1' user='osm_generator' visible='true' version='1' changeset='1' lat='47.64081676' lon='37.80740164' />
  <node id='1401' timestamp='2026-07-24T00:00:00Z' uid='1' user='osm_generator' visible='true' version='1' changeset='1' lat='47.64387446' lon='37.7974357' />
  <node id='1402' timestamp='2026-07-24T00:00:00Z' uid='1' user='osm_generator' visible='true' version='1' changeset='1' lat='47.64387446' lon='37.80740164' />
  <node id='1403' timestamp='2026-07-24T00:00:00Z' uid='1' user='osm_generator' visible='true' version='1' changeset='1' lat='47.64054697' lon='37.7974357' />
  <node id='1404' timestamp='2026-07-24T00:00:00Z' uid='1' user='osm_generator' visible='true' version='1' changeset='1' lat='47.64054697' lon='37.80740164' />
  <node id='1405' timestamp='2026-07-24T00:00:00Z' uid='1' user='osm_generator' visible='true' version='1' changeset='1' lat='47.63512406' lon='37.80740164' />
  <node id='1406' timestamp='2026-07-24T00:00:00Z' uid='1' user='osm_generator' visible='true' version='1' changeset='1' lat='47.63512406' lon='37.7974357' />
  <node id='1407' timestamp='2026-07-24T00:00:00Z' uid='1' user='osm_generator' visible='true' version='1' changeset='1' lat='47.64081676' lon='37.81420569' />
  <node id='1408' timestamp='2026-07-24T00:00:00Z' uid='1' user='osm_generator' visible='true' version='1' changeset='1' lat='47.64081676' lon='37.82305096' />
  <node id='1409' timestamp='2026-07-24T00:00:00Z' uid='1' user='osm_generator' visible='true' version='1' changeset='1' lat='47.64387446' lon='37.81420569' />
  <node id='1410' timestamp='2026-07-24T00:00:00Z' uid='1' user='osm_generator' visible='true' version='1' changeset='1' lat='47.64387446' lon='37.82305096' />
  <node id='1411' timestamp='2026-07-24T00:00:00Z' uid='1' user='osm_generator' visible='true' version='1' changeset='1' lat='47.64054697' lon='37.81420569' />
  <node id='1412' timestamp='2026-07-24T00:00:00Z' uid='1' user='osm_generator' visible='true' version='1' changeset='1' lat='47.64054697' lon='37.82305096' />
  <node id='1413' timestamp='2026-07-24T00:00:00Z' uid='1' user='osm_generator' visible='true' version='1' changeset='1' lat='47.63512406' lon='37.82305096' />
  <node id='1414' timestamp='2026-07-24T00:00:00Z' uid='1' user='osm_generator' visible='true' version='1' changeset='1' lat='47.63512406' lon='37.81420569' />
  <node id='1415' action='modify' timestamp='2026-07-24T00:00:00Z' uid='1' user='osm_generator' visible='true' version='1' changeset='1' lat='47.63949899702' lon='37.72916711737' />
  <node id='1416' action='modify' timestamp='2026-07-24T00:00:00Z' uid='1' user='osm_generator' visible='true' version='1' changeset='1' lat='47.63952048317' lon='37.7373830334' />
  <node id='1417' action='modify' timestamp='2026-07-24T00:00:00Z' uid='1' user='osm_generator' visible='true' version='1' changeset='1' lat='47.6436464426' lon='37.72914322565' />
  <node id='1418' action='modify' timestamp='2026-07-24T00:00:00Z' uid='1' user='osm_generator' visible='true' version='1' changeset='1' lat='47.64366792704' lon='37.73735914167' />
  <node id='1423' timestamp='2026-07-24T00:00:00Z' uid='1' user='osm_generator' visible='true' version='1' changeset='1' lat='47.64081676' lon='37.74249632' />
  <node id='1424' timestamp='2026-07-24T00:00:00Z' uid='1' user='osm_generator' visible='true' version='1' changeset='1' lat='47.64081676' lon='37.74591169' />
  <node id='1425' timestamp='2026-07-24T00:00:00Z' uid='1' user='osm_generator' visible='true' version='1' changeset='1' lat='47.64413526' lon='37.74249632' />
  <node id='1426' timestamp='2026-07-24T00:00:00Z' uid='1' user='osm_generator' visible='true' version='1' changeset='1' lat='47.64413526' lon='37.74591169' />
  <node id='1427' timestamp='2026-07-24T00:00:00Z' uid='1' user='osm_generator' visible='true' version='1' changeset='1' lat='47.64054697' lon='37.74249632' />
  <node id='1428' timestamp='2026-07-24T00:00:00Z' uid='1' user='osm_generator' visible='true' version='1' changeset='1' lat='47.64054697' lon='37.74591169' />
  <node id='1429' timestamp='2026-07-24T00:00:00Z' uid='1' user='osm_generator' visible='true' version='1' changeset='1' lat='47.63492621' lon='37.74591169' />
  <node id='1430' timestamp='2026-07-24T00:00:00Z' uid='1' user='osm_generator' visible='true' version='1' changeset='1' lat='47.63492621' lon='37.74249632' />
  <node id='1431' timestamp='2026-07-24T00:00:00Z' uid='1' user='osm_generator' visible='true' version='1' changeset='1' lat='47.64081676' lon='37.80746834' />
  <node id='1432' timestamp='2026-07-24T00:00:00Z' uid='1' user='osm_generator' visible='true' version='1' changeset='1' lat='47.64081676' lon='37.81413898' />
  <node id='1433' timestamp='2026-07-24T00:00:00Z' uid='1' user='osm_generator' visible='true' version='1' changeset='1' lat='47.64139233' lon='37.80746834' />
  <node id='1434' timestamp='2026-07-24T00:00:00Z' uid='1' user='osm_generator' visible='true' version='1' changeset='1' lat='47.64139233' lon='37.81413898' />
  <node id='1435' timestamp='2026-07-24T00:00:00Z' uid='1' user='osm_generator' visible='true' version='1' changeset='1' lat='47.64054697' lon='37.80746834' />
  <node id='1436' timestamp='2026-07-24T00:00:00Z' uid='1' user='osm_generator' visible='true' version='1' changeset='1' lat='47.64054697' lon='37.81413898' />
  <node id='1437' timestamp='2026-07-24T00:00:00Z' uid='1' user='osm_generator' visible='true' version='1' changeset='1' lat='47.63689572' lon='37.81413898' />
  <node id='1438' timestamp='2026-07-24T00:00:00Z' uid='1' user='osm_generator' visible='true' version='1' changeset='1' lat='47.63689572' lon='37.80746834' />
  <node id='1439' timestamp='2026-07-24T00:00:00Z' uid='1' user='osm_generator' visible='true' version='1' changeset='1' lat='47.64413526' lon='37.73737327' />
  <node id='1440' timestamp='2026-07-24T00:00:00Z' uid='1' user='osm_generator' visible='true' version='1' changeset='1' lat='47.64413526' lon='37.74249632' />
  <node id='1441' timestamp='2026-07-24T00:00:00Z' uid='1' user='osm_generator' visible='true' version='1' changeset='1' lat='47.641833' lon='37.74249632' />
  <node id='1442' timestamp='2026-07-24T00:00:00Z' uid='1' user='osm_generator' visible='true' version='1' changeset='1' lat='47.641833' lon='37.73737327' />
  <way id='-1000' action='modify' visible='true'>
    <nd ref='-25496' />
    <nd ref='-25501' />
    <nd ref='-25519' />
    <nd ref='-25531' />
    <nd ref='-25496' />
    <tag k='landuse' v='farmland' />
  </way>
  <way id='-1001' action='modify' visible='true'>
    <nd ref='-25532' />
    <nd ref='-25520' />
    <nd ref='-25521' />
    <nd ref='-25533' />
    <nd ref='-25532' />
    <tag k='landuse' v='farmland' />
  </way>
  <way id='-1002' action='modify' visible='true'>
    <nd ref='-25526' />
    <nd ref='-25518' />
    <nd ref='-25538' />
    <nd ref='-25539' />
    <nd ref='-25526' />
    <tag k='landuse' v='farmland' />
  </way>
  <way id='-1003' action='modify' visible='true'>
    <nd ref='-25527' />
    <nd ref='-25528' />
    <nd ref='-25529' />
    <nd ref='-25530' />
    <nd ref='-25527' />
    <tag k='landuse' v='farmland' />
  </way>
  <way id='-1004' action='modify' visible='true'>
    <nd ref='-25516' />
    <nd ref='-25517' />
    <nd ref='-25534' />
    <nd ref='-25535' />
    <nd ref='-25516' />
    <tag k='landuse' v='farmland' />
  </way>
  <way id='-1005' action='modify' visible='true'>
    <nd ref='-25524' />
    <nd ref='-25525' />
    <nd ref='-25536' />
    <nd ref='-25537' />
    <nd ref='-25524' />
    <tag k='landuse' v='farmland' />
  </way>
  <way id='-1006' action='modify' visible='true'>
    <nd ref='-25522' />
    <nd ref='-25512' />
    <nd ref='-25513' />
    <nd ref='-25523' />
    <nd ref='-25522' />
    <tag k='landuse' v='farmland' />
  </way>
  <way id='-1007' action='modify' visible='true'>
    <nd ref='-25499' />
    <nd ref='-25500' />
    <nd ref='-25514' />
    <nd ref='-25515' />
    <nd ref='-25499' />
    <tag k='landuse' v='farmland' />
  </way>
  <way id='-1008' action='modify' visible='true'>
    <nd ref='-25506' />
    <nd ref='-25507' />
    <nd ref='-25508' />
    <nd ref='-25509' />
    <nd ref='-25506' />
    <tag k='landuse' v='farmland' />
  </way>
  <way id='-1009' action='modify' visible='true'>
    <nd ref='-25497' />
    <nd ref='-25498' />
    <nd ref='-25510' />
    <nd ref='-25511' />
    <nd ref='-25497' />
    <tag k='landuse' v='farmland' />
  </way>
  <way id='-1010' action='modify' visible='true'>
    <nd ref='-25502' />
    <nd ref='-25503' />
    <nd ref='-25504' />
    <nd ref='-25505' />
    <nd ref='-25502' />
    <tag k='landuse' v='farmland' />
  </way>
  <way id='-2404' action='modify' visible='true'>
    <nd ref='-25650' />
    <nd ref='-25634' />
    <nd ref='-25645' />
    <nd ref='-25658' />
    <nd ref='-25650' />
    <tag k='landuse' v='farmland' />
  </way>
  <way id='-2405' action='modify' visible='true'>
    <nd ref='-25661' />
    <nd ref='-25646' />
    <nd ref='-25642' />
    <nd ref='-25657' />
    <nd ref='-25661' />
    <tag k='landuse' v='farmland' />
  </way>
  <way id='-2406' action='modify' visible='true'>
    <nd ref='-25649' />
    <nd ref='-25625' />
    <nd ref='-25639' />
    <nd ref='-25653' />
    <nd ref='-25649' />
    <tag k='landuse' v='farmland' />
  </way>
  <way id='-2407' action='modify' visible='true'>
    <nd ref='-25654' />
    <nd ref='-25640' />
    <nd ref='-25641' />
    <nd ref='-25655' />
    <nd ref='-25654' />
    <tag k='landuse' v='farmland' />
  </way>
  <way id='-2408' action='modify' visible='true'>
    <nd ref='-25626' />
    <nd ref='-25627' />
    <nd ref='-25628' />
    <nd ref='-25629' />
    <nd ref='-25626' />
    <tag k='landuse' v='farmland' />
  </way>
  <way id='-2409' action='modify' visible='true'>
    <nd ref='-25630' />
    <nd ref='-25631' />
    <nd ref='-25643' />
    <nd ref='-25644' />
    <nd ref='-25630' />
    <tag k='landuse' v='farmland' />
  </way>
  <way id='-2410' action='modify' visible='true'>
    <nd ref='-25621' />
    <nd ref='-25622' />
    <nd ref='-25632' />
    <nd ref='-25633' />
    <nd ref='-25621' />
    <tag k='landuse' v='farmland' />
  </way>
  <way id='-2411' action='modify' visible='true'>
    <nd ref='-25623' />
    <nd ref='-25624' />
    <nd ref='-25635' />
    <nd ref='-25636' />
    <nd ref='-25623' />
    <tag k='landuse' v='farmland' />
  </way>
  <way id='-2412' action='modify' visible='true'>
    <nd ref='-25637' />
    <nd ref='-25638' />
    <nd ref='-25647' />
    <nd ref='-25648' />
    <nd ref='-25637' />
    <tag k='landuse' v='farmland' />
  </way>
  <way id='-2413' action='modify' visible='true'>
    <nd ref='-25651' />
    <nd ref='-25652' />
    <nd ref='-25662' />
    <nd ref='-25663' />
    <nd ref='-25651' />
    <tag k='landuse' v='farmland' />
  </way>
  <way id='-2414' action='modify' visible='true'>
    <nd ref='-25659' />
    <nd ref='-25660' />
    <nd ref='-25664' />
    <nd ref='-25656' />
    <nd ref='-25659' />
    <tag k='landuse' v='farmland' />
  </way>
  <way id='-3060' action='modify' visible='true'>
    <nd ref='-25683' />
    <nd ref='-25684' />
    <nd ref='-25685' />
    <nd ref='-25686' />
    <nd ref='-25687' />
    <tag k='landuse' v='farmland' />
  </way>
  <way id='1' timestamp='2026-06-02T00:00:00Z' uid='1' user='osm_generator' visible='true' version='1' changeset='1'>
    <nd ref='1' />
    <nd ref='2' />
    <nd ref='3' />
    <nd ref='4' />
    <nd ref='1' />
    <tag k='landuse' v='farmland' />
  </way>
  <way id='2' timestamp='2026-06-02T00:00:00Z' uid='1' user='osm_generator' visible='true' version='1' changeset='1'>
    <nd ref='5' />
    <nd ref='6' />
    <nd ref='7' />
    <nd ref='8' />
    <nd ref='5' />
    <tag k='landuse' v='farmland' />
  </way>
  <way id='3' timestamp='2026-06-02T00:00:00Z' uid='1' user='osm_generator' visible='true' version='1' changeset='1'>
    <nd ref='9' />
    <nd ref='10' />
    <nd ref='11' />
    <nd ref='12' />
    <nd ref='9' />
    <tag k='landuse' v='farmland' />
  </way>
  <way id='4' timestamp='2026-06-02T00:00:00Z' uid='1' user='osm_generator' visible='true' version='1' changeset='1'>
    <nd ref='13' />
    <nd ref='14' />
    <nd ref='15' />
    <nd ref='16' />
    <nd ref='13' />
    <tag k='landuse' v='farmland' />
  </way>
  <way id='5' timestamp='2026-06-02T00:00:00Z' uid='1' user='osm_generator' visible='true' version='1' changeset='1'>
    <nd ref='17' />
    <nd ref='18' />
    <nd ref='19' />
    <nd ref='20' />
    <nd ref='17' />
    <tag k='landuse' v='farmland' />
  </way>
  <way id='6' timestamp='2026-06-02T00:00:00Z' uid='1' user='osm_generator' visible='true' version='1' changeset='1'>
    <nd ref='1337' />
    <nd ref='1338' />
    <nd ref='1336' />
    <nd ref='1335' />
    <nd ref='1337' />
    <tag k='landuse' v='farmland' />
  </way>
  <way id='7' timestamp='2026-06-02T00:00:00Z' uid='1' user='osm_generator' visible='true' version='1' changeset='1'>
    <nd ref='1345' />
    <nd ref='1346' />
    <nd ref='1344' />
    <nd ref='1343' />
    <nd ref='1345' />
    <tag k='landuse' v='farmland' />
  </way>
  <way id='8' timestamp='2026-06-02T00:00:00Z' uid='1' user='osm_generator' visible='true' version='1' changeset='1'>
    <nd ref='29' />
    <nd ref='30' />
    <nd ref='31' />
    <nd ref='32' />
    <nd ref='29' />
    <tag k='landuse' v='farmland' />
  </way>
  <way id='9' timestamp='2026-06-02T00:00:00Z' uid='1' user='osm_generator' visible='true' version='1' changeset='1'>
    <nd ref='33' />
    <nd ref='34' />
    <nd ref='35' />
    <nd ref='36' />
    <nd ref='33' />
    <tag k='landuse' v='farmland' />
  </way>
  <way id='10' timestamp='2026-06-02T00:00:00Z' uid='1' user='osm_generator' visible='true' version='1' changeset='1'>
    <nd ref='37' />
    <nd ref='38' />
    <nd ref='39' />
    <nd ref='40' />
    <nd ref='37' />
    <tag k='landuse' v='farmland' />
  </way>
  <way id='11' timestamp='2026-06-02T00:00:00Z' uid='1' user='osm_generator' visible='true' version='1' changeset='1'>
    <nd ref='41' />
    <nd ref='42' />
    <nd ref='43' />
    <nd ref='44' />
    <nd ref='41' />
    <tag k='landuse' v='farmland' />
  </way>
  <way id='12' timestamp='2026-06-02T00:00:00Z' uid='1' user='osm_generator' visible='true' version='1' changeset='1'>
    <nd ref='45' />
    <nd ref='46' />
    <nd ref='47' />
    <nd ref='48' />
    <nd ref='45' />
    <tag k='landuse' v='farmland' />
  </way>
  <way id='13' timestamp='2026-06-02T00:00:00Z' uid='1' user='osm_generator' visible='true' version='1' changeset='1'>
    <nd ref='49' />
    <nd ref='50' />
    <nd ref='51' />
    <nd ref='52' />
    <nd ref='53' />
    <nd ref='54' />
    <nd ref='55' />
    <nd ref='56' />
    <nd ref='57' />
    <nd ref='58' />
    <nd ref='59' />
    <nd ref='60' />
    <nd ref='49' />
    <tag k='landuse' v='farmland' />
  </way>
  <way id='14' timestamp='2026-06-02T00:00:00Z' uid='1' user='osm_generator' visible='true' version='1' changeset='1'>
    <nd ref='61' />
    <nd ref='62' />
    <nd ref='63' />
    <nd ref='64' />
    <nd ref='61' />
    <tag k='landuse' v='farmland' />
  </way>
  <way id='15' timestamp='2026-06-02T00:00:00Z' uid='1' user='osm_generator' visible='true' version='1' changeset='1'>
    <nd ref='65' />
    <nd ref='66' />
    <nd ref='67' />
    <nd ref='68' />
    <nd ref='65' />
    <tag k='landuse' v='farmland' />
  </way>
  <way id='16' timestamp='2026-06-02T00:00:00Z' uid='1' user='osm_generator' visible='true' version='1' changeset='1'>
    <nd ref='69' />
    <nd ref='70' />
    <nd ref='71' />
    <nd ref='72' />
    <nd ref='69' />
    <tag k='landuse' v='farmland' />
  </way>
  <way id='17' timestamp='2026-06-02T00:00:00Z' uid='1' user='osm_generator' visible='true' version='1' changeset='1'>
    <nd ref='73' />
    <nd ref='74' />
    <nd ref='75' />
    <nd ref='76' />
    <nd ref='73' />
    <tag k='landuse' v='farmland' />
  </way>
  <way id='18' timestamp='2026-06-02T00:00:00Z' uid='1' user='osm_generator' visible='true' version='1' changeset='1'>
    <nd ref='77' />
    <nd ref='78' />
    <nd ref='79' />
    <nd ref='80' />
    <nd ref='77' />
    <tag k='landuse' v='farmland' />
  </way>
  <way id='19' action='modify' timestamp='2026-06-02T00:00:00Z' uid='1' user='osm_generator' visible='true' version='1' changeset='1'>
    <nd ref='81' />
    <nd ref='82' />
    <nd ref='83' />
    <nd ref='84' />
    <nd ref='81' />
    <tag k='landuse' v='farmyard' />
  </way>
  <way id='20' timestamp='2026-06-02T00:00:00Z' uid='1' user='osm_generator' visible='true' version='1' changeset='1'>
    <nd ref='85' />
    <nd ref='86' />
    <nd ref='87' />
    <nd ref='88' />
    <nd ref='85' />
    <tag k='landuse' v='farmland' />
  </way>
  <way id='21' timestamp='2026-06-02T00:00:00Z' uid='1' user='osm_generator' visible='true' version='1' changeset='1'>
    <nd ref='89' />
    <nd ref='90' />
    <nd ref='91' />
    <nd ref='92' />
    <nd ref='89' />
    <tag k='landuse' v='farmland' />
  </way>
  <way id='22' timestamp='2026-06-02T00:00:00Z' uid='1' user='osm_generator' visible='true' version='1' changeset='1'>
    <nd ref='93' />
    <nd ref='94' />
    <nd ref='95' />
    <nd ref='96' />
    <nd ref='93' />
    <tag k='landuse' v='farmland' />
  </way>
  <way id='23' timestamp='2026-06-02T00:00:00Z' uid='1' user='osm_generator' visible='true' version='1' changeset='1'>
    <nd ref='97' />
    <nd ref='98' />
    <nd ref='99' />
    <nd ref='100' />
    <nd ref='97' />
    <tag k='landuse' v='farmland' />
  </way>
  <way id='24' timestamp='2026-06-02T00:00:00Z' uid='1' user='osm_generator' visible='true' version='1' changeset='1'>
    <nd ref='101' />
    <nd ref='102' />
    <nd ref='103' />
    <nd ref='104' />
    <nd ref='101' />
    <tag k='landuse' v='farmland' />
  </way>
  <way id='25' timestamp='2026-06-02T00:00:00Z' uid='1' user='osm_generator' visible='true' version='1' changeset='1'>
    <nd ref='105' />
    <nd ref='106' />
    <nd ref='107' />
    <nd ref='108' />
    <nd ref='105' />
    <tag k='landuse' v='farmland' />
  </way>
  <way id='26' timestamp='2026-06-02T00:00:00Z' uid='1' user='osm_generator' visible='true' version='1' changeset='1'>
    <nd ref='109' />
    <nd ref='110' />
    <nd ref='111' />
    <nd ref='112' />
    <nd ref='109' />
    <tag k='landuse' v='farmland' />
  </way>
  <way id='27' timestamp='2026-06-02T00:00:00Z' uid='1' user='osm_generator' visible='true' version='1' changeset='1'>
    <nd ref='113' />
    <nd ref='114' />
    <nd ref='115' />
    <nd ref='116' />
    <nd ref='113' />
    <tag k='landuse' v='farmland' />
  </way>
  <way id='28' timestamp='2026-06-02T00:00:00Z' uid='1' user='osm_generator' visible='true' version='1' changeset='1'>
    <nd ref='117' />
    <nd ref='118' />
    <nd ref='119' />
    <nd ref='120' />
    <nd ref='117' />
    <tag k='landuse' v='farmland' />
  </way>
  <way id='29' timestamp='2026-06-02T00:00:00Z' uid='1' user='osm_generator' visible='true' version='1' changeset='1'>
    <nd ref='121' />
    <nd ref='122' />
    <nd ref='123' />
    <nd ref='124' />
    <nd ref='121' />
    <tag k='landuse' v='farmland' />
  </way>
  <way id='30' timestamp='2026-06-02T00:00:00Z' uid='1' user='osm_generator' visible='true' version='1' changeset='1'>
    <nd ref='125' />
    <nd ref='126' />
    <nd ref='127' />
    <nd ref='128' />
    <nd ref='129' />
    <nd ref='130' />
    <nd ref='131' />
    <nd ref='132' />
    <nd ref='133' />
    <nd ref='125' />
    <tag k='landuse' v='farmland' />
  </way>
  <way id='31' timestamp='2026-06-02T00:00:00Z' uid='1' user='osm_generator' visible='true' version='1' changeset='1'>
    <nd ref='134' />
    <nd ref='135' />
    <nd ref='136' />
    <nd ref='137' />
    <nd ref='138' />
    <nd ref='139' />
    <nd ref='140' />
    <nd ref='141' />
    <nd ref='142' />
    <nd ref='143' />
    <nd ref='144' />
    <nd ref='134' />
    <tag k='landuse' v='farmland' />
  </way>
  <way id='32' timestamp='2026-06-02T00:00:00Z' uid='1' user='osm_generator' visible='true' version='1' changeset='1'>
    <nd ref='145' />
    <nd ref='146' />
    <nd ref='147' />
    <nd ref='148' />
    <nd ref='145' />
    <tag k='landuse' v='farmland' />
  </way>
  <way id='33' action='delete' timestamp='2026-06-02T00:00:00Z' uid='1' user='osm_generator' visible='true' version='1' changeset='1'>
    <tag k='landuse' v='farmland' />
  </way>
  <way id='34' action='delete' timestamp='2026-06-02T00:00:00Z' uid='1' user='osm_generator' visible='true' version='1' changeset='1'>
    <tag k='landuse' v='farmland' />
  </way>
  <way id='35' action='delete' timestamp='2026-06-02T00:00:00Z' uid='1' user='osm_generator' visible='true' version='1' changeset='1'>
    <tag k='landuse' v='farmland' />
  </way>
  <way id='36' action='delete' timestamp='2026-06-02T00:00:00Z' uid='1' user='osm_generator' visible='true' version='1' changeset='1'>
    <tag k='landuse' v='farmland' />
  </way>
  <way id='37' timestamp='2026-06-02T00:00:00Z' uid='1' user='osm_generator' visible='true' version='1' changeset='1'>
    <nd ref='1353' />
    <nd ref='1354' />
    <nd ref='1352' />
    <nd ref='1351' />
    <nd ref='1353' />
    <tag k='landuse' v='farmland' />
  </way>
  <way id='38' timestamp='2026-06-02T00:00:00Z' uid='1' user='osm_generator' visible='true' version='1' changeset='1'>
    <nd ref='1361' />
    <nd ref='1362' />
    <nd ref='1360' />
    <nd ref='1359' />
    <nd ref='1361' />
    <tag k='landuse' v='farmland' />
  </way>
  <way id='39' timestamp='2026-06-02T00:00:00Z' uid='1' user='osm_generator' visible='true' version='1' changeset='1'>
    <nd ref='173' />
    <nd ref='174' />
    <nd ref='175' />
    <nd ref='176' />
    <nd ref='173' />
    <tag k='landuse' v='farmland' />
  </way>
  <way id='40' timestamp='2026-06-02T00:00:00Z' uid='1' user='osm_generator' visible='true' version='1' changeset='1'>
    <nd ref='177' />
    <nd ref='178' />
    <nd ref='179' />
    <nd ref='180' />
    <nd ref='177' />
    <tag k='landuse' v='farmland' />
  </way>
  <way id='41' timestamp='2026-06-02T00:00:00Z' uid='1' user='osm_generator' visible='true' version='1' changeset='1'>
    <nd ref='181' />
    <nd ref='182' />
    <nd ref='183' />
    <nd ref='184' />
    <nd ref='181' />
    <tag k='landuse' v='farmland' />
  </way>
  <way id='42' timestamp='2026-06-02T00:00:00Z' uid='1' user='osm_generator' visible='true' version='1' changeset='1'>
    <nd ref='185' />
    <nd ref='186' />
    <nd ref='187' />
    <nd ref='188' />
    <nd ref='185' />
    <tag k='landuse' v='farmland' />
  </way>
  <way id='43' timestamp='2026-06-02T00:00:00Z' uid='1' user='osm_generator' visible='true' version='1' changeset='1'>
    <nd ref='189' />
    <nd ref='190' />
    <nd ref='191' />
    <nd ref='192' />
    <nd ref='189' />
    <tag k='landuse' v='farmland' />
  </way>
  <way id='44' timestamp='2026-06-02T00:00:00Z' uid='1' user='osm_generator' visible='true' version='1' changeset='1'>
    <nd ref='193' />
    <nd ref='194' />
    <nd ref='195' />
    <nd ref='196' />
    <nd ref='197' />
    <nd ref='198' />
    <nd ref='193' />
    <tag k='landuse' v='farmland' />
  </way>
  <way id='45' action='delete' timestamp='2026-06-02T00:00:00Z' uid='1' user='osm_generator' visible='true' version='1' changeset='1'>
    <tag k='landuse' v='farmland' />
  </way>
  <way id='46' action='delete' timestamp='2026-06-02T00:00:00Z' uid='1' user='osm_generator' visible='true' version='1' changeset='1'>
    <tag k='landuse' v='farmland' />
  </way>
  <way id='47' timestamp='2026-06-02T00:00:00Z' uid='1' user='osm_generator' visible='true' version='1' changeset='1'>
    <nd ref='207' />
    <nd ref='208' />
    <nd ref='209' />
    <nd ref='210' />
    <nd ref='211' />
    <nd ref='212' />
    <nd ref='213' />
    <nd ref='207' />
    <tag k='landuse' v='farmland' />
  </way>
  <way id='48' timestamp='2026-06-02T00:00:00Z' uid='1' user='osm_generator' visible='true' version='1' changeset='1'>
    <nd ref='214' />
    <nd ref='215' />
    <nd ref='216' />
    <nd ref='217' />
    <nd ref='214' />
    <tag k='landuse' v='farmland' />
  </way>
  <way id='49' timestamp='2026-06-02T00:00:00Z' uid='1' user='osm_generator' visible='true' version='1' changeset='1'>
    <nd ref='218' />
    <nd ref='219' />
    <nd ref='220' />
    <nd ref='221' />
    <nd ref='218' />
    <tag k='landuse' v='farmland' />
  </way>
  <way id='50' timestamp='2026-06-02T00:00:00Z' uid='1' user='osm_generator' visible='true' version='1' changeset='1'>
    <nd ref='222' />
    <nd ref='223' />
    <nd ref='224' />
    <nd ref='225' />
    <nd ref='222' />
    <tag k='landuse' v='farmland' />
  </way>
  <way id='51' timestamp='2026-06-02T00:00:00Z' uid='1' user='osm_generator' visible='true' version='1' changeset='1'>
    <nd ref='226' />
    <nd ref='227' />
    <nd ref='228' />
    <nd ref='229' />
    <nd ref='226' />
    <tag k='landuse' v='farmland' />
  </way>
  <way id='52' timestamp='2026-06-02T00:00:00Z' uid='1' user='osm_generator' visible='true' version='1' changeset='1'>
    <nd ref='230' />
    <nd ref='231' />
    <nd ref='232' />
    <nd ref='233' />
    <nd ref='230' />
    <tag k='landuse' v='farmland' />
  </way>
  <way id='53' action='delete' timestamp='2026-06-02T00:00:00Z' uid='1' user='osm_generator' visible='true' version='1' changeset='1'>
    <tag k='landuse' v='farmland' />
  </way>
  <way id='54' action='delete' timestamp='2026-06-02T00:00:00Z' uid='1' user='osm_generator' visible='true' version='1' changeset='1'>
    <tag k='landuse' v='farmland' />
  </way>
  <way id='55' action='delete' timestamp='2026-06-02T00:00:00Z' uid='1' user='osm_generator' visible='true' version='1' changeset='1'>
    <tag k='landuse' v='farmland' />
  </way>
  <way id='56' action='delete' timestamp='2026-06-02T00:00:00Z' uid='1' user='osm_generator' visible='true' version='1' changeset='1'>
    <tag k='landuse' v='farmland' />
  </way>
  <way id='57' action='delete' timestamp='2026-06-02T00:00:00Z' uid='1' user='osm_generator' visible='true' version='1' changeset='1'>
    <tag k='landuse' v='farmland' />
  </way>
  <way id='58' timestamp='2026-06-02T00:00:00Z' uid='1' user='osm_generator' visible='true' version='1' changeset='1'>
    <nd ref='1369' />
    <nd ref='1370' />
    <nd ref='1368' />
    <nd ref='1367' />
    <nd ref='1369' />
    <tag k='landuse' v='farmland' />
  </way>
  <way id='59' timestamp='2026-06-02T00:00:00Z' uid='1' user='osm_generator' visible='true' version='1' changeset='1'>
    <nd ref='258' />
    <nd ref='259' />
    <nd ref='260' />
    <nd ref='261' />
    <nd ref='258' />
    <tag k='landuse' v='farmland' />
  </way>
  <way id='60' timestamp='2026-06-02T00:00:00Z' uid='1' user='osm_generator' visible='true' version='1' changeset='1'>
    <nd ref='1377' />
    <nd ref='1378' />
    <nd ref='1376' />
    <nd ref='1375' />
    <nd ref='1377' />
    <tag k='landuse' v='farmland' />
  </way>
  <way id='61' timestamp='2026-06-02T00:00:00Z' uid='1' user='osm_generator' visible='true' version='1' changeset='1'>
    <nd ref='266' />
    <nd ref='267' />
    <nd ref='268' />
    <nd ref='269' />
    <nd ref='266' />
    <tag k='landuse' v='farmland' />
  </way>
  <way id='62' timestamp='2026-06-02T00:00:00Z' uid='1' user='osm_generator' visible='true' version='1' changeset='1'>
    <nd ref='270' />
    <nd ref='271' />
    <nd ref='272' />
    <nd ref='273' />
    <nd ref='270' />
    <tag k='landuse' v='farmland' />
  </way>
  <way id='63' timestamp='2026-06-02T00:00:00Z' uid='1' user='osm_generator' visible='true' version='1' changeset='1'>
    <nd ref='274' />
    <nd ref='275' />
    <nd ref='276' />
    <nd ref='277' />
    <nd ref='274' />
    <tag k='landuse' v='farmland' />
  </way>
  <way id='64' timestamp='2026-06-02T00:00:00Z' uid='1' user='osm_generator' visible='true' version='1' changeset='1'>
    <nd ref='278' />
    <nd ref='279' />
    <nd ref='280' />
    <nd ref='281' />
    <nd ref='282' />
    <nd ref='283' />
    <nd ref='284' />
    <nd ref='285' />
    <nd ref='286' />
    <nd ref='287' />
    <nd ref='288' />
    <nd ref='289' />
    <nd ref='278' />
    <tag k='landuse' v='farmland' />
  </way>
  <way id='65' timestamp='2026-06-02T00:00:00Z' uid='1' user='osm_generator' visible='true' version='1' changeset='1'>
    <nd ref='290' />
    <nd ref='291' />
    <nd ref='292' />
    <nd ref='293' />
    <nd ref='294' />
    <nd ref='295' />
    <nd ref='296' />
    <nd ref='297' />
    <nd ref='298' />
    <nd ref='299' />
    <nd ref='300' />
    <nd ref='290' />
    <tag k='landuse' v='farmland' />
  </way>
  <way id='66' timestamp='2026-06-02T00:00:00Z' uid='1' user='osm_generator' visible='true' version='1' changeset='1'>
    <nd ref='301' />
    <nd ref='302' />
    <nd ref='303' />
    <nd ref='304' />
    <nd ref='305' />
    <nd ref='306' />
    <nd ref='307' />
    <nd ref='308' />
    <nd ref='309' />
    <nd ref='301' />
    <tag k='landuse' v='farmland' />
  </way>
  <way id='67' timestamp='2026-06-02T00:00:00Z' uid='1' user='osm_generator' visible='true' version='1' changeset='1'>
    <nd ref='310' />
    <nd ref='311' />
    <nd ref='312' />
    <nd ref='313' />
    <nd ref='310' />
    <tag k='landuse' v='farmland' />
  </way>
  <way id='68' timestamp='2026-06-02T00:00:00Z' uid='1' user='osm_generator' visible='true' version='1' changeset='1'>
    <nd ref='314' />
    <nd ref='315' />
    <nd ref='316' />
    <nd ref='317' />
    <nd ref='314' />
    <tag k='landuse' v='farmland' />
  </way>
  <way id='69' timestamp='2026-06-02T00:00:00Z' uid='1' user='osm_generator' visible='true' version='1' changeset='1'>
    <nd ref='318' />
    <nd ref='319' />
    <nd ref='320' />
    <nd ref='321' />
    <nd ref='318' />
    <tag k='landuse' v='farmland' />
  </way>
  <way id='70' timestamp='2026-06-02T00:00:00Z' uid='1' user='osm_generator' visible='true' version='1' changeset='1'>
    <nd ref='322' />
    <nd ref='323' />
    <nd ref='324' />
    <nd ref='325' />
    <nd ref='322' />
    <tag k='landuse' v='farmland' />
  </way>
  <way id='71' timestamp='2026-06-02T00:00:00Z' uid='1' user='osm_generator' visible='true' version='1' changeset='1'>
    <nd ref='326' />
    <nd ref='327' />
    <nd ref='328' />
    <nd ref='329' />
    <nd ref='326' />
    <tag k='landuse' v='farmland' />
  </way>
  <way id='72' timestamp='2026-06-02T00:00:00Z' uid='1' user='osm_generator' visible='true' version='1' changeset='1'>
    <nd ref='1385' />
    <nd ref='1386' />
    <nd ref='1384' />
    <nd ref='1383' />
    <nd ref='1385' />
    <tag k='landuse' v='farmland' />
  </way>
  <way id='73' timestamp='2026-06-02T00:00:00Z' uid='1' user='osm_generator' visible='true' version='1' changeset='1'>
    <nd ref='334' />
    <nd ref='335' />
    <nd ref='336' />
    <nd ref='337' />
    <nd ref='334' />
    <tag k='landuse' v='farmland' />
  </way>
  <way id='74' timestamp='2026-06-02T00:00:00Z' uid='1' user='osm_generator' visible='true' version='1' changeset='1'>
    <nd ref='338' />
    <nd ref='339' />
    <nd ref='340' />
    <nd ref='341' />
    <nd ref='338' />
    <tag k='landuse' v='farmland' />
  </way>
  <way id='75' timestamp='2026-06-02T00:00:00Z' uid='1' user='osm_generator' visible='true' version='1' changeset='1'>
    <nd ref='342' />
    <nd ref='343' />
    <nd ref='344' />
    <nd ref='345' />
    <nd ref='342' />
    <tag k='landuse' v='farmland' />
  </way>
  <way id='76' timestamp='2026-06-02T00:00:00Z' uid='1' user='osm_generator' visible='true' version='1' changeset='1'>
    <nd ref='346' />
    <nd ref='347' />
    <nd ref='348' />
    <nd ref='349' />
    <nd ref='346' />
    <tag k='landuse' v='farmland' />
  </way>
  <way id='77' timestamp='2026-06-02T00:00:00Z' uid='1' user='osm_generator' visible='true' version='1' changeset='1'>
    <nd ref='350' />
    <nd ref='351' />
    <nd ref='352' />
    <nd ref='353' />
    <nd ref='350' />
    <tag k='landuse' v='farmland' />
  </way>
  <way id='78' timestamp='2026-06-02T00:00:00Z' uid='1' user='osm_generator' visible='true' version='1' changeset='1'>
    <nd ref='354' />
    <nd ref='355' />
    <nd ref='356' />
    <nd ref='357' />
    <nd ref='358' />
    <nd ref='359' />
    <nd ref='360' />
    <nd ref='361' />
    <nd ref='362' />
    <nd ref='354' />
    <tag k='landuse' v='farmland' />
  </way>
  <way id='79' timestamp='2026-06-02T00:00:00Z' uid='1' user='osm_generator' visible='true' version='1' changeset='1'>
    <nd ref='363' />
    <nd ref='364' />
    <nd ref='365' />
    <nd ref='366' />
    <nd ref='367' />
    <nd ref='368' />
    <nd ref='369' />
    <nd ref='370' />
    <nd ref='371' />
    <nd ref='372' />
    <nd ref='373' />
    <nd ref='363' />
    <tag k='landuse' v='farmland' />
  </way>
  <way id='80' timestamp='2026-06-02T00:00:00Z' uid='1' user='osm_generator' visible='true' version='1' changeset='1'>
    <nd ref='374' />
    <nd ref='375' />
    <nd ref='376' />
    <nd ref='377' />
    <nd ref='378' />
    <nd ref='379' />
    <nd ref='380' />
    <nd ref='381' />
    <nd ref='382' />
    <nd ref='383' />
    <nd ref='374' />
    <tag k='landuse' v='farmland' />
  </way>
  <way id='81' timestamp='2026-06-02T00:00:00Z' uid='1' user='osm_generator' visible='true' version='1' changeset='1'>
    <nd ref='384' />
    <nd ref='385' />
    <nd ref='386' />
    <nd ref='387' />
    <nd ref='384' />
    <tag k='landuse' v='farmland' />
  </way>
  <way id='82' timestamp='2026-06-02T00:00:00Z' uid='1' user='osm_generator' visible='true' version='1' changeset='1'>
    <nd ref='388' />
    <nd ref='389' />
    <nd ref='390' />
    <nd ref='391' />
    <nd ref='388' />
    <tag k='landuse' v='farmland' />
  </way>
  <way id='83' timestamp='2026-06-02T00:00:00Z' uid='1' user='osm_generator' visible='true' version='1' changeset='1'>
    <nd ref='392' />
    <nd ref='393' />
    <nd ref='394' />
    <nd ref='395' />
    <nd ref='392' />
    <tag k='landuse' v='farmland' />
  </way>
  <way id='84' timestamp='2026-06-02T00:00:00Z' uid='1' user='osm_generator' visible='true' version='1' changeset='1'>
    <nd ref='396' />
    <nd ref='397' />
    <nd ref='398' />
    <nd ref='399' />
    <nd ref='396' />
    <tag k='landuse' v='farmland' />
  </way>
  <way id='85' timestamp='2026-06-02T00:00:00Z' uid='1' user='osm_generator' visible='true' version='1' changeset='1'>
    <nd ref='400' />
    <nd ref='401' />
    <nd ref='402' />
    <nd ref='403' />
    <nd ref='400' />
    <tag k='landuse' v='farmland' />
  </way>
  <way id='86' timestamp='2026-06-02T00:00:00Z' uid='1' user='osm_generator' visible='true' version='1' changeset='1'>
    <nd ref='404' />
    <nd ref='405' />
    <nd ref='406' />
    <nd ref='407' />
    <nd ref='404' />
    <tag k='landuse' v='farmland' />
  </way>
  <way id='87' timestamp='2026-06-02T00:00:00Z' uid='1' user='osm_generator' visible='true' version='1' changeset='1'>
    <nd ref='1393' />
    <nd ref='1394' />
    <nd ref='1392' />
    <nd ref='1391' />
    <nd ref='1393' />
    <tag k='landuse' v='farmland' />
  </way>
  <way id='88' timestamp='2026-06-02T00:00:00Z' uid='1' user='osm_generator' visible='true' version='1' changeset='1'>
    <nd ref='412' />
    <nd ref='413' />
    <nd ref='414' />
    <nd ref='415' />
    <nd ref='412' />
    <tag k='landuse' v='farmland' />
  </way>
  <way id='89' timestamp='2026-06-02T00:00:00Z' uid='1' user='osm_generator' visible='true' version='1' changeset='1'>
    <nd ref='416' />
    <nd ref='417' />
    <nd ref='418' />
    <nd ref='419' />
    <nd ref='420' />
    <nd ref='421' />
    <nd ref='416' />
    <tag k='landuse' v='farmland' />
  </way>
  <way id='90' action='delete' timestamp='2026-06-02T00:00:00Z' uid='1' user='osm_generator' visible='true' version='1' changeset='1'>
    <tag k='landuse' v='farmland' />
  </way>
  <way id='91' action='delete' timestamp='2026-06-02T00:00:00Z' uid='1' user='osm_generator' visible='true' version='1' changeset='1'>
    <tag k='landuse' v='farmland' />
  </way>
  <way id='92' timestamp='2026-06-02T00:00:00Z' uid='1' user='osm_generator' visible='true' version='1' changeset='1'>
    <nd ref='430' />
    <nd ref='431' />
    <nd ref='432' />
    <nd ref='433' />
    <nd ref='434' />
    <nd ref='435' />
    <nd ref='436' />
    <nd ref='430' />
    <tag k='landuse' v='farmland' />
  </way>
  <way id='93' timestamp='2026-06-02T00:00:00Z' uid='1' user='osm_generator' visible='true' version='1' changeset='1'>
    <nd ref='437' />
    <nd ref='438' />
    <nd ref='439' />
    <nd ref='440' />
    <nd ref='437' />
    <tag k='landuse' v='farmland' />
  </way>
  <way id='94' timestamp='2026-06-02T00:00:00Z' uid='1' user='osm_generator' visible='true' version='1' changeset='1'>
    <nd ref='441' />
    <nd ref='442' />
    <nd ref='443' />
    <nd ref='444' />
    <nd ref='441' />
    <tag k='landuse' v='farmland' />
  </way>
  <way id='95' timestamp='2026-06-02T00:00:00Z' uid='1' user='osm_generator' visible='true' version='1' changeset='1'>
    <nd ref='445' />
    <nd ref='446' />
    <nd ref='447' />
    <nd ref='448' />
    <nd ref='445' />
    <tag k='landuse' v='farmland' />
  </way>
  <way id='96' timestamp='2026-06-02T00:00:00Z' uid='1' user='osm_generator' visible='true' version='1' changeset='1'>
    <nd ref='449' />
    <nd ref='450' />
    <nd ref='451' />
    <nd ref='452' />
    <nd ref='449' />
    <tag k='landuse' v='farmland' />
  </way>
  <way id='97' timestamp='2026-06-02T00:00:00Z' uid='1' user='osm_generator' visible='true' version='1' changeset='1'>
    <nd ref='453' />
    <nd ref='454' />
    <nd ref='455' />
    <nd ref='456' />
    <nd ref='453' />
    <tag k='landuse' v='farmland' />
  </way>
  <way id='98' timestamp='2026-06-02T00:00:00Z' uid='1' user='osm_generator' visible='true' version='1' changeset='1'>
    <nd ref='1401' />
    <nd ref='1402' />
    <nd ref='1400' />
    <nd ref='1399' />
    <nd ref='1401' />
    <tag k='landuse' v='farmland' />
  </way>
  <way id='99' timestamp='2026-06-02T00:00:00Z' uid='1' user='osm_generator' visible='true' version='1' changeset='1'>
    <nd ref='461' />
    <nd ref='462' />
    <nd ref='463' />
    <nd ref='464' />
    <nd ref='465' />
    <nd ref='466' />
    <nd ref='467' />
    <nd ref='468' />
    <nd ref='469' />
    <nd ref='470' />
    <nd ref='471' />
    <nd ref='461' />
    <tag k='landuse' v='farmland' />
  </way>
  <way id='100' timestamp='2026-06-02T00:00:00Z' uid='1' user='osm_generator' visible='true' version='1' changeset='1'>
    <nd ref='472' />
    <nd ref='473' />
    <nd ref='474' />
    <nd ref='475' />
    <nd ref='476' />
    <nd ref='477' />
    <nd ref='478' />
    <nd ref='479' />
    <nd ref='480' />
    <nd ref='472' />
    <tag k='landuse' v='farmland' />
  </way>
  <way id='101' timestamp='2026-06-02T00:00:00Z' uid='1' user='osm_generator' visible='true' version='1' changeset='1'>
    <nd ref='481' />
    <nd ref='482' />
    <nd ref='483' />
    <nd ref='484' />
    <nd ref='481' />
    <tag k='landuse' v='farmland' />
  </way>
  <way id='102' timestamp='2026-06-02T00:00:00Z' uid='1' user='osm_generator' visible='true' version='1' changeset='1'>
    <nd ref='485' />
    <nd ref='486' />
    <nd ref='487' />
    <nd ref='488' />
    <nd ref='485' />
    <tag k='landuse' v='farmland' />
  </way>
  <way id='103' timestamp='2026-06-02T00:00:00Z' uid='1' user='osm_generator' visible='true' version='1' changeset='1'>
    <nd ref='489' />
    <nd ref='490' />
    <nd ref='491' />
    <nd ref='492' />
    <nd ref='489' />
    <tag k='landuse' v='farmland' />
  </way>
  <way id='104' timestamp='2026-06-02T00:00:00Z' uid='1' user='osm_generator' visible='true' version='1' changeset='1'>
    <nd ref='493' />
    <nd ref='494' />
    <nd ref='495' />
    <nd ref='496' />
    <nd ref='493' />
    <tag k='landuse' v='farmland' />
  </way>
  <way id='105' timestamp='2026-06-02T00:00:00Z' uid='1' user='osm_generator' visible='true' version='1' changeset='1'>
    <nd ref='497' />
    <nd ref='498' />
    <nd ref='499' />
    <nd ref='500' />
    <nd ref='497' />
    <tag k='landuse' v='farmland' />
  </way>
  <way id='106' timestamp='2026-06-02T00:00:00Z' uid='1' user='osm_generator' visible='true' version='1' changeset='1'>
    <nd ref='501' />
    <nd ref='502' />
    <nd ref='503' />
    <nd ref='504' />
    <nd ref='501' />
    <tag k='landuse' v='farmland' />
  </way>
  <way id='107' timestamp='2026-06-02T00:00:00Z' uid='1' user='osm_generator' visible='true' version='1' changeset='1'>
    <nd ref='505' />
    <nd ref='506' />
    <nd ref='507' />
    <nd ref='508' />
    <nd ref='505' />
    <tag k='landuse' v='farmland' />
  </way>
  <way id='108' timestamp='2026-06-02T00:00:00Z' uid='1' user='osm_generator' visible='true' version='1' changeset='1'>
    <nd ref='509' />
    <nd ref='510' />
    <nd ref='511' />
    <nd ref='512' />
    <nd ref='509' />
    <tag k='landuse' v='farmland' />
  </way>
  <way id='109' timestamp='2026-06-02T00:00:00Z' uid='1' user='osm_generator' visible='true' version='1' changeset='1'>
    <nd ref='513' />
    <nd ref='514' />
    <nd ref='515' />
    <nd ref='516' />
    <nd ref='513' />
    <tag k='landuse' v='farmland' />
  </way>
  <way id='110' timestamp='2026-06-02T00:00:00Z' uid='1' user='osm_generator' visible='true' version='1' changeset='1'>
    <nd ref='1409' />
    <nd ref='1410' />
    <nd ref='1408' />
    <nd ref='1407' />
    <nd ref='1409' />
    <tag k='landuse' v='farmland' />
  </way>
  <way id='111' timestamp='2026-06-02T00:00:00Z' uid='1' user='osm_generator' visible='true' version='1' changeset='1'>
    <nd ref='521' />
    <nd ref='522' />
    <nd ref='523' />
    <nd ref='524' />
    <nd ref='525' />
    <nd ref='526' />
    <nd ref='527' />
    <nd ref='528' />
    <nd ref='529' />
    <nd ref='530' />
    <nd ref='521' />
    <tag k='landuse' v='farmland' />
  </way>
  <way id='112' timestamp='2026-06-02T00:00:00Z' uid='1' user='osm_generator' visible='true' version='1' changeset='1'>
    <nd ref='531' />
    <nd ref='532' />
    <nd ref='533' />
    <nd ref='534' />
    <nd ref='531' />
    <tag k='landuse' v='farmland' />
  </way>
  <way id='113' timestamp='2026-06-02T00:00:00Z' uid='1' user='osm_generator' visible='true' version='1' changeset='1'>
    <nd ref='535' />
    <nd ref='536' />
    <nd ref='537' />
    <nd ref='538' />
    <nd ref='535' />
    <tag k='landuse' v='farmland' />
  </way>
  <way id='114' timestamp='2026-06-02T00:00:00Z' uid='1' user='osm_generator' visible='true' version='1' changeset='1'>
    <nd ref='539' />
    <nd ref='540' />
    <nd ref='541' />
    <nd ref='542' />
    <nd ref='539' />
    <tag k='landuse' v='farmland' />
  </way>
  <way id='115' timestamp='2026-06-02T00:00:00Z' uid='1' user='osm_generator' visible='true' version='1' changeset='1'>
    <nd ref='543' />
    <nd ref='544' />
    <nd ref='545' />
    <nd ref='546' />
    <nd ref='543' />
    <tag k='landuse' v='farmland' />
  </way>
  <way id='116' timestamp='2026-06-02T00:00:00Z' uid='1' user='osm_generator' visible='true' version='1' changeset='1'>
    <nd ref='547' />
    <nd ref='548' />
    <nd ref='549' />
    <nd ref='550' />
    <nd ref='547' />
    <tag k='landuse' v='farmland' />
  </way>
  <way id='117' timestamp='2026-06-02T00:00:00Z' uid='1' user='osm_generator' visible='true' version='1' changeset='1'>
    <nd ref='551' />
    <nd ref='552' />
    <nd ref='553' />
    <nd ref='554' />
    <nd ref='551' />
    <tag k='landuse' v='farmland' />
  </way>
  <way id='118' timestamp='2026-06-02T00:00:00Z' uid='1' user='osm_generator' visible='true' version='1' changeset='1'>
    <nd ref='555' />
    <nd ref='556' />
    <nd ref='557' />
    <nd ref='558' />
    <nd ref='555' />
    <tag k='landuse' v='farmland' />
  </way>
  <way id='119' timestamp='2026-06-02T00:00:00Z' uid='1' user='osm_generator' visible='true' version='1' changeset='1'>
    <nd ref='559' />
    <nd ref='560' />
    <nd ref='561' />
    <nd ref='562' />
    <nd ref='559' />
    <tag k='landuse' v='farmland' />
  </way>
  <way id='120' timestamp='2026-06-02T00:00:00Z' uid='1' user='osm_generator' visible='true' version='1' changeset='1'>
    <nd ref='563' />
    <nd ref='564' />
    <nd ref='565' />
    <nd ref='566' />
    <nd ref='563' />
    <tag k='landuse' v='farmland' />
  </way>
  <way id='121' timestamp='2026-06-02T00:00:00Z' uid='1' user='osm_generator' visible='true' version='1' changeset='1'>
    <nd ref='567' />
    <nd ref='568' />
    <nd ref='569' />
    <nd ref='570' />
    <nd ref='567' />
    <tag k='landuse' v='farmland' />
  </way>
  <way id='122' timestamp='2026-06-02T00:00:00Z' uid='1' user='osm_generator' visible='true' version='1' changeset='1'>
    <nd ref='571' />
    <nd ref='572' />
    <nd ref='573' />
    <nd ref='574' />
    <nd ref='571' />
    <tag k='landuse' v='farmland' />
  </way>
  <way id='123' timestamp='2026-06-02T00:00:00Z' uid='1' user='osm_generator' visible='true' version='1' changeset='1'>
    <nd ref='575' />
    <nd ref='576' />
    <nd ref='577' />
    <nd ref='578' />
    <nd ref='575' />
    <tag k='landuse' v='farmland' />
  </way>
  <way id='124' timestamp='2026-06-02T00:00:00Z' uid='1' user='osm_generator' visible='true' version='1' changeset='1'>
    <nd ref='579' />
    <nd ref='580' />
    <nd ref='581' />
    <nd ref='582' />
    <nd ref='579' />
    <tag k='landuse' v='farmland' />
  </way>
  <way id='125' timestamp='2026-06-02T00:00:00Z' uid='1' user='osm_generator' visible='true' version='1' changeset='1'>
    <nd ref='583' />
    <nd ref='584' />
    <nd ref='585' />
    <nd ref='586' />
    <nd ref='583' />
    <tag k='landuse' v='farmland' />
  </way>
  <way id='126' timestamp='2026-06-02T00:00:00Z' uid='1' user='osm_generator' visible='true' version='1' changeset='1'>
    <nd ref='587' />
    <nd ref='588' />
    <nd ref='589' />
    <nd ref='590' />
    <nd ref='587' />
    <tag k='landuse' v='farmland' />
  </way>
  <way id='127' timestamp='2026-06-02T00:00:00Z' uid='1' user='osm_generator' visible='true' version='1' changeset='1'>
    <nd ref='591' />
    <nd ref='592' />
    <nd ref='593' />
    <nd ref='594' />
    <nd ref='591' />
    <tag k='landuse' v='farmland' />
  </way>
  <way id='128' timestamp='2026-06-02T00:00:00Z' uid='1' user='osm_generator' visible='true' version='1' changeset='1'>
    <nd ref='595' />
    <nd ref='596' />
    <nd ref='597' />
    <nd ref='598' />
    <nd ref='595' />
    <tag k='landuse' v='farmland' />
  </way>
  <way id='129' timestamp='2026-06-02T00:00:00Z' uid='1' user='osm_generator' visible='true' version='1' changeset='1'>
    <nd ref='599' />
    <nd ref='600' />
    <nd ref='601' />
    <nd ref='602' />
    <nd ref='599' />
    <tag k='landuse' v='farmland' />
  </way>
  <way id='130' timestamp='2026-06-02T00:00:00Z' uid='1' user='osm_generator' visible='true' version='1' changeset='1'>
    <nd ref='603' />
    <nd ref='604' />
    <nd ref='605' />
    <nd ref='606' />
    <nd ref='603' />
    <tag k='landuse' v='farmland' />
  </way>
  <way id='131' timestamp='2026-06-02T00:00:00Z' uid='1' user='osm_generator' visible='true' version='1' changeset='1'>
    <nd ref='607' />
    <nd ref='608' />
    <nd ref='609' />
    <nd ref='610' />
    <nd ref='607' />
    <tag k='landuse' v='farmland' />
  </way>
  <way id='132' timestamp='2026-06-02T00:00:00Z' uid='1' user='osm_generator' visible='true' version='1' changeset='1'>
    <nd ref='611' />
    <nd ref='612' />
    <nd ref='613' />
    <nd ref='614' />
    <nd ref='611' />
    <tag k='landuse' v='farmland' />
  </way>
  <way id='133' timestamp='2026-06-02T00:00:00Z' uid='1' user='osm_generator' visible='true' version='1' changeset='1'>
    <nd ref='615' />
    <nd ref='616' />
    <nd ref='617' />
    <nd ref='618' />
    <nd ref='615' />
    <tag k='landuse' v='farmland' />
  </way>
  <way id='134' timestamp='2026-06-02T00:00:00Z' uid='1' user='osm_generator' visible='true' version='1' changeset='1'>
    <nd ref='619' />
    <nd ref='620' />
    <nd ref='621' />
    <nd ref='622' />
    <nd ref='619' />
    <tag k='landuse' v='farmland' />
  </way>
  <way id='135' timestamp='2026-06-02T00:00:00Z' uid='1' user='osm_generator' visible='true' version='1' changeset='1'>
    <nd ref='623' />
    <nd ref='624' />
    <nd ref='625' />
    <nd ref='626' />
    <nd ref='623' />
    <tag k='landuse' v='farmland' />
  </way>
  <way id='136' timestamp='2026-06-02T00:00:00Z' uid='1' user='osm_generator' visible='true' version='1' changeset='1'>
    <nd ref='627' />
    <nd ref='628' />
    <nd ref='629' />
    <nd ref='630' />
    <nd ref='627' />
    <tag k='landuse' v='farmland' />
  </way>
  <way id='137' timestamp='2026-06-02T00:00:00Z' uid='1' user='osm_generator' visible='true' version='1' changeset='1'>
    <nd ref='631' />
    <nd ref='632' />
    <nd ref='633' />
    <nd ref='634' />
    <nd ref='631' />
    <tag k='landuse' v='farmland' />
  </way>
  <way id='138' timestamp='2026-06-02T00:00:00Z' uid='1' user='osm_generator' visible='true' version='1' changeset='1'>
    <nd ref='635' />
    <nd ref='636' />
    <nd ref='637' />
    <nd ref='638' />
    <nd ref='635' />
    <tag k='landuse' v='farmland' />
  </way>
  <way id='139' timestamp='2026-06-02T00:00:00Z' uid='1' user='osm_generator' visible='true' version='1' changeset='1'>
    <nd ref='639' />
    <nd ref='640' />
    <nd ref='641' />
    <nd ref='642' />
    <nd ref='639' />
    <tag k='landuse' v='farmland' />
  </way>
  <way id='140' timestamp='2026-06-02T00:00:00Z' uid='1' user='osm_generator' visible='true' version='1' changeset='1'>
    <nd ref='643' />
    <nd ref='644' />
    <nd ref='645' />
    <nd ref='646' />
    <nd ref='643' />
    <tag k='landuse' v='farmland' />
  </way>
  <way id='141' timestamp='2026-06-02T00:00:00Z' uid='1' user='osm_generator' visible='true' version='1' changeset='1'>
    <nd ref='647' />
    <nd ref='648' />
    <nd ref='649' />
    <nd ref='650' />
    <nd ref='647' />
    <tag k='landuse' v='farmland' />
  </way>
  <way id='142' timestamp='2026-06-02T00:00:00Z' uid='1' user='osm_generator' visible='true' version='1' changeset='1'>
    <nd ref='651' />
    <nd ref='652' />
    <nd ref='653' />
    <nd ref='654' />
    <nd ref='651' />
    <tag k='landuse' v='farmland' />
  </way>
  <way id='143' timestamp='2026-06-02T00:00:00Z' uid='1' user='osm_generator' visible='true' version='1' changeset='1'>
    <nd ref='655' />
    <nd ref='656' />
    <nd ref='657' />
    <nd ref='658' />
    <nd ref='655' />
    <tag k='landuse' v='farmland' />
  </way>
  <way id='144' timestamp='2026-06-02T00:00:00Z' uid='1' user='osm_generator' visible='true' version='1' changeset='1'>
    <nd ref='659' />
    <nd ref='660' />
    <nd ref='661' />
    <nd ref='662' />
    <nd ref='659' />
    <tag k='landuse' v='farmland' />
  </way>
  <way id='145' action='modify' timestamp='2026-06-02T00:00:00Z' uid='1' user='osm_generator' visible='true' version='1' changeset='1'>
    <nd ref='1417' />
    <nd ref='1418' />
    <nd ref='1416' />
    <nd ref='1415' />
    <nd ref='1417' />
    <tag k='landuse' v='farmyard' />
  </way>
  <way id='146' action='modify' timestamp='2026-06-02T00:00:00Z' uid='1' user='osm_generator' visible='true' version='1' changeset='1'>
    <nd ref='-25728' />
    <nd ref='667' />
    <nd ref='668' />
    <nd ref='669' />
    <nd ref='670' />
    <nd ref='671' />
    <tag k='highway' v='secondary' />
  </way>
  <way id='147' action='modify' timestamp='2026-06-02T00:00:00Z' uid='1' user='osm_generator' visible='true' version='1' changeset='1'>
    <nd ref='-25729' />
    <nd ref='672' />
    <nd ref='673' />
    <nd ref='674' />
    <nd ref='675' />
    <nd ref='676' />
    <tag k='highway' v='secondary' />
  </way>
  <way id='148' action='modify' timestamp='2026-06-02T00:00:00Z' uid='1' user='osm_generator' visible='true' version='1' changeset='1'>
    <nd ref='-25730' />
    <nd ref='677' />
    <nd ref='678' />
    <nd ref='679' />
    <nd ref='680' />
    <nd ref='681' />
    <tag k='highway' v='secondary' />
  </way>
  <way id='149' action='modify' timestamp='2026-06-02T00:00:00Z' uid='1' user='osm_generator' visible='true' version='1' changeset='1'>
    <nd ref='-25731' />
    <nd ref='682' />
    <nd ref='683' />
    <nd ref='684' />
    <nd ref='685' />
    <nd ref='686' />
    <tag k='highway' v='secondary' />
  </way>
  <way id='150' action='modify' timestamp='2026-06-02T00:00:00Z' uid='1' user='osm_generator' visible='true' version='1' changeset='1'>
    <nd ref='-25727' />
    <nd ref='687' />
    <nd ref='668' />
    <nd ref='673' />
    <nd ref='678' />
    <nd ref='683' />
    <nd ref='688' />
    <tag k='highway' v='secondary' />
  </way>
  <way id='151' action='modify' timestamp='2026-06-02T00:00:00Z' uid='1' user='osm_generator' visible='true' version='1' changeset='1'>
    <nd ref='-25726' />
    <nd ref='689' />
    <nd ref='669' />
    <nd ref='674' />
    <nd ref='679' />
    <nd ref='684' />
    <nd ref='690' />
    <tag k='highway' v='secondary' />
  </way>
  <way id='152' action='modify' timestamp='2026-06-02T00:00:00Z' uid='1' user='osm_generator' visible='true' version='1' changeset='1'>
    <nd ref='-25725' />
    <nd ref='691' />
    <nd ref='670' />
    <nd ref='675' />
    <nd ref='680' />
    <nd ref='685' />
    <nd ref='692' />
    <tag k='highway' v='secondary' />
  </way>
  <way id='153' timestamp='2026-06-02T00:00:00Z' uid='1' user='osm_generator' visible='true' version='1' changeset='1'>
    <nd ref='1425' />
    <nd ref='1426' />
    <nd ref='1424' />
    <nd ref='1423' />
    <nd ref='1425' />
    <tag k='landuse' v='farmyard' />
    <tag k='leaf_type' v='broadleaf' />
    <tag k='natural' v='wood' />
  </way>
  <way id='154' timestamp='2026-06-02T00:00:00Z' uid='1' user='osm_generator' visible='true' version='1' changeset='1'>
    <nd ref='697' />
    <nd ref='698' />
    <nd ref='699' />
    <nd ref='700' />
    <nd ref='697' />
    <tag k='landuse' v='farmyard' />
    <tag k='leaf_type' v='broadleaf' />
    <tag k='natural' v='wood' />
  </way>
  <way id='155' timestamp='2026-06-02T00:00:00Z' uid='1' user='osm_generator' visible='true' version='1' changeset='1'>
    <nd ref='701' />
    <nd ref='702' />
    <nd ref='703' />
    <nd ref='704' />
    <nd ref='705' />
    <nd ref='706' />
    <nd ref='707' />
    <nd ref='708' />
    <nd ref='709' />
    <nd ref='710' />
    <nd ref='711' />
    <nd ref='712' />
    <nd ref='713' />
    <nd ref='714' />
    <nd ref='715' />
    <nd ref='716' />
    <nd ref='717' />
    <nd ref='718' />
    <nd ref='719' />
    <nd ref='720' />
    <nd ref='721' />
    <nd ref='722' />
    <nd ref='701' />
    <tag k='landuse' v='farmyard' />
    <tag k='leaf_type' v='broadleaf' />
    <tag k='name' v='Bosque de la Diagonal - Sección 1' />
    <tag k='natural' v='wood' />
  </way>
  <way id='156' timestamp='2026-06-02T00:00:00Z' uid='1' user='osm_generator' visible='true' version='1' changeset='1'>
    <nd ref='1433' />
    <nd ref='1434' />
    <nd ref='724' />
    <nd ref='1432' />
    <nd ref='1431' />
    <nd ref='754' />
    <nd ref='755' />
    <nd ref='1433' />
    <tag k='landuse' v='farmyard' />
    <tag k='leaf_type' v='broadleaf' />
    <tag k='name' v='Bosque de la Diagonal - Sección 2' />
    <tag k='natural' v='wood' />
  </way>
  <way id='157' timestamp='2026-06-02T00:00:00Z' uid='1' user='osm_generator' visible='true' version='1' changeset='1'>
    <nd ref='757' />
    <nd ref='758' />
    <nd ref='759' />
    <nd ref='760' />
    <nd ref='761' />
    <nd ref='762' />
    <nd ref='763' />
    <nd ref='764' />
    <nd ref='765' />
    <nd ref='766' />
    <nd ref='767' />
    <nd ref='768' />
    <nd ref='769' />
    <nd ref='770' />
    <nd ref='771' />
    <nd ref='772' />
    <nd ref='773' />
    <nd ref='774' />
    <nd ref='775' />
    <nd ref='776' />
    <nd ref='777' />
    <nd ref='778' />
    <nd ref='779' />
    <nd ref='780' />
    <nd ref='781' />
    <nd ref='782' />
    <nd ref='783' />
    <nd ref='784' />
    <nd ref='785' />
    <nd ref='786' />
    <nd ref='787' />
    <nd ref='788' />
    <nd ref='789' />
    <nd ref='790' />
    <nd ref='791' />
    <nd ref='792' />
    <nd ref='793' />
    <nd ref='794' />
    <nd ref='795' />
    <nd ref='796' />
    <nd ref='797' />
    <nd ref='798' />
    <nd ref='799' />
    <nd ref='800' />
    <nd ref='801' />
    <nd ref='802' />
    <nd ref='803' />
    <nd ref='804' />
    <nd ref='805' />
    <nd ref='806' />
    <nd ref='757' />
    <tag k='landuse' v='farmyard' />
    <tag k='leaf_type' v='broadleaf' />
    <tag k='name' v='Bosque de la Diagonal - Sección 3' />
    <tag k='natural' v='wood' />
  </way>
  <way id='158' timestamp='2026-06-02T00:00:00Z' uid='1' user='osm_generator' visible='true' version='1' changeset='1'>
    <nd ref='807' />
    <nd ref='808' />
    <nd ref='809' />
    <nd ref='810' />
    <nd ref='811' />
    <nd ref='812' />
    <nd ref='813' />
    <nd ref='814' />
    <nd ref='815' />
    <nd ref='816' />
    <nd ref='817' />
    <nd ref='818' />
    <nd ref='819' />
    <nd ref='820' />
    <nd ref='821' />
    <nd ref='822' />
    <nd ref='823' />
    <nd ref='824' />
    <nd ref='825' />
    <nd ref='826' />
    <nd ref='827' />
    <nd ref='828' />
    <nd ref='829' />
    <nd ref='830' />
    <nd ref='831' />
    <nd ref='832' />
    <nd ref='833' />
    <nd ref='834' />
    <nd ref='835' />
    <nd ref='836' />
    <nd ref='837' />
    <nd ref='838' />
    <nd ref='839' />
    <nd ref='840' />
    <nd ref='841' />
    <nd ref='842' />
    <nd ref='843' />
    <nd ref='844' />
    <nd ref='845' />
    <nd ref='846' />
    <nd ref='847' />
    <nd ref='848' />
    <nd ref='849' />
    <nd ref='850' />
    <nd ref='851' />
    <nd ref='852' />
    <nd ref='853' />
    <nd ref='854' />
    <nd ref='855' />
    <nd ref='856' />
    <nd ref='857' />
    <nd ref='858' />
    <nd ref='859' />
    <nd ref='860' />
    <nd ref='861' />
    <nd ref='862' />
    <nd ref='863' />
    <nd ref='864' />
    <nd ref='865' />
    <nd ref='866' />
    <nd ref='807' />
    <tag k='landuse' v='farmyard' />
    <tag k='leaf_type' v='broadleaf' />
    <tag k='name' v='Bosque de la Diagonal - Sección 4' />
    <tag k='natural' v='wood' />
  </way>
  <way id='159' timestamp='2026-06-02T00:00:00Z' uid='1' user='osm_generator' visible='true' version='1' changeset='1'>
    <nd ref='867' />
    <nd ref='868' />
    <nd ref='869' />
    <nd ref='870' />
    <nd ref='871' />
    <nd ref='872' />
    <nd ref='873' />
    <nd ref='874' />
    <nd ref='875' />
    <nd ref='876' />
    <nd ref='877' />
    <nd ref='878' />
    <nd ref='879' />
    <nd ref='880' />
    <nd ref='881' />
    <nd ref='882' />
    <nd ref='883' />
    <nd ref='884' />
    <nd ref='885' />
    <nd ref='886' />
    <nd ref='887' />
    <nd ref='888' />
    <nd ref='889' />
    <nd ref='890' />
    <nd ref='867' />
    <tag k='landuse' v='farmyard' />
    <tag k='leaf_type' v='broadleaf' />
    <tag k='name' v='Bosque de la Diagonal - Sección 5' />
    <tag k='natural' v='wood' />
  </way>
  <way id='160' timestamp='2026-06-02T00:00:00Z' uid='1' user='osm_generator' visible='true' version='1' changeset='1'>
    <nd ref='891' />
    <nd ref='892' />
    <nd ref='893' />
    <nd ref='894' />
    <nd ref='895' />
    <nd ref='896' />
    <nd ref='897' />
    <nd ref='898' />
    <nd ref='899' />
    <nd ref='900' />
    <nd ref='901' />
    <nd ref='902' />
    <nd ref='903' />
    <nd ref='904' />
    <nd ref='905' />
    <nd ref='906' />
    <nd ref='907' />
    <nd ref='908' />
    <nd ref='909' />
    <nd ref='910' />
    <nd ref='911' />
    <nd ref='912' />
    <nd ref='913' />
    <nd ref='914' />
    <nd ref='915' />
    <nd ref='916' />
    <nd ref='917' />
    <nd ref='918' />
    <nd ref='919' />
    <nd ref='920' />
    <nd ref='921' />
    <nd ref='922' />
    <nd ref='923' />
    <nd ref='924' />
    <nd ref='925' />
    <nd ref='926' />
    <nd ref='927' />
    <nd ref='928' />
    <nd ref='929' />
    <nd ref='930' />
    <nd ref='891' />
    <tag k='landuse' v='farmyard' />
    <tag k='leaf_type' v='broadleaf' />
    <tag k='name' v='Bosque de la Diagonal - Sección 6' />
    <tag k='natural' v='wood' />
  </way>
  <way id='161' timestamp='2026-06-02T00:00:00Z' uid='1' user='osm_generator' visible='true' version='1' changeset='1'>
    <nd ref='931' />
    <nd ref='932' />
    <nd ref='933' />
    <nd ref='934' />
    <nd ref='935' />
    <nd ref='936' />
    <nd ref='937' />
    <nd ref='938' />
    <nd ref='939' />
    <nd ref='940' />
    <nd ref='941' />
    <nd ref='942' />
    <nd ref='943' />
    <nd ref='944' />
    <nd ref='945' />
    <nd ref='946' />
    <nd ref='947' />
    <nd ref='948' />
    <nd ref='949' />
    <nd ref='950' />
    <nd ref='951' />
    <nd ref='952' />
    <nd ref='953' />
    <nd ref='954' />
    <nd ref='955' />
    <nd ref='956' />
    <nd ref='957' />
    <nd ref='958' />
    <nd ref='959' />
    <nd ref='960' />
    <nd ref='961' />
    <nd ref='962' />
    <nd ref='963' />
    <nd ref='964' />
    <nd ref='965' />
    <nd ref='966' />
    <nd ref='967' />
    <nd ref='968' />
    <nd ref='969' />
    <nd ref='970' />
    <nd ref='971' />
    <nd ref='972' />
    <nd ref='973' />
    <nd ref='974' />
    <nd ref='975' />
    <nd ref='976' />
    <nd ref='977' />
    <nd ref='978' />
    <nd ref='979' />
    <nd ref='980' />
    <nd ref='981' />
    <nd ref='982' />
    <nd ref='931' />
    <tag k='landuse' v='farmyard' />
    <tag k='leaf_type' v='broadleaf' />
    <tag k='name' v='Bosque de la Diagonal - Sección 7' />
    <tag k='natural' v='wood' />
  </way>
  <way id='162' timestamp='2026-06-02T00:00:00Z' uid='1' user='osm_generator' visible='true' version='1' changeset='1'>
    <nd ref='983' />
    <nd ref='984' />
    <nd ref='985' />
    <nd ref='986' />
    <nd ref='987' />
    <nd ref='988' />
    <nd ref='989' />
    <nd ref='990' />
    <nd ref='991' />
    <nd ref='992' />
    <nd ref='993' />
    <nd ref='994' />
    <nd ref='995' />
    <nd ref='996' />
    <nd ref='997' />
    <nd ref='998' />
    <nd ref='999' />
    <nd ref='1000' />
    <nd ref='1001' />
    <nd ref='1002' />
    <nd ref='1003' />
    <nd ref='1004' />
    <nd ref='1005' />
    <nd ref='1006' />
    <nd ref='1007' />
    <nd ref='1008' />
    <nd ref='1009' />
    <nd ref='1010' />
    <nd ref='1011' />
    <nd ref='1012' />
    <nd ref='1013' />
    <nd ref='1014' />
    <nd ref='983' />
    <tag k='landuse' v='farmyard' />
    <tag k='leaf_type' v='broadleaf' />
    <tag k='name' v='Bosque de la Diagonal - Sección 8' />
    <tag k='natural' v='wood' />
  </way>
  <way id='163' timestamp='2026-06-02T00:00:00Z' uid='1' user='osm_generator' visible='true' version='1' changeset='1'>
    <nd ref='1015' />
    <nd ref='1016' />
    <nd ref='1017' />
    <nd ref='1018' />
    <nd ref='1019' />
    <nd ref='1020' />
    <nd ref='1021' />
    <nd ref='1022' />
    <nd ref='1023' />
    <nd ref='1024' />
    <nd ref='1025' />
    <nd ref='1026' />
    <nd ref='1027' />
    <nd ref='1028' />
    <nd ref='1029' />
    <nd ref='1030' />
    <nd ref='1031' />
    <nd ref='1032' />
    <nd ref='1033' />
    <nd ref='1034' />
    <nd ref='1035' />
    <nd ref='1036' />
    <nd ref='1037' />
    <nd ref='1038' />
    <nd ref='1039' />
    <nd ref='1040' />
    <nd ref='1041' />
    <nd ref='1042' />
    <nd ref='1043' />
    <nd ref='1044' />
    <nd ref='1045' />
    <nd ref='1046' />
    <nd ref='1047' />
    <nd ref='1048' />
    <nd ref='1049' />
    <nd ref='1050' />
    <nd ref='1051' />
    <nd ref='1052' />
    <nd ref='1053' />
    <nd ref='1054' />
    <nd ref='1055' />
    <nd ref='1056' />
    <nd ref='1057' />
    <nd ref='1058' />
    <nd ref='1015' />
    <tag k='landuse' v='farmyard' />
    <tag k='leaf_type' v='broadleaf' />
    <tag k='name' v='Bosque de la Diagonal - Sección 9' />
    <tag k='natural' v='wood' />
  </way>
  <way id='164' timestamp='2026-06-02T00:00:00Z' uid='1' user='osm_generator' visible='true' version='1' changeset='1'>
    <nd ref='1059' />
    <nd ref='1060' />
    <nd ref='1061' />
    <nd ref='1062' />
    <nd ref='1063' />
    <nd ref='1064' />
    <nd ref='1065' />
    <nd ref='1066' />
    <nd ref='1067' />
    <nd ref='1068' />
    <nd ref='1069' />
    <nd ref='1070' />
    <nd ref='1071' />
    <nd ref='1072' />
    <nd ref='1073' />
    <nd ref='1074' />
    <nd ref='1075' />
    <nd ref='1076' />
    <nd ref='1077' />
    <nd ref='1078' />
    <nd ref='1079' />
    <nd ref='1080' />
    <nd ref='1081' />
    <nd ref='1082' />
    <nd ref='1083' />
    <nd ref='1084' />
    <nd ref='1085' />
    <nd ref='1086' />
    <nd ref='1087' />
    <nd ref='1088' />
    <nd ref='1089' />
    <nd ref='1090' />
    <nd ref='1091' />
    <nd ref='1092' />
    <nd ref='1093' />
    <nd ref='1094' />
    <nd ref='1095' />
    <nd ref='1096' />
    <nd ref='1097' />
    <nd ref='1098' />
    <nd ref='1099' />
    <nd ref='1100' />
    <nd ref='1101' />
    <nd ref='1102' />
    <nd ref='1103' />
    <nd ref='1104' />
    <nd ref='1105' />
    <nd ref='1106' />
    <nd ref='1107' />
    <nd ref='1108' />
    <nd ref='1109' />
    <nd ref='1110' />
    <nd ref='1059' />
    <tag k='landuse' v='farmyard' />
    <tag k='leaf_type' v='broadleaf' />
    <tag k='name' v='Bosque de la Diagonal - Sección 10' />
    <tag k='natural' v='wood' />
  </way>
  <way id='165' timestamp='2026-06-02T00:00:00Z' uid='1' user='osm_generator' visible='true' version='1' changeset='1'>
    <nd ref='1111' />
    <nd ref='1112' />
    <nd ref='1113' />
    <nd ref='1114' />
    <nd ref='1111' />
    <tag k='landuse' v='farmyard' />
  </way>
  <way id='166' timestamp='2026-06-02T00:00:00Z' uid='1' user='osm_generator' visible='true' version='1' changeset='1'>
    <nd ref='1115' />
    <nd ref='1116' />
    <nd ref='1117' />
    <nd ref='1118' />
    <nd ref='1115' />
    <tag k='landuse' v='farmyard' />
  </way>
  <way id='167' timestamp='2026-06-02T00:00:00Z' uid='1' user='osm_generator' visible='true' version='1' changeset='1'>
    <nd ref='1119' />
    <nd ref='1120' />
    <nd ref='1121' />
    <nd ref='1122' />
    <nd ref='1119' />
    <tag k='landuse' v='farmyard' />
  </way>
  <way id='168' timestamp='2026-06-02T00:00:00Z' uid='1' user='osm_generator' visible='true' version='1' changeset='1'>
    <nd ref='1123' />
    <nd ref='1124' />
    <nd ref='1125' />
    <nd ref='1126' />
    <nd ref='1123' />
    <tag k='landuse' v='farmyard' />
  </way>
  <way id='169' timestamp='2026-06-02T00:00:00Z' uid='1' user='osm_generator' visible='true' version='1' changeset='1'>
    <nd ref='1439' />
    <nd ref='1440' />
    <nd ref='1441' />
    <nd ref='1442' />
    <nd ref='1439' />
    <tag k='landuse' v='farmyard' />
  </way>
  <way id='170' timestamp='2026-06-02T00:00:00Z' uid='1' user='osm_generator' visible='true' version='1' changeset='1'>
    <nd ref='1131' />
    <nd ref='1132' />
    <nd ref='1133' />
    <nd ref='1134' />
    <nd ref='1131' />
    <tag k='landuse' v='farmyard' />
  </way>
  <way id='171' timestamp='2026-06-02T00:00:00Z' uid='1' user='osm_generator' visible='true' version='1' changeset='1'>
    <nd ref='1135' />
    <nd ref='1136' />
    <nd ref='1137' />
    <nd ref='1138' />
    <nd ref='1135' />
    <tag k='building' v='industrial' />
    <tag k='landuse' v='farmyard' />
  </way>
  <way id='172' timestamp='2026-06-02T00:00:00Z' uid='1' user='osm_generator' visible='true' version='1' changeset='1'>
    <nd ref='1139' />
    <nd ref='1140' />
    <nd ref='1141' />
    <nd ref='1142' />
    <nd ref='1139' />
    <tag k='building' v='industrial' />
    <tag k='landuse' v='farmyard' />
  </way>
  <way id='173' timestamp='2026-06-02T00:00:00Z' uid='1' user='osm_generator' visible='true' version='1' changeset='1'>
    <nd ref='1143' />
    <nd ref='1144' />
    <nd ref='1145' />
    <nd ref='1146' />
    <nd ref='1143' />
    <tag k='building' v='industrial' />
    <tag k='landuse' v='farmyard' />
  </way>
  <way id='174' timestamp='2026-06-02T00:00:00Z' uid='1' user='osm_generator' visible='true' version='1' changeset='1'>
    <nd ref='1147' />
    <nd ref='1148' />
    <nd ref='1149' />
    <nd ref='1150' />
    <nd ref='1147' />
    <tag k='building' v='industrial' />
    <tag k='landuse' v='farmyard' />
  </way>
  <way id='175' timestamp='2026-06-02T00:00:00Z' uid='1' user='osm_generator' visible='true' version='1' changeset='1'>
    <nd ref='1151' />
    <nd ref='1152' />
    <nd ref='1153' />
    <nd ref='1154' />
    <nd ref='1151' />
    <tag k='building' v='industrial' />
    <tag k='landuse' v='farmyard' />
  </way>
  <way id='176' timestamp='2026-06-02T00:00:00Z' uid='1' user='osm_generator' visible='true' version='1' changeset='1'>
    <nd ref='1155' />
    <nd ref='1156' />
    <nd ref='1157' />
    <nd ref='1158' />
    <nd ref='1155' />
    <tag k='building' v='industrial' />
    <tag k='landuse' v='farmyard' />
  </way>
  <way id='177' timestamp='2026-06-02T00:00:00Z' uid='1' user='osm_generator' visible='true' version='1' changeset='1'>
    <nd ref='1159' />
    <nd ref='1160' />
    <nd ref='1161' />
    <nd ref='1162' />
    <nd ref='1159' />
    <tag k='building' v='industrial' />
    <tag k='landuse' v='farmyard' />
  </way>
  <way id='178' timestamp='2026-06-02T00:00:00Z' uid='1' user='osm_generator' visible='true' version='1' changeset='1'>
    <nd ref='1163' />
    <nd ref='1164' />
    <nd ref='1165' />
    <nd ref='1166' />
    <nd ref='1163' />
    <tag k='building' v='industrial' />
    <tag k='landuse' v='farmyard' />
  </way>
  <way id='179' timestamp='2026-06-02T00:00:00Z' uid='1' user='osm_generator' visible='true' version='1' changeset='1'>
    <nd ref='1167' />
    <nd ref='1168' />
    <nd ref='1169' />
    <nd ref='1170' />
    <nd ref='1167' />
    <tag k='building' v='industrial' />
    <tag k='landuse' v='farmyard' />
  </way>
  <way id='180' timestamp='2026-06-02T00:00:00Z' uid='1' user='osm_generator' visible='true' version='1' changeset='1'>
    <nd ref='1171' />
    <nd ref='1172' />
    <nd ref='1173' />
    <nd ref='1174' />
    <nd ref='1171' />
    <tag k='building' v='industrial' />
    <tag k='landuse' v='farmyard' />
  </way>
  <way id='181' timestamp='2026-06-02T00:00:00Z' uid='1' user='osm_generator' visible='true' version='1' changeset='1'>
    <nd ref='1175' />
    <nd ref='1176' />
    <nd ref='1177' />
    <nd ref='1178' />
    <nd ref='1179' />
    <nd ref='1180' />
    <nd ref='1181' />
    <nd ref='1182' />
    <nd ref='1183' />
    <tag k='name' v='Vía Férrea Norte' />
    <tag k='railway' v='rail' />
  </way>
  <way id='182' action='modify' timestamp='2026-06-02T00:00:00Z' uid='1' user='osm_generator' visible='true' version='1' changeset='1'>
    <nd ref='1184' />
    <nd ref='1185' />
    <nd ref='-25728' />
    <nd ref='-25729' />
    <nd ref='-25730' />
    <nd ref='-25731' />
    <nd ref='1186' />
    <nd ref='1187' />
    <nd ref='1188' />
    <nd ref='1189' />
    <nd ref='1190' />
    <nd ref='1191' />
    <nd ref='1192' />
    <tag k='highway' v='primary' />
  </way>
  <way id='183' timestamp='2026-06-02T00:00:00Z' uid='1' user='osm_generator' visible='true' version='1' changeset='1'>
    <nd ref='1193' />
    <nd ref='1194' />
    <nd ref='1195' />
    <nd ref='1196' />
    <nd ref='1197' />
    <nd ref='1198' />
    <nd ref='1199' />
    <nd ref='1200' />
    <tag k='highway' v='track' />
  </way>
  <way id='184' timestamp='2026-06-02T00:00:00Z' uid='1' user='osm_generator' visible='true' version='1' changeset='1'>
    <nd ref='1201' />
    <nd ref='1202' />
    <tag k='highway' v='track' />
  </way>
  <way id='185' timestamp='2026-06-02T00:00:00Z' uid='1' user='osm_generator' visible='true' version='1' changeset='1'>
    <nd ref='1203' />
    <nd ref='1204' />
    <nd ref='1205' />
    <nd ref='1206' />
    <nd ref='1207' />
    <nd ref='1208' />
    <nd ref='1209' />
    <tag k='highway' v='track' />
  </way>
  <way id='186' timestamp='2026-06-02T00:00:00Z' uid='1' user='osm_generator' visible='true' version='1' changeset='1'>
    <nd ref='1210' />
    <nd ref='1211' />
    <nd ref='1212' />
    <nd ref='1213' />
    <tag k='highway' v='track' />
  </way>
  <way id='187' timestamp='2026-06-02T00:00:00Z' uid='1' user='osm_generator' visible='true' version='1' changeset='1'>
    <nd ref='1214' />
    <nd ref='1215' />
    <nd ref='1216' />
    <nd ref='1217' />
    <nd ref='1218' />
    <tag k='highway' v='track' />
  </way>
  <way id='188' timestamp='2026-06-02T00:00:00Z' uid='1' user='osm_generator' visible='true' version='1' changeset='1'>
    <nd ref='1219' />
    <nd ref='1220' />
    <nd ref='1221' />
    <nd ref='1222' />
    <nd ref='1223' />
    <tag k='highway' v='track' />
  </way>
  <way id='189' timestamp='2026-06-02T00:00:00Z' uid='1' user='osm_generator' visible='true' version='1' changeset='1'>
    <nd ref='1224' />
    <nd ref='1225' />
    <nd ref='1226' />
    <nd ref='1227' />
    <tag k='highway' v='track' />
  </way>
  <way id='190' timestamp='2026-06-02T00:00:00Z' uid='1' user='osm_generator' visible='true' version='1' changeset='1'>
    <nd ref='1228' />
    <nd ref='1229' />
    <nd ref='1230' />
    <nd ref='1231' />
    <nd ref='1232' />
    <nd ref='1233' />
    <nd ref='1234' />
    <tag k='highway' v='track' />
  </way>
  <way id='191' timestamp='2026-06-02T00:00:00Z' uid='1' user='osm_generator' visible='true' version='1' changeset='1'>
    <nd ref='1235' />
    <nd ref='1236' />
    <tag k='highway' v='track' />
  </way>
  <way id='192' timestamp='2026-06-02T00:00:00Z' uid='1' user='osm_generator' visible='true' version='1' changeset='1'>
    <nd ref='1237' />
    <nd ref='1238' />
    <nd ref='1239' />
    <nd ref='1240' />
    <nd ref='1241' />
    <nd ref='1242' />
    <nd ref='1243' />
    <nd ref='1244' />
    <tag k='highway' v='track' />
  </way>
  <way id='193' timestamp='2026-06-02T00:00:00Z' uid='1' user='osm_generator' visible='true' version='1' changeset='1'>
    <nd ref='1245' />
    <nd ref='1246' />
    <nd ref='1247' />
    <nd ref='1248' />
    <nd ref='1249' />
    <nd ref='1250' />
    <nd ref='1251' />
    <nd ref='1252' />
    <nd ref='1253' />
    <tag k='highway' v='primary' />
  </way>
  <way id='194' action='modify' timestamp='2026-06-02T00:00:00Z' uid='1' user='osm_generator' visible='true' version='1' changeset='1'>
    <nd ref='1185' />
    <nd ref='-25727' />
    <nd ref='-25726' />
    <nd ref='-25725' />
    <nd ref='1194' />
    <nd ref='1204' />
    <nd ref='1215' />
    <nd ref='1225' />
    <nd ref='1254' />
    <tag k='highway' v='track' />
  </way>
  <way id='195' timestamp='2026-06-02T00:00:00Z' uid='1' user='osm_generator' visible='true' version='1' changeset='1'>
    <nd ref='1186' />
    <nd ref='1195' />
    <nd ref='1205' />
    <nd ref='1216' />
    <nd ref='1226' />
    <nd ref='1255' />
    <tag k='highway' v='track' />
  </way>
  <way id='196' timestamp='2026-06-02T00:00:00Z' uid='1' user='osm_generator' visible='true' version='1' changeset='1'>
    <nd ref='1256' />
    <nd ref='1238' />
    <nd ref='1247' />
    <tag k='highway' v='track' />
  </way>
  <way id='197' timestamp='2026-06-02T00:00:00Z' uid='1' user='osm_generator' visible='true' version='1' changeset='1'>
    <nd ref='1187' />
    <nd ref='1196' />
    <nd ref='1206' />
    <nd ref='1217' />
    <nd ref='1257' />
    <tag k='highway' v='track' />
  </way>
  <way id='198' timestamp='2026-06-02T00:00:00Z' uid='1' user='osm_generator' visible='true' version='1' changeset='1'>
    <nd ref='1258' />
    <nd ref='1229' />
    <nd ref='1239' />
    <nd ref='1248' />
    <tag k='highway' v='track' />
  </way>
  <way id='199' timestamp='2026-06-02T00:00:00Z' uid='1' user='osm_generator' visible='true' version='1' changeset='1'>
    <nd ref='1188' />
    <nd ref='1197' />
    <nd ref='1207' />
    <nd ref='1259' />
    <tag k='highway' v='track' />
  </way>
  <way id='200' timestamp='2026-06-02T00:00:00Z' uid='1' user='osm_generator' visible='true' version='1' changeset='1'>
    <nd ref='1260' />
    <nd ref='1230' />
    <nd ref='1240' />
    <nd ref='1249' />
    <tag k='highway' v='track' />
  </way>
  <way id='201' timestamp='2026-06-02T00:00:00Z' uid='1' user='osm_generator' visible='true' version='1' changeset='1'>
    <nd ref='1189' />
    <nd ref='1198' />
    <nd ref='1208' />
    <nd ref='1261' />
    <tag k='highway' v='track' />
  </way>
  <way id='202' timestamp='2026-06-02T00:00:00Z' uid='1' user='osm_generator' visible='true' version='1' changeset='1'>
    <nd ref='1262' />
    <nd ref='1220' />
    <nd ref='1231' />
    <nd ref='1241' />
    <nd ref='1250' />
    <tag k='highway' v='track' />
  </way>
  <way id='203' timestamp='2026-06-02T00:00:00Z' uid='1' user='osm_generator' visible='true' version='1' changeset='1'>
    <nd ref='1190' />
    <nd ref='1199' />
    <nd ref='1263' />
    <tag k='highway' v='track' />
  </way>
  <way id='204' timestamp='2026-06-02T00:00:00Z' uid='1' user='osm_generator' visible='true' version='1' changeset='1'>
    <nd ref='1264' />
    <nd ref='1211' />
    <nd ref='1221' />
    <nd ref='1232' />
    <nd ref='1242' />
    <nd ref='1251' />
    <tag k='highway' v='track' />
  </way>
  <way id='205' timestamp='2026-06-02T00:00:00Z' uid='1' user='osm_generator' visible='true' version='1' changeset='1'>
    <nd ref='1265' />
    <nd ref='1212' />
    <nd ref='1222' />
    <nd ref='1233' />
    <nd ref='1243' />
    <nd ref='1252' />
    <tag k='highway' v='track' />
  </way>
  <way id='206' timestamp='2026-06-02T00:00:00Z' uid='1' user='osm_generator' visible='true' version='1' changeset='1'>
    <nd ref='1191' />
    <nd ref='1266' />
    <nd ref='1267' />
    <nd ref='1268' />
    <nd ref='1269' />
    <nd ref='1270' />
    <nd ref='1271' />
    <nd ref='1272' />
    <nd ref='1273' />
    <nd ref='1274' />
    <nd ref='1275' />
    <nd ref='1276' />
    <nd ref='1277' />
    <nd ref='1278' />
    <nd ref='1279' />
    <nd ref='1280' />
    <nd ref='1281' />
    <nd ref='1282' />
    <nd ref='1283' />
    <nd ref='1284' />
    <nd ref='1285' />
    <nd ref='1286' />
    <nd ref='1287' />
    <nd ref='1288' />
    <nd ref='1289' />
    <nd ref='1290' />
    <nd ref='1291' />
    <nd ref='1292' />
    <nd ref='1293' />
    <nd ref='1294' />
    <nd ref='1295' />
    <nd ref='1296' />
    <nd ref='1297' />
    <nd ref='1298' />
    <nd ref='1299' />
    <nd ref='1300' />
    <nd ref='1301' />
    <nd ref='1302' />
    <nd ref='1303' />
    <nd ref='1304' />
    <nd ref='1305' />
    <nd ref='1306' />
    <nd ref='1307' />
    <nd ref='1308' />
    <nd ref='1309' />
    <nd ref='1310' />
    <nd ref='1311' />
    <nd ref='1312' />
    <nd ref='1313' />
    <nd ref='1314' />
    <nd ref='1315' />
    <nd ref='1316' />
    <nd ref='1317' />
    <nd ref='1318' />
    <nd ref='1246' />
    <tag k='highway' v='primary' />
  </way>
  <way id='207' action='modify' timestamp='2026-06-02T00:00:00Z' uid='1' user='osm_generator' visible='true' version='1' changeset='1'>
    <nd ref='1319' />
    <nd ref='1320' />
    <nd ref='1321' />
    <tag k='highway' v='track' />
    <tag k='name' v='Camino de Terracería Costero' />
  </way>
  <way id='208' timestamp='2026-06-02T00:00:00Z' uid='1' user='osm_generator' visible='true' version='1' changeset='1'>
    <nd ref='1321' />
    <nd ref='1322' />
    <tag k='highway' v='track' />
    <tag k='name' v='Camino de Terracería Costero' />
  </way>
  <way id='209' timestamp='2026-07-24T00:00:00Z' uid='1' user='osm_generator' visible='true' version='1' changeset='1'>
    <nd ref='1323' />
    <nd ref='1324' />
    <nd ref='1325' />
    <nd ref='1326' />
    <nd ref='1327' />
    <nd ref='1328' />
    <nd ref='1329' />
    <nd ref='1330' />
    <nd ref='1331' />
    <nd ref='1332' />
    <nd ref='1333' />
    <nd ref='1334' />
    <nd ref='1323' />
    <tag k='name' v='Embalse y Canal de la Granja' />
    <tag k='natural' v='water' />
    <tag k='water' v='reservoir' />
  </way>
  <way id='210' timestamp='2026-07-24T00:00:00Z' uid='1' user='osm_generator' visible='true' version='1' changeset='1'>
    <nd ref='1339' />
    <nd ref='1340' />
    <nd ref='1341' />
    <nd ref='1342' />
    <nd ref='1339' />
    <tag k='landuse' v='farmland' />
  </way>
  <way id='211' timestamp='2026-07-24T00:00:00Z' uid='1' user='osm_generator' visible='true' version='1' changeset='1'>
    <nd ref='1347' />
    <nd ref='1348' />
    <nd ref='1349' />
    <nd ref='1350' />
    <nd ref='1347' />
    <tag k='landuse' v='farmland' />
  </way>
  <way id='212' timestamp='2026-07-24T00:00:00Z' uid='1' user='osm_generator' visible='true' version='1' changeset='1'>
    <nd ref='1355' />
    <nd ref='1356' />
    <nd ref='1357' />
    <nd ref='1358' />
    <nd ref='1355' />
    <tag k='landuse' v='farmland' />
  </way>
  <way id='213' timestamp='2026-07-24T00:00:00Z' uid='1' user='osm_generator' visible='true' version='1' changeset='1'>
    <nd ref='1363' />
    <nd ref='1364' />
    <nd ref='1365' />
    <nd ref='1366' />
    <nd ref='1363' />
    <tag k='landuse' v='farmland' />
  </way>
  <way id='214' timestamp='2026-07-24T00:00:00Z' uid='1' user='osm_generator' visible='true' version='1' changeset='1'>
    <nd ref='1371' />
    <nd ref='1372' />
    <nd ref='1373' />
    <nd ref='1374' />
    <nd ref='1371' />
    <tag k='landuse' v='farmland' />
  </way>
  <way id='215' timestamp='2026-07-24T00:00:00Z' uid='1' user='osm_generator' visible='true' version='1' changeset='1'>
    <nd ref='1379' />
    <nd ref='1380' />
    <nd ref='1381' />
    <nd ref='1382' />
    <nd ref='1379' />
    <tag k='landuse' v='farmland' />
  </way>
  <way id='216' timestamp='2026-07-24T00:00:00Z' uid='1' user='osm_generator' visible='true' version='1' changeset='1'>
    <nd ref='1387' />
    <nd ref='1388' />
    <nd ref='1389' />
    <nd ref='1390' />
    <nd ref='1387' />
    <tag k='landuse' v='farmland' />
  </way>
  <way id='217' timestamp='2026-07-24T00:00:00Z' uid='1' user='osm_generator' visible='true' version='1' changeset='1'>
    <nd ref='1395' />
    <nd ref='1396' />
    <nd ref='1397' />
    <nd ref='1398' />
    <nd ref='1395' />
    <tag k='landuse' v='farmland' />
  </way>
  <way id='218' timestamp='2026-07-24T00:00:00Z' uid='1' user='osm_generator' visible='true' version='1' changeset='1'>
    <nd ref='1403' />
    <nd ref='1404' />
    <nd ref='1405' />
    <nd ref='1406' />
    <nd ref='1403' />
    <tag k='landuse' v='farmland' />
  </way>
  <way id='219' timestamp='2026-07-24T00:00:00Z' uid='1' user='osm_generator' visible='true' version='1' changeset='1'>
    <nd ref='1411' />
    <nd ref='1412' />
    <nd ref='1413' />
    <nd ref='1414' />
    <nd ref='1411' />
    <tag k='landuse' v='farmland' />
  </way>
  <way id='220' action='delete' timestamp='2026-07-24T00:00:00Z' uid='1' user='osm_generator' visible='true' version='1' changeset='1'>
    <tag k='landuse' v='farmyard' />
    <tag k='name' v='Granja del Norte' />
  </way>
  <way id='221' timestamp='2026-07-24T00:00:00Z' uid='1' user='osm_generator' visible='true' version='1' changeset='1'>
    <nd ref='1427' />
    <nd ref='1428' />
    <nd ref='1429' />
    <nd ref='1430' />
    <nd ref='1427' />
    <tag k='landuse' v='farmyard' />
    <tag k='leaf_type' v='broadleaf' />
    <tag k='natural' v='wood' />
  </way>
  <way id='222' timestamp='2026-07-24T00:00:00Z' uid='1' user='osm_generator' visible='true' version='1' changeset='1'>
    <nd ref='1435' />
    <nd ref='1436' />
    <nd ref='726' />
    <nd ref='727' />
    <nd ref='728' />
    <nd ref='729' />
    <nd ref='730' />
    <nd ref='731' />
    <nd ref='732' />
    <nd ref='733' />
    <nd ref='734' />
    <nd ref='735' />
    <nd ref='736' />
    <nd ref='737' />
    <nd ref='738' />
    <nd ref='1437' />
    <nd ref='1438' />
    <nd ref='741' />
    <nd ref='742' />
    <nd ref='743' />
    <nd ref='744' />
    <nd ref='745' />
    <nd ref='746' />
    <nd ref='747' />
    <nd ref='748' />
    <nd ref='749' />
    <nd ref='750' />
    <nd ref='751' />
    <nd ref='752' />
    <nd ref='1435' />
    <tag k='landuse' v='farmyard' />
    <tag k='leaf_type' v='broadleaf' />
    <tag k='name' v='Bosque de la Diagonal - Sección 2' />
    <tag k='natural' v='wood' />
  </way>
</osm>
