<?xml version="1.0" encoding="utf-8"?>
<osm version="0.6" generator="Antigravity">
  <bounds minlat="43.1272603389" minlon="-95.1703412499" maxlat="43.1641243758" maxlon="-95.1198160709"/>
  <node id="1" lat="43.1296228413" lon="-95.1701870593" version="1" timestamp="2026-07-24T12:00:00Z" changeset="1" uid="1" user="Antigravity"/>
  <node id="2" lat="43.1296228413" lon="-95.1578518105" version="1" timestamp="2026-07-24T12:00:00Z" changeset="1" uid="1" user="Antigravity"/>
  <node id="3" lat="43.1273728390" lon="-95.1578518105" version="1" timestamp="2026-07-24T12:00:00Z" changeset="1" uid="1" user="Antigravity"/>
  <node id="4" lat="43.1273728390" lon="-95.1701870593" version="1" timestamp="2026-07-24T12:00:00Z" changeset="1" uid="1" user="Antigravity"/>
  <node id="5" lat="43.1296228413" lon="-95.1576667818" version="1" timestamp="2026-07-24T12:00:00Z" changeset="1" uid="1" user="Antigravity"/>
  <node id="6" lat="43.1296228413" lon="-95.1540254164" version="1" timestamp="2026-07-24T12:00:00Z" changeset="1" uid="1" user="Antigravity"/>
  <node id="7" lat="43.1273728390" lon="-95.1540254164" version="1" timestamp="2026-07-24T12:00:00Z" changeset="1" uid="1" user="Antigravity"/>
  <node id="8" lat="43.1273728390" lon="-95.1576667818" version="1" timestamp="2026-07-24T12:00:00Z" changeset="1" uid="1" user="Antigravity"/>
  <node id="9" lat="43.1595163712" lon="-95.1224928199" version="1" timestamp="2026-07-24T12:00:00Z" changeset="1" uid="1" user="Antigravity"/>
  <node id="10" lat="43.1595163712" lon="-95.1201244522" version="1" timestamp="2026-07-24T12:00:00Z" changeset="1" uid="1" user="Antigravity"/>
  <node id="11" lat="43.1572123689" lon="-95.1201244522" version="1" timestamp="2026-07-24T12:00:00Z" changeset="1" uid="1" user="Antigravity"/>
  <node id="12" lat="43.1572123689" lon="-95.1224928199" version="1" timestamp="2026-07-24T12:00:00Z" changeset="1" uid="1" user="Antigravity"/>
  <node id="13" lat="43.1588323705" lon="-95.1224928199" version="1" timestamp="2026-07-24T12:00:00Z" changeset="1" uid="1" user="Antigravity"/>
  <node id="14" lat="43.1588323705" lon="-95.1202724752" version="1" timestamp="2026-07-24T12:00:00Z" changeset="1" uid="1" user="Antigravity"/>
  <node id="15" lat="43.1572123689" lon="-95.1202724752" version="1" timestamp="2026-07-24T12:00:00Z" changeset="1" uid="1" user="Antigravity"/>
  <node id="16" lat="43.1580448697" lon="-95.1202724752" version="1" timestamp="2026-07-24T12:00:00Z" changeset="1" uid="1" user="Antigravity"/>
  <node id="17" lat="43.1580448697" lon="-95.1185825461" version="1" timestamp="2026-07-24T12:00:00Z" changeset="1" uid="1" user="Antigravity"/>
  <node id="18" lat="43.1579998697" lon="-95.1185825461" version="1" timestamp="2026-07-24T12:00:00Z" changeset="1" uid="1" user="Antigravity"/>
  <node id="19" lat="43.1579998697" lon="-95.1202724752" version="1" timestamp="2026-07-24T12:00:00Z" changeset="1" uid="1" user="Antigravity"/>
  <node id="20" lat="43.1595163712" lon="-95.1264400995" version="1" timestamp="2026-07-24T12:00:00Z" changeset="1" uid="1" user="Antigravity"/>
  <node id="21" lat="43.1572123689" lon="-95.1264400995" version="1" timestamp="2026-07-24T12:00:00Z" changeset="1" uid="1" user="Antigravity"/>
  <node id="22" lat="43.1595838712" lon="-95.1703412499" version="1" timestamp="2026-07-24T12:00:00Z" changeset="1" uid="1" user="Antigravity"/>
  <node id="23" lat="43.1595838712" lon="-95.1604730509" version="1" timestamp="2026-07-24T12:00:00Z" changeset="1" uid="1" user="Antigravity"/>
  <node id="24" lat="43.1595838712" lon="-95.1506048519" version="1" timestamp="2026-07-24T12:00:00Z" changeset="1" uid="1" user="Antigravity"/>
  <node id="25" lat="43.1595838712" lon="-95.1407366529" version="1" timestamp="2026-07-24T12:00:00Z" changeset="1" uid="1" user="Antigravity"/>
  <node id="26" lat="43.1595838712" lon="-95.1308684538" version="1" timestamp="2026-07-24T12:00:00Z" changeset="1" uid="1" user="Antigravity"/>
  <node id="27" lat="43.1595838712" lon="-95.1265326139" version="1" timestamp="2026-07-24T12:00:00Z" changeset="1" uid="1" user="Antigravity"/>
  <node id="28" lat="43.1595838712" lon="-95.1264400995" version="1" timestamp="2026-07-24T12:00:00Z" changeset="1" uid="1" user="Antigravity"/>
  <node id="29" lat="43.1595838712" lon="-95.1254532796" version="1" timestamp="2026-07-24T12:00:00Z" changeset="1" uid="1" user="Antigravity"/>
  <node id="30" lat="43.1595838712" lon="-95.1244664597" version="1" timestamp="2026-07-24T12:00:00Z" changeset="1" uid="1" user="Antigravity"/>
  <node id="31" lat="43.1595838712" lon="-95.1234796398" version="1" timestamp="2026-07-24T12:00:00Z" changeset="1" uid="1" user="Antigravity"/>
  <node id="32" lat="43.1595838712" lon="-95.1224928199" version="1" timestamp="2026-07-24T12:00:00Z" changeset="1" uid="1" user="Antigravity"/>
  <node id="33" lat="43.1595838712" lon="-95.1198160709" version="1" timestamp="2026-07-24T12:00:00Z" changeset="1" uid="1" user="Antigravity"/>
  <node id="34" lat="43.1296993414" lon="-95.1703412499" version="1" timestamp="2026-07-24T12:00:00Z" changeset="1" uid="1" user="Antigravity"/>
  <node id="35" lat="43.1296993414" lon="-95.1604730509" version="1" timestamp="2026-07-24T12:00:00Z" changeset="1" uid="1" user="Antigravity"/>
  <node id="36" lat="43.1296993414" lon="-95.1506048519" version="1" timestamp="2026-07-24T12:00:00Z" changeset="1" uid="1" user="Antigravity"/>
  <node id="37" lat="43.1296993414" lon="-95.1407366529" version="1" timestamp="2026-07-24T12:00:00Z" changeset="1" uid="1" user="Antigravity"/>
  <node id="38" lat="43.1296993414" lon="-95.1390837295" version="1" timestamp="2026-07-24T12:00:00Z" changeset="1" uid="1" user="Antigravity"/>
  <node id="39" lat="43.1297111264" lon="-95.1386792453" version="1" timestamp="2026-07-24T12:00:00Z" changeset="1" uid="1" user="Antigravity"/>
  <node id="40" lat="43.1297464814" lon="-95.1382881425" version="1" timestamp="2026-07-24T12:00:00Z" changeset="1" uid="1" user="Antigravity"/>
  <node id="41" lat="43.1298054065" lon="-95.1379104212" version="1" timestamp="2026-07-24T12:00:00Z" changeset="1" uid="1" user="Antigravity"/>
  <node id="42" lat="43.1298879016" lon="-95.1375460814" version="1" timestamp="2026-07-24T12:00:00Z" changeset="1" uid="1" user="Antigravity"/>
  <node id="43" lat="43.1299939667" lon="-95.1371951230" version="1" timestamp="2026-07-24T12:00:00Z" changeset="1" uid="1" user="Antigravity"/>
  <node id="44" lat="43.1301236018" lon="-95.1368575461" version="1" timestamp="2026-07-24T12:00:00Z" changeset="1" uid="1" user="Antigravity"/>
  <node id="45" lat="43.1302768069" lon="-95.1365333506" version="1" timestamp="2026-07-24T12:00:00Z" changeset="1" uid="1" user="Antigravity"/>
  <node id="46" lat="43.1304535821" lon="-95.1362225366" version="1" timestamp="2026-07-24T12:00:00Z" changeset="1" uid="1" user="Antigravity"/>
  <node id="47" lat="43.1306539273" lon="-95.1359251040" version="1" timestamp="2026-07-24T12:00:00Z" changeset="1" uid="1" user="Antigravity"/>
  <node id="48" lat="43.1330132617" lon="-95.1326914433" version="1" timestamp="2026-07-24T12:00:00Z" changeset="1" uid="1" user="Antigravity"/>
  <node id="49" lat="43.1343433460" lon="-95.1308684538" version="1" timestamp="2026-07-24T12:00:00Z" changeset="1" uid="1" user="Antigravity"/>
  <node id="50" lat="43.1365522632" lon="-95.1278409521" version="1" timestamp="2026-07-24T12:00:00Z" changeset="1" uid="1" user="Antigravity"/>
  <node id="51" lat="43.1367692751" lon="-95.1275663626" version="1" timestamp="2026-07-24T12:00:00Z" changeset="1" uid="1" user="Antigravity"/>
  <node id="52" lat="43.1369960503" lon="-95.1273240777" version="1" timestamp="2026-07-24T12:00:00Z" changeset="1" uid="1" user="Antigravity"/>
  <node id="53" lat="43.1372325889" lon="-95.1271140975" version="1" timestamp="2026-07-24T12:00:00Z" changeset="1" uid="1" user="Antigravity"/>
  <node id="54" lat="43.1374788908" lon="-95.1269364220" version="1" timestamp="2026-07-24T12:00:00Z" changeset="1" uid="1" user="Antigravity"/>
  <node id="55" lat="43.1377349561" lon="-95.1267910511" version="1" timestamp="2026-07-24T12:00:00Z" changeset="1" uid="1" user="Antigravity"/>
  <node id="56" lat="43.1379838496" lon="-95.1266851879" version="1" timestamp="2026-07-24T12:00:00Z" changeset="1" uid="1" user="Antigravity"/>
  <node id="57" lat="43.1380007847" lon="-95.1266779848" version="1" timestamp="2026-07-24T12:00:00Z" changeset="1" uid="1" user="Antigravity"/>
  <node id="58" lat="43.1382763766" lon="-95.1265972232" version="1" timestamp="2026-07-24T12:00:00Z" changeset="1" uid="1" user="Antigravity"/>
  <node id="59" lat="43.1385617319" lon="-95.1265487662" version="1" timestamp="2026-07-24T12:00:00Z" changeset="1" uid="1" user="Antigravity"/>
  <node id="60" lat="43.1388568505" lon="-95.1265326139" version="1" timestamp="2026-07-24T12:00:00Z" changeset="1" uid="1" user="Antigravity"/>
  <node id="61" lat="43.1451838568" lon="-95.1265326139" version="1" timestamp="2026-07-24T12:00:00Z" changeset="1" uid="1" user="Antigravity"/>
  <node id="62" lat="43.1523838640" lon="-95.1265326139" version="1" timestamp="2026-07-24T12:00:00Z" changeset="1" uid="1" user="Antigravity"/>
  <node id="63" lat="43.1572123689" lon="-95.1265326139" version="1" timestamp="2026-07-24T12:00:00Z" changeset="1" uid="1" user="Antigravity"/>
  <node id="64" lat="43.1583643700" lon="-95.1265326139" version="1" timestamp="2026-07-24T12:00:00Z" changeset="1" uid="1" user="Antigravity"/>
  <node id="65" lat="43.1595163712" lon="-95.1265326139" version="1" timestamp="2026-07-24T12:00:00Z" changeset="1" uid="1" user="Antigravity"/>
  <node id="66" lat="43.1596513713" lon="-95.1703412499" version="1" timestamp="2026-07-24T12:00:00Z" changeset="1" uid="1" user="Antigravity"/>
  <node id="67" lat="43.1596513713" lon="-95.1198160709" version="1" timestamp="2026-07-24T12:00:00Z" changeset="1" uid="1" user="Antigravity"/>
  <node id="68" lat="43.1583643700" lon="-95.1264400995" version="1" timestamp="2026-07-24T12:00:00Z" changeset="1" uid="1" user="Antigravity"/>
  <node id="69" lat="43.1595163712" lon="-95.1254532796" version="1" timestamp="2026-07-24T12:00:00Z" changeset="1" uid="1" user="Antigravity"/>
  <node id="70" lat="43.1583643700" lon="-95.1254532796" version="1" timestamp="2026-07-24T12:00:00Z" changeset="1" uid="1" user="Antigravity"/>
  <node id="71" lat="43.1572123689" lon="-95.1254532796" version="1" timestamp="2026-07-24T12:00:00Z" changeset="1" uid="1" user="Antigravity"/>
  <node id="72" lat="43.1595163712" lon="-95.1244664597" version="1" timestamp="2026-07-24T12:00:00Z" changeset="1" uid="1" user="Antigravity"/>
  <node id="73" lat="43.1583643700" lon="-95.1244664597" version="1" timestamp="2026-07-24T12:00:00Z" changeset="1" uid="1" user="Antigravity"/>
  <node id="74" lat="43.1572123689" lon="-95.1244664597" version="1" timestamp="2026-07-24T12:00:00Z" changeset="1" uid="1" user="Antigravity"/>
  <node id="75" lat="43.1595163712" lon="-95.1234796398" version="1" timestamp="2026-07-24T12:00:00Z" changeset="1" uid="1" user="Antigravity"/>
  <node id="76" lat="43.1583643700" lon="-95.1234796398" version="1" timestamp="2026-07-24T12:00:00Z" changeset="1" uid="1" user="Antigravity"/>
  <node id="77" lat="43.1572123689" lon="-95.1234796398" version="1" timestamp="2026-07-24T12:00:00Z" changeset="1" uid="1" user="Antigravity"/>
  <node id="78" lat="43.1583643700" lon="-95.1224928199" version="1" timestamp="2026-07-24T12:00:00Z" changeset="1" uid="1" user="Antigravity"/>
  <node id="79" lat="43.1523838640" lon="-95.1604730509" version="1" timestamp="2026-07-24T12:00:00Z" changeset="1" uid="1" user="Antigravity"/>
  <node id="80" lat="43.1451838568" lon="-95.1604730509" version="1" timestamp="2026-07-24T12:00:00Z" changeset="1" uid="1" user="Antigravity"/>
  <node id="81" lat="43.1379838496" lon="-95.1604730509" version="1" timestamp="2026-07-24T12:00:00Z" changeset="1" uid="1" user="Antigravity"/>
  <node id="82" lat="43.1523838640" lon="-95.1506048519" version="1" timestamp="2026-07-24T12:00:00Z" changeset="1" uid="1" user="Antigravity"/>
  <node id="83" lat="43.1451838568" lon="-95.1506048519" version="1" timestamp="2026-07-24T12:00:00Z" changeset="1" uid="1" user="Antigravity"/>
  <node id="84" lat="43.1379838496" lon="-95.1506048519" version="1" timestamp="2026-07-24T12:00:00Z" changeset="1" uid="1" user="Antigravity"/>
  <node id="85" lat="43.1523838640" lon="-95.1407366529" version="1" timestamp="2026-07-24T12:00:00Z" changeset="1" uid="1" user="Antigravity"/>
  <node id="86" lat="43.1451838568" lon="-95.1407366529" version="1" timestamp="2026-07-24T12:00:00Z" changeset="1" uid="1" user="Antigravity"/>
  <node id="87" lat="43.1379838496" lon="-95.1407366529" version="1" timestamp="2026-07-24T12:00:00Z" changeset="1" uid="1" user="Antigravity"/>
  <node id="88" lat="43.1523838640" lon="-95.1308684538" version="1" timestamp="2026-07-24T12:00:00Z" changeset="1" uid="1" user="Antigravity"/>
  <node id="89" lat="43.1451838568" lon="-95.1308684538" version="1" timestamp="2026-07-24T12:00:00Z" changeset="1" uid="1" user="Antigravity"/>
  <node id="90" lat="43.1379838496" lon="-95.1308684538" version="1" timestamp="2026-07-24T12:00:00Z" changeset="1" uid="1" user="Antigravity"/>
  <node id="91" lat="43.1523838640" lon="-95.1703412499" version="1" timestamp="2026-07-24T12:00:00Z" changeset="1" uid="1" user="Antigravity"/>
  <node id="92" lat="43.1379838496" lon="-95.1703412499" version="1" timestamp="2026-07-24T12:00:00Z" changeset="1" uid="1" user="Antigravity"/>
  <node id="93" lat="43.1595388712" lon="-95.1702795737" version="1" timestamp="2026-07-24T12:00:00Z" changeset="1" uid="1" user="Antigravity"/>
  <node id="94" lat="43.1595388712" lon="-95.1699750472" version="1" timestamp="2026-07-24T12:00:00Z" changeset="1" uid="1" user="Antigravity"/>
  <node id="95" lat="43.1595388712" lon="-95.1696705207" version="1" timestamp="2026-07-24T12:00:00Z" changeset="1" uid="1" user="Antigravity"/>
  <node id="96" lat="43.1595388712" lon="-95.1693659943" version="1" timestamp="2026-07-24T12:00:00Z" changeset="1" uid="1" user="Antigravity"/>
  <node id="97" lat="43.1595388712" lon="-95.1690614678" version="1" timestamp="2026-07-24T12:00:00Z" changeset="1" uid="1" user="Antigravity"/>
  <node id="98" lat="43.1595388712" lon="-95.1687569414" version="1" timestamp="2026-07-24T12:00:00Z" changeset="1" uid="1" user="Antigravity"/>
  <node id="99" lat="43.1595388712" lon="-95.1684524149" version="1" timestamp="2026-07-24T12:00:00Z" changeset="1" uid="1" user="Antigravity"/>
  <node id="100" lat="43.1595388712" lon="-95.1681478885" version="1" timestamp="2026-07-24T12:00:00Z" changeset="1" uid="1" user="Antigravity"/>
  <node id="101" lat="43.1595388712" lon="-95.1678433620" version="1" timestamp="2026-07-24T12:00:00Z" changeset="1" uid="1" user="Antigravity"/>
  <node id="102" lat="43.1595388712" lon="-95.1675388356" version="1" timestamp="2026-07-24T12:00:00Z" changeset="1" uid="1" user="Antigravity"/>
  <node id="103" lat="43.1595388712" lon="-95.1672343091" version="1" timestamp="2026-07-24T12:00:00Z" changeset="1" uid="1" user="Antigravity"/>
  <node id="104" lat="43.1595388712" lon="-95.1669297827" version="1" timestamp="2026-07-24T12:00:00Z" changeset="1" uid="1" user="Antigravity"/>
  <node id="105" lat="43.1595388712" lon="-95.1666252562" version="1" timestamp="2026-07-24T12:00:00Z" changeset="1" uid="1" user="Antigravity"/>
  <node id="106" lat="43.1595388712" lon="-95.1663207298" version="1" timestamp="2026-07-24T12:00:00Z" changeset="1" uid="1" user="Antigravity"/>
  <node id="107" lat="43.1595388712" lon="-95.1660162033" version="1" timestamp="2026-07-24T12:00:00Z" changeset="1" uid="1" user="Antigravity"/>
  <node id="108" lat="43.1595388712" lon="-95.1657116768" version="1" timestamp="2026-07-24T12:00:00Z" changeset="1" uid="1" user="Antigravity"/>
  <node id="109" lat="43.1595388712" lon="-95.1654071504" version="1" timestamp="2026-07-24T12:00:00Z" changeset="1" uid="1" user="Antigravity"/>
  <node id="110" lat="43.1595388712" lon="-95.1651026239" version="1" timestamp="2026-07-24T12:00:00Z" changeset="1" uid="1" user="Antigravity"/>
  <node id="111" lat="43.1595388712" lon="-95.1647980975" version="1" timestamp="2026-07-24T12:00:00Z" changeset="1" uid="1" user="Antigravity"/>
  <node id="112" lat="43.1595388712" lon="-95.1644935710" version="1" timestamp="2026-07-24T12:00:00Z" changeset="1" uid="1" user="Antigravity"/>
  <node id="113" lat="43.1595388712" lon="-95.1641890446" version="1" timestamp="2026-07-24T12:00:00Z" changeset="1" uid="1" user="Antigravity"/>
  <node id="114" lat="43.1595388712" lon="-95.1638845181" version="1" timestamp="2026-07-24T12:00:00Z" changeset="1" uid="1" user="Antigravity"/>
  <node id="115" lat="43.1595388712" lon="-95.1635799917" version="1" timestamp="2026-07-24T12:00:00Z" changeset="1" uid="1" user="Antigravity"/>
  <node id="116" lat="43.1595388712" lon="-95.1632754652" version="1" timestamp="2026-07-24T12:00:00Z" changeset="1" uid="1" user="Antigravity"/>
  <node id="117" lat="43.1595388712" lon="-95.1629709388" version="1" timestamp="2026-07-24T12:00:00Z" changeset="1" uid="1" user="Antigravity"/>
  <node id="118" lat="43.1595388712" lon="-95.1626664123" version="1" timestamp="2026-07-24T12:00:00Z" changeset="1" uid="1" user="Antigravity"/>
  <node id="119" lat="43.1595388712" lon="-95.1623618859" version="1" timestamp="2026-07-24T12:00:00Z" changeset="1" uid="1" user="Antigravity"/>
  <node id="120" lat="43.1595388712" lon="-95.1620573594" version="1" timestamp="2026-07-24T12:00:00Z" changeset="1" uid="1" user="Antigravity"/>
  <node id="121" lat="43.1595388712" lon="-95.1617528329" version="1" timestamp="2026-07-24T12:00:00Z" changeset="1" uid="1" user="Antigravity"/>
  <node id="122" lat="43.1595388712" lon="-95.1614483065" version="1" timestamp="2026-07-24T12:00:00Z" changeset="1" uid="1" user="Antigravity"/>
  <node id="123" lat="43.1595388712" lon="-95.1611437800" version="1" timestamp="2026-07-24T12:00:00Z" changeset="1" uid="1" user="Antigravity"/>
  <node id="124" lat="43.1595388712" lon="-95.1608392536" version="1" timestamp="2026-07-24T12:00:00Z" changeset="1" uid="1" user="Antigravity"/>
  <node id="125" lat="43.1595388712" lon="-95.1605347271" version="1" timestamp="2026-07-24T12:00:00Z" changeset="1" uid="1" user="Antigravity"/>
  <node id="126" lat="43.1524288641" lon="-95.1605347271" version="1" timestamp="2026-07-24T12:00:00Z" changeset="1" uid="1" user="Antigravity"/>
  <node id="127" lat="43.1524288641" lon="-95.1608392536" version="1" timestamp="2026-07-24T12:00:00Z" changeset="1" uid="1" user="Antigravity"/>
  <node id="128" lat="43.1524288641" lon="-95.1611437800" version="1" timestamp="2026-07-24T12:00:00Z" changeset="1" uid="1" user="Antigravity"/>
  <node id="129" lat="43.1524288641" lon="-95.1614483065" version="1" timestamp="2026-07-24T12:00:00Z" changeset="1" uid="1" user="Antigravity"/>
  <node id="130" lat="43.1524288641" lon="-95.1617528329" version="1" timestamp="2026-07-24T12:00:00Z" changeset="1" uid="1" user="Antigravity"/>
  <node id="131" lat="43.1524288641" lon="-95.1620573594" version="1" timestamp="2026-07-24T12:00:00Z" changeset="1" uid="1" user="Antigravity"/>
  <node id="132" lat="43.1524288641" lon="-95.1623618859" version="1" timestamp="2026-07-24T12:00:00Z" changeset="1" uid="1" user="Antigravity"/>
  <node id="133" lat="43.1524288641" lon="-95.1626664123" version="1" timestamp="2026-07-24T12:00:00Z" changeset="1" uid="1" user="Antigravity"/>
  <node id="134" lat="43.1524288641" lon="-95.1629709388" version="1" timestamp="2026-07-24T12:00:00Z" changeset="1" uid="1" user="Antigravity"/>
  <node id="135" lat="43.1524288641" lon="-95.1632754652" version="1" timestamp="2026-07-24T12:00:00Z" changeset="1" uid="1" user="Antigravity"/>
  <node id="136" lat="43.1524288641" lon="-95.1635799917" version="1" timestamp="2026-07-24T12:00:00Z" changeset="1" uid="1" user="Antigravity"/>
  <node id="137" lat="43.1524288641" lon="-95.1638845181" version="1" timestamp="2026-07-24T12:00:00Z" changeset="1" uid="1" user="Antigravity"/>
  <node id="138" lat="43.1524288641" lon="-95.1641890446" version="1" timestamp="2026-07-24T12:00:00Z" changeset="1" uid="1" user="Antigravity"/>
  <node id="139" lat="43.1524288641" lon="-95.1644935710" version="1" timestamp="2026-07-24T12:00:00Z" changeset="1" uid="1" user="Antigravity"/>
  <node id="140" lat="43.1524288641" lon="-95.1647980975" version="1" timestamp="2026-07-24T12:00:00Z" changeset="1" uid="1" user="Antigravity"/>
  <node id="141" lat="43.1524288641" lon="-95.1651026239" version="1" timestamp="2026-07-24T12:00:00Z" changeset="1" uid="1" user="Antigravity"/>
  <node id="142" lat="43.1524288641" lon="-95.1654071504" version="1" timestamp="2026-07-24T12:00:00Z" changeset="1" uid="1" user="Antigravity"/>
  <node id="143" lat="43.1524288641" lon="-95.1657116768" version="1" timestamp="2026-07-24T12:00:00Z" changeset="1" uid="1" user="Antigravity"/>
  <node id="144" lat="43.1524288641" lon="-95.1660162033" version="1" timestamp="2026-07-24T12:00:00Z" changeset="1" uid="1" user="Antigravity"/>
  <node id="145" lat="43.1524288641" lon="-95.1663207298" version="1" timestamp="2026-07-24T12:00:00Z" changeset="1" uid="1" user="Antigravity"/>
  <node id="146" lat="43.1524288641" lon="-95.1666252562" version="1" timestamp="2026-07-24T12:00:00Z" changeset="1" uid="1" user="Antigravity"/>
  <node id="147" lat="43.1524288641" lon="-95.1669297827" version="1" timestamp="2026-07-24T12:00:00Z" changeset="1" uid="1" user="Antigravity"/>
  <node id="148" lat="43.1524288641" lon="-95.1672343091" version="1" timestamp="2026-07-24T12:00:00Z" changeset="1" uid="1" user="Antigravity"/>
  <node id="149" lat="43.1524288641" lon="-95.1675388356" version="1" timestamp="2026-07-24T12:00:00Z" changeset="1" uid="1" user="Antigravity"/>
  <node id="150" lat="43.1524288641" lon="-95.1678433620" version="1" timestamp="2026-07-24T12:00:00Z" changeset="1" uid="1" user="Antigravity"/>
  <node id="151" lat="43.1524288641" lon="-95.1681478885" version="1" timestamp="2026-07-24T12:00:00Z" changeset="1" uid="1" user="Antigravity"/>
  <node id="152" lat="43.1524288641" lon="-95.1684524149" version="1" timestamp="2026-07-24T12:00:00Z" changeset="1" uid="1" user="Antigravity"/>
  <node id="153" lat="43.1524288641" lon="-95.1687569414" version="1" timestamp="2026-07-24T12:00:00Z" changeset="1" uid="1" user="Antigravity"/>
  <node id="154" lat="43.1524288641" lon="-95.1690614678" version="1" timestamp="2026-07-24T12:00:00Z" changeset="1" uid="1" user="Antigravity"/>
  <node id="155" lat="43.1524288641" lon="-95.1693659943" version="1" timestamp="2026-07-24T12:00:00Z" changeset="1" uid="1" user="Antigravity"/>
  <node id="156" lat="43.1524288641" lon="-95.1696705207" version="1" timestamp="2026-07-24T12:00:00Z" changeset="1" uid="1" user="Antigravity"/>
  <node id="157" lat="43.1524288641" lon="-95.1699750472" version="1" timestamp="2026-07-24T12:00:00Z" changeset="1" uid="1" user="Antigravity"/>
  <node id="158" lat="43.1524288641" lon="-95.1702795737" version="1" timestamp="2026-07-24T12:00:00Z" changeset="1" uid="1" user="Antigravity"/>
  <node id="159" lat="43.1523388640" lon="-95.1702795737" version="1" timestamp="2026-07-24T12:00:00Z" changeset="1" uid="1" user="Antigravity"/>
  <node id="160" lat="43.1523388640" lon="-95.1699750472" version="1" timestamp="2026-07-24T12:00:00Z" changeset="1" uid="1" user="Antigravity"/>
  <node id="161" lat="43.1523388640" lon="-95.1696705207" version="1" timestamp="2026-07-24T12:00:00Z" changeset="1" uid="1" user="Antigravity"/>
  <node id="162" lat="43.1523388640" lon="-95.1693659943" version="1" timestamp="2026-07-24T12:00:00Z" changeset="1" uid="1" user="Antigravity"/>
  <node id="163" lat="43.1523388640" lon="-95.1690614678" version="1" timestamp="2026-07-24T12:00:00Z" changeset="1" uid="1" user="Antigravity"/>
  <node id="164" lat="43.1523388640" lon="-95.1687569414" version="1" timestamp="2026-07-24T12:00:00Z" changeset="1" uid="1" user="Antigravity"/>
  <node id="165" lat="43.1523388640" lon="-95.1684524149" version="1" timestamp="2026-07-24T12:00:00Z" changeset="1" uid="1" user="Antigravity"/>
  <node id="166" lat="43.1523388640" lon="-95.1681478885" version="1" timestamp="2026-07-24T12:00:00Z" changeset="1" uid="1" user="Antigravity"/>
  <node id="167" lat="43.1523388640" lon="-95.1678433620" version="1" timestamp="2026-07-24T12:00:00Z" changeset="1" uid="1" user="Antigravity"/>
  <node id="168" lat="43.1523388640" lon="-95.1675388356" version="1" timestamp="2026-07-24T12:00:00Z" changeset="1" uid="1" user="Antigravity"/>
  <node id="169" lat="43.1523388640" lon="-95.1672343091" version="1" timestamp="2026-07-24T12:00:00Z" changeset="1" uid="1" user="Antigravity"/>
  <node id="170" lat="43.1523388640" lon="-95.1669297827" version="1" timestamp="2026-07-24T12:00:00Z" changeset="1" uid="1" user="Antigravity"/>
  <node id="171" lat="43.1523388640" lon="-95.1666252562" version="1" timestamp="2026-07-24T12:00:00Z" changeset="1" uid="1" user="Antigravity"/>
  <node id="172" lat="43.1523388640" lon="-95.1663207298" version="1" timestamp="2026-07-24T12:00:00Z" changeset="1" uid="1" user="Antigravity"/>
  <node id="173" lat="43.1523388640" lon="-95.1660162033" version="1" timestamp="2026-07-24T12:00:00Z" changeset="1" uid="1" user="Antigravity"/>
  <node id="174" lat="43.1523388640" lon="-95.1657116768" version="1" timestamp="2026-07-24T12:00:00Z" changeset="1" uid="1" user="Antigravity"/>
  <node id="175" lat="43.1523388640" lon="-95.1654071504" version="1" timestamp="2026-07-24T12:00:00Z" changeset="1" uid="1" user="Antigravity"/>
  <node id="176" lat="43.1523388640" lon="-95.1651026239" version="1" timestamp="2026-07-24T12:00:00Z" changeset="1" uid="1" user="Antigravity"/>
  <node id="177" lat="43.1523388640" lon="-95.1647980975" version="1" timestamp="2026-07-24T12:00:00Z" changeset="1" uid="1" user="Antigravity"/>
  <node id="178" lat="43.1523388640" lon="-95.1644935710" version="1" timestamp="2026-07-24T12:00:00Z" changeset="1" uid="1" user="Antigravity"/>
  <node id="179" lat="43.1523388640" lon="-95.1641890446" version="1" timestamp="2026-07-24T12:00:00Z" changeset="1" uid="1" user="Antigravity"/>
  <node id="180" lat="43.1523388640" lon="-95.1638845181" version="1" timestamp="2026-07-24T12:00:00Z" changeset="1" uid="1" user="Antigravity"/>
  <node id="181" lat="43.1523388640" lon="-95.1635799917" version="1" timestamp="2026-07-24T12:00:00Z" changeset="1" uid="1" user="Antigravity"/>
  <node id="182" lat="43.1523388640" lon="-95.1632754652" version="1" timestamp="2026-07-24T12:00:00Z" changeset="1" uid="1" user="Antigravity"/>
  <node id="183" lat="43.1523388640" lon="-95.1629709388" version="1" timestamp="2026-07-24T12:00:00Z" changeset="1" uid="1" user="Antigravity"/>
  <node id="184" lat="43.1523388640" lon="-95.1626664123" version="1" timestamp="2026-07-24T12:00:00Z" changeset="1" uid="1" user="Antigravity"/>
  <node id="185" lat="43.1523388640" lon="-95.1623618859" version="1" timestamp="2026-07-24T12:00:00Z" changeset="1" uid="1" user="Antigravity"/>
  <node id="186" lat="43.1523388640" lon="-95.1620573594" version="1" timestamp="2026-07-24T12:00:00Z" changeset="1" uid="1" user="Antigravity"/>
  <node id="187" lat="43.1523388640" lon="-95.1617528329" version="1" timestamp="2026-07-24T12:00:00Z" changeset="1" uid="1" user="Antigravity"/>
  <node id="188" lat="43.1523388640" lon="-95.1614483065" version="1" timestamp="2026-07-24T12:00:00Z" changeset="1" uid="1" user="Antigravity"/>
  <node id="189" lat="43.1523388640" lon="-95.1611437800" version="1" timestamp="2026-07-24T12:00:00Z" changeset="1" uid="1" user="Antigravity"/>
  <node id="190" lat="43.1523388640" lon="-95.1608392536" version="1" timestamp="2026-07-24T12:00:00Z" changeset="1" uid="1" user="Antigravity"/>
  <node id="191" lat="43.1523388640" lon="-95.1605347271" version="1" timestamp="2026-07-24T12:00:00Z" changeset="1" uid="1" user="Antigravity"/>
  <node id="192" lat="43.1380288497" lon="-95.1605347271" version="1" timestamp="2026-07-24T12:00:00Z" changeset="1" uid="1" user="Antigravity"/>
  <node id="193" lat="43.1380288497" lon="-95.1608392536" version="1" timestamp="2026-07-24T12:00:00Z" changeset="1" uid="1" user="Antigravity"/>
  <node id="194" lat="43.1380288497" lon="-95.1611437800" version="1" timestamp="2026-07-24T12:00:00Z" changeset="1" uid="1" user="Antigravity"/>
  <node id="195" lat="43.1380288497" lon="-95.1614483065" version="1" timestamp="2026-07-24T12:00:00Z" changeset="1" uid="1" user="Antigravity"/>
  <node id="196" lat="43.1380288497" lon="-95.1617528329" version="1" timestamp="2026-07-24T12:00:00Z" changeset="1" uid="1" user="Antigravity"/>
  <node id="197" lat="43.1380288497" lon="-95.1620573594" version="1" timestamp="2026-07-24T12:00:00Z" changeset="1" uid="1" user="Antigravity"/>
  <node id="198" lat="43.1380288497" lon="-95.1623618859" version="1" timestamp="2026-07-24T12:00:00Z" changeset="1" uid="1" user="Antigravity"/>
  <node id="199" lat="43.1380288497" lon="-95.1626664123" version="1" timestamp="2026-07-24T12:00:00Z" changeset="1" uid="1" user="Antigravity"/>
  <node id="200" lat="43.1380288497" lon="-95.1629709388" version="1" timestamp="2026-07-24T12:00:00Z" changeset="1" uid="1" user="Antigravity"/>
  <node id="201" lat="43.1380288497" lon="-95.1632754652" version="1" timestamp="2026-07-24T12:00:00Z" changeset="1" uid="1" user="Antigravity"/>
  <node id="202" lat="43.1380288497" lon="-95.1635799917" version="1" timestamp="2026-07-24T12:00:00Z" changeset="1" uid="1" user="Antigravity"/>
  <node id="203" lat="43.1380288497" lon="-95.1638845181" version="1" timestamp="2026-07-24T12:00:00Z" changeset="1" uid="1" user="Antigravity"/>
  <node id="204" lat="43.1380288497" lon="-95.1641890446" version="1" timestamp="2026-07-24T12:00:00Z" changeset="1" uid="1" user="Antigravity"/>
  <node id="205" lat="43.1380288497" lon="-95.1644935710" version="1" timestamp="2026-07-24T12:00:00Z" changeset="1" uid="1" user="Antigravity"/>
  <node id="206" lat="43.1380288497" lon="-95.1647980975" version="1" timestamp="2026-07-24T12:00:00Z" changeset="1" uid="1" user="Antigravity"/>
  <node id="207" lat="43.1380288497" lon="-95.1651026239" version="1" timestamp="2026-07-24T12:00:00Z" changeset="1" uid="1" user="Antigravity"/>
  <node id="208" lat="43.1380288497" lon="-95.1654071504" version="1" timestamp="2026-07-24T12:00:00Z" changeset="1" uid="1" user="Antigravity"/>
  <node id="209" lat="43.1380288497" lon="-95.1657116768" version="1" timestamp="2026-07-24T12:00:00Z" changeset="1" uid="1" user="Antigravity"/>
  <node id="210" lat="43.1380288497" lon="-95.1660162033" version="1" timestamp="2026-07-24T12:00:00Z" changeset="1" uid="1" user="Antigravity"/>
  <node id="211" lat="43.1380288497" lon="-95.1663207298" version="1" timestamp="2026-07-24T12:00:00Z" changeset="1" uid="1" user="Antigravity"/>
  <node id="212" lat="43.1380288497" lon="-95.1666252562" version="1" timestamp="2026-07-24T12:00:00Z" changeset="1" uid="1" user="Antigravity"/>
  <node id="213" lat="43.1380288497" lon="-95.1669297827" version="1" timestamp="2026-07-24T12:00:00Z" changeset="1" uid="1" user="Antigravity"/>
  <node id="214" lat="43.1380288497" lon="-95.1672343091" version="1" timestamp="2026-07-24T12:00:00Z" changeset="1" uid="1" user="Antigravity"/>
  <node id="215" lat="43.1380288497" lon="-95.1675388356" version="1" timestamp="2026-07-24T12:00:00Z" changeset="1" uid="1" user="Antigravity"/>
  <node id="216" lat="43.1380288497" lon="-95.1678433620" version="1" timestamp="2026-07-24T12:00:00Z" changeset="1" uid="1" user="Antigravity"/>
  <node id="217" lat="43.1380288497" lon="-95.1681478885" version="1" timestamp="2026-07-24T12:00:00Z" changeset="1" uid="1" user="Antigravity"/>
  <node id="218" lat="43.1380288497" lon="-95.1684524149" version="1" timestamp="2026-07-24T12:00:00Z" changeset="1" uid="1" user="Antigravity"/>
  <node id="219" lat="43.1380288497" lon="-95.1687569414" version="1" timestamp="2026-07-24T12:00:00Z" changeset="1" uid="1" user="Antigravity"/>
  <node id="220" lat="43.1380288497" lon="-95.1690614678" version="1" timestamp="2026-07-24T12:00:00Z" changeset="1" uid="1" user="Antigravity"/>
  <node id="221" lat="43.1380288497" lon="-95.1693659943" version="1" timestamp="2026-07-24T12:00:00Z" changeset="1" uid="1" user="Antigravity"/>
  <node id="222" lat="43.1380288497" lon="-95.1696705207" version="1" timestamp="2026-07-24T12:00:00Z" changeset="1" uid="1" user="Antigravity"/>
  <node id="223" lat="43.1380288497" lon="-95.1699750472" version="1" timestamp="2026-07-24T12:00:00Z" changeset="1" uid="1" user="Antigravity"/>
  <node id="224" lat="43.1380288497" lon="-95.1702795737" version="1" timestamp="2026-07-24T12:00:00Z" changeset="1" uid="1" user="Antigravity"/>
  <node id="225" lat="43.1379388496" lon="-95.1702795737" version="1" timestamp="2026-07-24T12:00:00Z" changeset="1" uid="1" user="Antigravity"/>
  <node id="226" lat="43.1379388496" lon="-95.1699750472" version="1" timestamp="2026-07-24T12:00:00Z" changeset="1" uid="1" user="Antigravity"/>
  <node id="227" lat="43.1379388496" lon="-95.1696705207" version="1" timestamp="2026-07-24T12:00:00Z" changeset="1" uid="1" user="Antigravity"/>
  <node id="228" lat="43.1379388496" lon="-95.1693659943" version="1" timestamp="2026-07-24T12:00:00Z" changeset="1" uid="1" user="Antigravity"/>
  <node id="229" lat="43.1379388496" lon="-95.1690614678" version="1" timestamp="2026-07-24T12:00:00Z" changeset="1" uid="1" user="Antigravity"/>
  <node id="230" lat="43.1379388496" lon="-95.1687569414" version="1" timestamp="2026-07-24T12:00:00Z" changeset="1" uid="1" user="Antigravity"/>
  <node id="231" lat="43.1379388496" lon="-95.1684524149" version="1" timestamp="2026-07-24T12:00:00Z" changeset="1" uid="1" user="Antigravity"/>
  <node id="232" lat="43.1379388496" lon="-95.1681478885" version="1" timestamp="2026-07-24T12:00:00Z" changeset="1" uid="1" user="Antigravity"/>
  <node id="233" lat="43.1379388496" lon="-95.1678433620" version="1" timestamp="2026-07-24T12:00:00Z" changeset="1" uid="1" user="Antigravity"/>
  <node id="234" lat="43.1379388496" lon="-95.1675388356" version="1" timestamp="2026-07-24T12:00:00Z" changeset="1" uid="1" user="Antigravity"/>
  <node id="235" lat="43.1379388496" lon="-95.1672343091" version="1" timestamp="2026-07-24T12:00:00Z" changeset="1" uid="1" user="Antigravity"/>
  <node id="236" lat="43.1379388496" lon="-95.1669297827" version="1" timestamp="2026-07-24T12:00:00Z" changeset="1" uid="1" user="Antigravity"/>
  <node id="237" lat="43.1379388496" lon="-95.1666252562" version="1" timestamp="2026-07-24T12:00:00Z" changeset="1" uid="1" user="Antigravity"/>
  <node id="238" lat="43.1379388496" lon="-95.1663207298" version="1" timestamp="2026-07-24T12:00:00Z" changeset="1" uid="1" user="Antigravity"/>
  <node id="239" lat="43.1379388496" lon="-95.1660162033" version="1" timestamp="2026-07-24T12:00:00Z" changeset="1" uid="1" user="Antigravity"/>
  <node id="240" lat="43.1379388496" lon="-95.1657116768" version="1" timestamp="2026-07-24T12:00:00Z" changeset="1" uid="1" user="Antigravity"/>
  <node id="241" lat="43.1379388496" lon="-95.1654071504" version="1" timestamp="2026-07-24T12:00:00Z" changeset="1" uid="1" user="Antigravity"/>
  <node id="242" lat="43.1379388496" lon="-95.1651026239" version="1" timestamp="2026-07-24T12:00:00Z" changeset="1" uid="1" user="Antigravity"/>
  <node id="243" lat="43.1379388496" lon="-95.1647980975" version="1" timestamp="2026-07-24T12:00:00Z" changeset="1" uid="1" user="Antigravity"/>
  <node id="244" lat="43.1379388496" lon="-95.1644935710" version="1" timestamp="2026-07-24T12:00:00Z" changeset="1" uid="1" user="Antigravity"/>
  <node id="245" lat="43.1379388496" lon="-95.1641890446" version="1" timestamp="2026-07-24T12:00:00Z" changeset="1" uid="1" user="Antigravity"/>
  <node id="246" lat="43.1379388496" lon="-95.1638845181" version="1" timestamp="2026-07-24T12:00:00Z" changeset="1" uid="1" user="Antigravity"/>
  <node id="247" lat="43.1379388496" lon="-95.1635799917" version="1" timestamp="2026-07-24T12:00:00Z" changeset="1" uid="1" user="Antigravity"/>
  <node id="248" lat="43.1379388496" lon="-95.1632754652" version="1" timestamp="2026-07-24T12:00:00Z" changeset="1" uid="1" user="Antigravity"/>
  <node id="249" lat="43.1379388496" lon="-95.1629709388" version="1" timestamp="2026-07-24T12:00:00Z" changeset="1" uid="1" user="Antigravity"/>
  <node id="250" lat="43.1379388496" lon="-95.1626664123" version="1" timestamp="2026-07-24T12:00:00Z" changeset="1" uid="1" user="Antigravity"/>
  <node id="251" lat="43.1379388496" lon="-95.1623618859" version="1" timestamp="2026-07-24T12:00:00Z" changeset="1" uid="1" user="Antigravity"/>
  <node id="252" lat="43.1379388496" lon="-95.1620573594" version="1" timestamp="2026-07-24T12:00:00Z" changeset="1" uid="1" user="Antigravity"/>
  <node id="253" lat="43.1379388496" lon="-95.1617528329" version="1" timestamp="2026-07-24T12:00:00Z" changeset="1" uid="1" user="Antigravity"/>
  <node id="254" lat="43.1379388496" lon="-95.1614483065" version="1" timestamp="2026-07-24T12:00:00Z" changeset="1" uid="1" user="Antigravity"/>
  <node id="255" lat="43.1379388496" lon="-95.1611437800" version="1" timestamp="2026-07-24T12:00:00Z" changeset="1" uid="1" user="Antigravity"/>
  <node id="256" lat="43.1379388496" lon="-95.1608392536" version="1" timestamp="2026-07-24T12:00:00Z" changeset="1" uid="1" user="Antigravity"/>
  <node id="257" lat="43.1379388496" lon="-95.1605347271" version="1" timestamp="2026-07-24T12:00:00Z" changeset="1" uid="1" user="Antigravity"/>
  <node id="258" lat="43.1297443414" lon="-95.1605347271" version="1" timestamp="2026-07-24T12:00:00Z" changeset="1" uid="1" user="Antigravity"/>
  <node id="259" lat="43.1297443414" lon="-95.1608392536" version="1" timestamp="2026-07-24T12:00:00Z" changeset="1" uid="1" user="Antigravity"/>
  <node id="260" lat="43.1297443414" lon="-95.1611437800" version="1" timestamp="2026-07-24T12:00:00Z" changeset="1" uid="1" user="Antigravity"/>
  <node id="261" lat="43.1297443414" lon="-95.1614483065" version="1" timestamp="2026-07-24T12:00:00Z" changeset="1" uid="1" user="Antigravity"/>
  <node id="262" lat="43.1297443414" lon="-95.1617528329" version="1" timestamp="2026-07-24T12:00:00Z" changeset="1" uid="1" user="Antigravity"/>
  <node id="263" lat="43.1297443414" lon="-95.1620573594" version="1" timestamp="2026-07-24T12:00:00Z" changeset="1" uid="1" user="Antigravity"/>
  <node id="264" lat="43.1297443414" lon="-95.1623618859" version="1" timestamp="2026-07-24T12:00:00Z" changeset="1" uid="1" user="Antigravity"/>
  <node id="265" lat="43.1297443414" lon="-95.1626664123" version="1" timestamp="2026-07-24T12:00:00Z" changeset="1" uid="1" user="Antigravity"/>
  <node id="266" lat="43.1297443414" lon="-95.1629709388" version="1" timestamp="2026-07-24T12:00:00Z" changeset="1" uid="1" user="Antigravity"/>
  <node id="267" lat="43.1297443414" lon="-95.1632754652" version="1" timestamp="2026-07-24T12:00:00Z" changeset="1" uid="1" user="Antigravity"/>
  <node id="268" lat="43.1297443414" lon="-95.1635799917" version="1" timestamp="2026-07-24T12:00:00Z" changeset="1" uid="1" user="Antigravity"/>
  <node id="269" lat="43.1297443414" lon="-95.1638845181" version="1" timestamp="2026-07-24T12:00:00Z" changeset="1" uid="1" user="Antigravity"/>
  <node id="270" lat="43.1297443414" lon="-95.1641890446" version="1" timestamp="2026-07-24T12:00:00Z" changeset="1" uid="1" user="Antigravity"/>
  <node id="271" lat="43.1297443414" lon="-95.1644935710" version="1" timestamp="2026-07-24T12:00:00Z" changeset="1" uid="1" user="Antigravity"/>
  <node id="272" lat="43.1297443414" lon="-95.1647980975" version="1" timestamp="2026-07-24T12:00:00Z" changeset="1" uid="1" user="Antigravity"/>
  <node id="273" lat="43.1297443414" lon="-95.1651026239" version="1" timestamp="2026-07-24T12:00:00Z" changeset="1" uid="1" user="Antigravity"/>
  <node id="274" lat="43.1297443414" lon="-95.1654071504" version="1" timestamp="2026-07-24T12:00:00Z" changeset="1" uid="1" user="Antigravity"/>
  <node id="275" lat="43.1297443414" lon="-95.1657116768" version="1" timestamp="2026-07-24T12:00:00Z" changeset="1" uid="1" user="Antigravity"/>
  <node id="276" lat="43.1297443414" lon="-95.1660162033" version="1" timestamp="2026-07-24T12:00:00Z" changeset="1" uid="1" user="Antigravity"/>
  <node id="277" lat="43.1297443414" lon="-95.1663207298" version="1" timestamp="2026-07-24T12:00:00Z" changeset="1" uid="1" user="Antigravity"/>
  <node id="278" lat="43.1297443414" lon="-95.1666252562" version="1" timestamp="2026-07-24T12:00:00Z" changeset="1" uid="1" user="Antigravity"/>
  <node id="279" lat="43.1297443414" lon="-95.1669297827" version="1" timestamp="2026-07-24T12:00:00Z" changeset="1" uid="1" user="Antigravity"/>
  <node id="280" lat="43.1297443414" lon="-95.1672343091" version="1" timestamp="2026-07-24T12:00:00Z" changeset="1" uid="1" user="Antigravity"/>
  <node id="281" lat="43.1297443414" lon="-95.1675388356" version="1" timestamp="2026-07-24T12:00:00Z" changeset="1" uid="1" user="Antigravity"/>
  <node id="282" lat="43.1297443414" lon="-95.1678433620" version="1" timestamp="2026-07-24T12:00:00Z" changeset="1" uid="1" user="Antigravity"/>
  <node id="283" lat="43.1297443414" lon="-95.1681478885" version="1" timestamp="2026-07-24T12:00:00Z" changeset="1" uid="1" user="Antigravity"/>
  <node id="284" lat="43.1297443414" lon="-95.1684524149" version="1" timestamp="2026-07-24T12:00:00Z" changeset="1" uid="1" user="Antigravity"/>
  <node id="285" lat="43.1297443414" lon="-95.1687569414" version="1" timestamp="2026-07-24T12:00:00Z" changeset="1" uid="1" user="Antigravity"/>
  <node id="286" lat="43.1297443414" lon="-95.1690614678" version="1" timestamp="2026-07-24T12:00:00Z" changeset="1" uid="1" user="Antigravity"/>
  <node id="287" lat="43.1297443414" lon="-95.1693659943" version="1" timestamp="2026-07-24T12:00:00Z" changeset="1" uid="1" user="Antigravity"/>
  <node id="288" lat="43.1297443414" lon="-95.1696705207" version="1" timestamp="2026-07-24T12:00:00Z" changeset="1" uid="1" user="Antigravity"/>
  <node id="289" lat="43.1297443414" lon="-95.1699750472" version="1" timestamp="2026-07-24T12:00:00Z" changeset="1" uid="1" user="Antigravity"/>
  <node id="290" lat="43.1297443414" lon="-95.1702795737" version="1" timestamp="2026-07-24T12:00:00Z" changeset="1" uid="1" user="Antigravity"/>
  <node id="291" lat="43.1595388712" lon="-95.1604113746" version="1" timestamp="2026-07-24T12:00:00Z" changeset="1" uid="1" user="Antigravity"/>
  <node id="292" lat="43.1595388712" lon="-95.1565106359" version="1" timestamp="2026-07-24T12:00:00Z" changeset="1" uid="1" user="Antigravity"/>
  <node id="293" lat="43.1566928254" lon="-95.1565106359" version="1" timestamp="2026-07-24T12:00:00Z" changeset="1" uid="1" user="Antigravity"/>
  <node id="294" lat="43.1566928254" lon="-95.1604113746" version="1" timestamp="2026-07-24T12:00:00Z" changeset="1" uid="1" user="Antigravity"/>
  <node id="295" lat="43.1595388712" lon="-95.1563872834" version="1" timestamp="2026-07-24T12:00:00Z" changeset="1" uid="1" user="Antigravity"/>
  <node id="296" lat="43.1595388712" lon="-95.1562085098" version="1" timestamp="2026-07-24T12:00:00Z" changeset="1" uid="1" user="Antigravity"/>
  <node id="297" lat="43.1595388712" lon="-95.1560297362" version="1" timestamp="2026-07-24T12:00:00Z" changeset="1" uid="1" user="Antigravity"/>
  <node id="298" lat="43.1595388712" lon="-95.1558509626" version="1" timestamp="2026-07-24T12:00:00Z" changeset="1" uid="1" user="Antigravity"/>
  <node id="299" lat="43.1595388712" lon="-95.1556721890" version="1" timestamp="2026-07-24T12:00:00Z" changeset="1" uid="1" user="Antigravity"/>
  <node id="300" lat="43.1595388712" lon="-95.1554934154" version="1" timestamp="2026-07-24T12:00:00Z" changeset="1" uid="1" user="Antigravity"/>
  <node id="301" lat="43.1595388712" lon="-95.1553146418" version="1" timestamp="2026-07-24T12:00:00Z" changeset="1" uid="1" user="Antigravity"/>
  <node id="302" lat="43.1595388712" lon="-95.1551358682" version="1" timestamp="2026-07-24T12:00:00Z" changeset="1" uid="1" user="Antigravity"/>
  <node id="303" lat="43.1595388712" lon="-95.1549570946" version="1" timestamp="2026-07-24T12:00:00Z" changeset="1" uid="1" user="Antigravity"/>
  <node id="304" lat="43.1595388712" lon="-95.1547783210" version="1" timestamp="2026-07-24T12:00:00Z" changeset="1" uid="1" user="Antigravity"/>
  <node id="305" lat="43.1595388712" lon="-95.1545995474" version="1" timestamp="2026-07-24T12:00:00Z" changeset="1" uid="1" user="Antigravity"/>
  <node id="306" lat="43.1595388712" lon="-95.1544207738" version="1" timestamp="2026-07-24T12:00:00Z" changeset="1" uid="1" user="Antigravity"/>
  <node id="307" lat="43.1595388712" lon="-95.1542420002" version="1" timestamp="2026-07-24T12:00:00Z" changeset="1" uid="1" user="Antigravity"/>
  <node id="308" lat="43.1595388712" lon="-95.1540632266" version="1" timestamp="2026-07-24T12:00:00Z" changeset="1" uid="1" user="Antigravity"/>
  <node id="309" lat="43.1595388712" lon="-95.1538844530" version="1" timestamp="2026-07-24T12:00:00Z" changeset="1" uid="1" user="Antigravity"/>
  <node id="310" lat="43.1595388712" lon="-95.1537056794" version="1" timestamp="2026-07-24T12:00:00Z" changeset="1" uid="1" user="Antigravity"/>
  <node id="311" lat="43.1595388712" lon="-95.1535269058" version="1" timestamp="2026-07-24T12:00:00Z" changeset="1" uid="1" user="Antigravity"/>
  <node id="312" lat="43.1595388712" lon="-95.1533481322" version="1" timestamp="2026-07-24T12:00:00Z" changeset="1" uid="1" user="Antigravity"/>
  <node id="313" lat="43.1595388712" lon="-95.1531693586" version="1" timestamp="2026-07-24T12:00:00Z" changeset="1" uid="1" user="Antigravity"/>
  <node id="314" lat="43.1595388712" lon="-95.1529905850" version="1" timestamp="2026-07-24T12:00:00Z" changeset="1" uid="1" user="Antigravity"/>
  <node id="315" lat="43.1595388712" lon="-95.1528118114" version="1" timestamp="2026-07-24T12:00:00Z" changeset="1" uid="1" user="Antigravity"/>
  <node id="316" lat="43.1595388712" lon="-95.1526330378" version="1" timestamp="2026-07-24T12:00:00Z" changeset="1" uid="1" user="Antigravity"/>
  <node id="317" lat="43.1595388712" lon="-95.1524542642" version="1" timestamp="2026-07-24T12:00:00Z" changeset="1" uid="1" user="Antigravity"/>
  <node id="318" lat="43.1595388712" lon="-95.1522754906" version="1" timestamp="2026-07-24T12:00:00Z" changeset="1" uid="1" user="Antigravity"/>
  <node id="319" lat="43.1595388712" lon="-95.1520967169" version="1" timestamp="2026-07-24T12:00:00Z" changeset="1" uid="1" user="Antigravity"/>
  <node id="320" lat="43.1595388712" lon="-95.1519179433" version="1" timestamp="2026-07-24T12:00:00Z" changeset="1" uid="1" user="Antigravity"/>
  <node id="321" lat="43.1595388712" lon="-95.1517391697" version="1" timestamp="2026-07-24T12:00:00Z" changeset="1" uid="1" user="Antigravity"/>
  <node id="322" lat="43.1595388712" lon="-95.1515603961" version="1" timestamp="2026-07-24T12:00:00Z" changeset="1" uid="1" user="Antigravity"/>
  <node id="323" lat="43.1595388712" lon="-95.1513816225" version="1" timestamp="2026-07-24T12:00:00Z" changeset="1" uid="1" user="Antigravity"/>
  <node id="324" lat="43.1595388712" lon="-95.1512028489" version="1" timestamp="2026-07-24T12:00:00Z" changeset="1" uid="1" user="Antigravity"/>
  <node id="325" lat="43.1595388712" lon="-95.1510240753" version="1" timestamp="2026-07-24T12:00:00Z" changeset="1" uid="1" user="Antigravity"/>
  <node id="326" lat="43.1595388712" lon="-95.1508453017" version="1" timestamp="2026-07-24T12:00:00Z" changeset="1" uid="1" user="Antigravity"/>
  <node id="327" lat="43.1595388712" lon="-95.1506665281" version="1" timestamp="2026-07-24T12:00:00Z" changeset="1" uid="1" user="Antigravity"/>
  <node id="328" lat="43.1566928254" lon="-95.1506665281" version="1" timestamp="2026-07-24T12:00:00Z" changeset="1" uid="1" user="Antigravity"/>
  <node id="329" lat="43.1566928254" lon="-95.1508453017" version="1" timestamp="2026-07-24T12:00:00Z" changeset="1" uid="1" user="Antigravity"/>
  <node id="330" lat="43.1566928254" lon="-95.1510240753" version="1" timestamp="2026-07-24T12:00:00Z" changeset="1" uid="1" user="Antigravity"/>
  <node id="331" lat="43.1566928254" lon="-95.1512028489" version="1" timestamp="2026-07-24T12:00:00Z" changeset="1" uid="1" user="Antigravity"/>
  <node id="332" lat="43.1566928254" lon="-95.1513816225" version="1" timestamp="2026-07-24T12:00:00Z" changeset="1" uid="1" user="Antigravity"/>
  <node id="333" lat="43.1566928254" lon="-95.1515603961" version="1" timestamp="2026-07-24T12:00:00Z" changeset="1" uid="1" user="Antigravity"/>
  <node id="334" lat="43.1566928254" lon="-95.1517391697" version="1" timestamp="2026-07-24T12:00:00Z" changeset="1" uid="1" user="Antigravity"/>
  <node id="335" lat="43.1566928254" lon="-95.1519179433" version="1" timestamp="2026-07-24T12:00:00Z" changeset="1" uid="1" user="Antigravity"/>
  <node id="336" lat="43.1566928254" lon="-95.1520967169" version="1" timestamp="2026-07-24T12:00:00Z" changeset="1" uid="1" user="Antigravity"/>
  <node id="337" lat="43.1566928254" lon="-95.1522754906" version="1" timestamp="2026-07-24T12:00:00Z" changeset="1" uid="1" user="Antigravity"/>
  <node id="338" lat="43.1566928254" lon="-95.1524542642" version="1" timestamp="2026-07-24T12:00:00Z" changeset="1" uid="1" user="Antigravity"/>
  <node id="339" lat="43.1566928254" lon="-95.1526330378" version="1" timestamp="2026-07-24T12:00:00Z" changeset="1" uid="1" user="Antigravity"/>
  <node id="340" lat="43.1566928254" lon="-95.1528118114" version="1" timestamp="2026-07-24T12:00:00Z" changeset="1" uid="1" user="Antigravity"/>
  <node id="341" lat="43.1566928254" lon="-95.1529905850" version="1" timestamp="2026-07-24T12:00:00Z" changeset="1" uid="1" user="Antigravity"/>
  <node id="342" lat="43.1566928254" lon="-95.1531693586" version="1" timestamp="2026-07-24T12:00:00Z" changeset="1" uid="1" user="Antigravity"/>
  <node id="343" lat="43.1566928254" lon="-95.1533481322" version="1" timestamp="2026-07-24T12:00:00Z" changeset="1" uid="1" user="Antigravity"/>
  <node id="344" lat="43.1566928254" lon="-95.1535269058" version="1" timestamp="2026-07-24T12:00:00Z" changeset="1" uid="1" user="Antigravity"/>
  <node id="345" lat="43.1566928254" lon="-95.1537056794" version="1" timestamp="2026-07-24T12:00:00Z" changeset="1" uid="1" user="Antigravity"/>
  <node id="346" lat="43.1566928254" lon="-95.1538844530" version="1" timestamp="2026-07-24T12:00:00Z" changeset="1" uid="1" user="Antigravity"/>
  <node id="347" lat="43.1566928254" lon="-95.1540632266" version="1" timestamp="2026-07-24T12:00:00Z" changeset="1" uid="1" user="Antigravity"/>
  <node id="348" lat="43.1566928254" lon="-95.1542420002" version="1" timestamp="2026-07-24T12:00:00Z" changeset="1" uid="1" user="Antigravity"/>
  <node id="349" lat="43.1566928254" lon="-95.1544207738" version="1" timestamp="2026-07-24T12:00:00Z" changeset="1" uid="1" user="Antigravity"/>
  <node id="350" lat="43.1566928254" lon="-95.1545995474" version="1" timestamp="2026-07-24T12:00:00Z" changeset="1" uid="1" user="Antigravity"/>
  <node id="351" lat="43.1566928254" lon="-95.1547783210" version="1" timestamp="2026-07-24T12:00:00Z" changeset="1" uid="1" user="Antigravity"/>
  <node id="352" lat="43.1566928254" lon="-95.1549570946" version="1" timestamp="2026-07-24T12:00:00Z" changeset="1" uid="1" user="Antigravity"/>
  <node id="353" lat="43.1566928254" lon="-95.1551358682" version="1" timestamp="2026-07-24T12:00:00Z" changeset="1" uid="1" user="Antigravity"/>
  <node id="354" lat="43.1566928254" lon="-95.1553146418" version="1" timestamp="2026-07-24T12:00:00Z" changeset="1" uid="1" user="Antigravity"/>
  <node id="355" lat="43.1566928254" lon="-95.1554934154" version="1" timestamp="2026-07-24T12:00:00Z" changeset="1" uid="1" user="Antigravity"/>
  <node id="356" lat="43.1566928254" lon="-95.1556721890" version="1" timestamp="2026-07-24T12:00:00Z" changeset="1" uid="1" user="Antigravity"/>
  <node id="357" lat="43.1566928254" lon="-95.1558509626" version="1" timestamp="2026-07-24T12:00:00Z" changeset="1" uid="1" user="Antigravity"/>
  <node id="358" lat="43.1566928254" lon="-95.1560297362" version="1" timestamp="2026-07-24T12:00:00Z" changeset="1" uid="1" user="Antigravity"/>
  <node id="359" lat="43.1566928254" lon="-95.1562085098" version="1" timestamp="2026-07-24T12:00:00Z" changeset="1" uid="1" user="Antigravity"/>
  <node id="360" lat="43.1566928254" lon="-95.1563872834" version="1" timestamp="2026-07-24T12:00:00Z" changeset="1" uid="1" user="Antigravity"/>
  <node id="361" lat="43.1566028253" lon="-95.1604113746" version="1" timestamp="2026-07-24T12:00:00Z" changeset="1" uid="1" user="Antigravity"/>
  <node id="362" lat="43.1566028253" lon="-95.1601068482" version="1" timestamp="2026-07-24T12:00:00Z" changeset="1" uid="1" user="Antigravity"/>
  <node id="363" lat="43.1566028253" lon="-95.1598023217" version="1" timestamp="2026-07-24T12:00:00Z" changeset="1" uid="1" user="Antigravity"/>
  <node id="364" lat="43.1566028253" lon="-95.1594977953" version="1" timestamp="2026-07-24T12:00:00Z" changeset="1" uid="1" user="Antigravity"/>
  <node id="365" lat="43.1566028253" lon="-95.1591932688" version="1" timestamp="2026-07-24T12:00:00Z" changeset="1" uid="1" user="Antigravity"/>
  <node id="366" lat="43.1566028253" lon="-95.1588887424" version="1" timestamp="2026-07-24T12:00:00Z" changeset="1" uid="1" user="Antigravity"/>
  <node id="367" lat="43.1566028253" lon="-95.1585842159" version="1" timestamp="2026-07-24T12:00:00Z" changeset="1" uid="1" user="Antigravity"/>
  <node id="368" lat="43.1566028253" lon="-95.1582796895" version="1" timestamp="2026-07-24T12:00:00Z" changeset="1" uid="1" user="Antigravity"/>
  <node id="369" lat="43.1566028253" lon="-95.1579751630" version="1" timestamp="2026-07-24T12:00:00Z" changeset="1" uid="1" user="Antigravity"/>
  <node id="370" lat="43.1566028253" lon="-95.1576706366" version="1" timestamp="2026-07-24T12:00:00Z" changeset="1" uid="1" user="Antigravity"/>
  <node id="371" lat="43.1566028253" lon="-95.1573661101" version="1" timestamp="2026-07-24T12:00:00Z" changeset="1" uid="1" user="Antigravity"/>
  <node id="372" lat="43.1566028253" lon="-95.1570615836" version="1" timestamp="2026-07-24T12:00:00Z" changeset="1" uid="1" user="Antigravity"/>
  <node id="373" lat="43.1566028253" lon="-95.1567570572" version="1" timestamp="2026-07-24T12:00:00Z" changeset="1" uid="1" user="Antigravity"/>
  <node id="374" lat="43.1566028253" lon="-95.1564525307" version="1" timestamp="2026-07-24T12:00:00Z" changeset="1" uid="1" user="Antigravity"/>
  <node id="375" lat="43.1566028253" lon="-95.1561480043" version="1" timestamp="2026-07-24T12:00:00Z" changeset="1" uid="1" user="Antigravity"/>
  <node id="376" lat="43.1566028253" lon="-95.1558434778" version="1" timestamp="2026-07-24T12:00:00Z" changeset="1" uid="1" user="Antigravity"/>
  <node id="377" lat="43.1566028253" lon="-95.1555389514" version="1" timestamp="2026-07-24T12:00:00Z" changeset="1" uid="1" user="Antigravity"/>
  <node id="378" lat="43.1566028253" lon="-95.1552344249" version="1" timestamp="2026-07-24T12:00:00Z" changeset="1" uid="1" user="Antigravity"/>
  <node id="379" lat="43.1566028253" lon="-95.1549298985" version="1" timestamp="2026-07-24T12:00:00Z" changeset="1" uid="1" user="Antigravity"/>
  <node id="380" lat="43.1566028253" lon="-95.1546253720" version="1" timestamp="2026-07-24T12:00:00Z" changeset="1" uid="1" user="Antigravity"/>
  <node id="381" lat="43.1566028253" lon="-95.1543208456" version="1" timestamp="2026-07-24T12:00:00Z" changeset="1" uid="1" user="Antigravity"/>
  <node id="382" lat="43.1566028253" lon="-95.1540163191" version="1" timestamp="2026-07-24T12:00:00Z" changeset="1" uid="1" user="Antigravity"/>
  <node id="383" lat="43.1566028253" lon="-95.1537117927" version="1" timestamp="2026-07-24T12:00:00Z" changeset="1" uid="1" user="Antigravity"/>
  <node id="384" lat="43.1566028253" lon="-95.1534072662" version="1" timestamp="2026-07-24T12:00:00Z" changeset="1" uid="1" user="Antigravity"/>
  <node id="385" lat="43.1566028253" lon="-95.1531027397" version="1" timestamp="2026-07-24T12:00:00Z" changeset="1" uid="1" user="Antigravity"/>
  <node id="386" lat="43.1566028253" lon="-95.1527982133" version="1" timestamp="2026-07-24T12:00:00Z" changeset="1" uid="1" user="Antigravity"/>
  <node id="387" lat="43.1566028253" lon="-95.1524936868" version="1" timestamp="2026-07-24T12:00:00Z" changeset="1" uid="1" user="Antigravity"/>
  <node id="388" lat="43.1566028253" lon="-95.1521891604" version="1" timestamp="2026-07-24T12:00:00Z" changeset="1" uid="1" user="Antigravity"/>
  <node id="389" lat="43.1566028253" lon="-95.1518846339" version="1" timestamp="2026-07-24T12:00:00Z" changeset="1" uid="1" user="Antigravity"/>
  <node id="390" lat="43.1566028253" lon="-95.1515801075" version="1" timestamp="2026-07-24T12:00:00Z" changeset="1" uid="1" user="Antigravity"/>
  <node id="391" lat="43.1566028253" lon="-95.1512755810" version="1" timestamp="2026-07-24T12:00:00Z" changeset="1" uid="1" user="Antigravity"/>
  <node id="392" lat="43.1566028253" lon="-95.1509710546" version="1" timestamp="2026-07-24T12:00:00Z" changeset="1" uid="1" user="Antigravity"/>
  <node id="393" lat="43.1566028253" lon="-95.1506665281" version="1" timestamp="2026-07-24T12:00:00Z" changeset="1" uid="1" user="Antigravity"/>
  <node id="394" lat="43.1524288641" lon="-95.1506665281" version="1" timestamp="2026-07-24T12:00:00Z" changeset="1" uid="1" user="Antigravity"/>
  <node id="395" lat="43.1524288641" lon="-95.1509710546" version="1" timestamp="2026-07-24T12:00:00Z" changeset="1" uid="1" user="Antigravity"/>
  <node id="396" lat="43.1524288641" lon="-95.1512755810" version="1" timestamp="2026-07-24T12:00:00Z" changeset="1" uid="1" user="Antigravity"/>
  <node id="397" lat="43.1524288641" lon="-95.1515801075" version="1" timestamp="2026-07-24T12:00:00Z" changeset="1" uid="1" user="Antigravity"/>
  <node id="398" lat="43.1524288641" lon="-95.1518846339" version="1" timestamp="2026-07-24T12:00:00Z" changeset="1" uid="1" user="Antigravity"/>
  <node id="399" lat="43.1524288641" lon="-95.1521891604" version="1" timestamp="2026-07-24T12:00:00Z" changeset="1" uid="1" user="Antigravity"/>
  <node id="400" lat="43.1524288641" lon="-95.1524936868" version="1" timestamp="2026-07-24T12:00:00Z" changeset="1" uid="1" user="Antigravity"/>
  <node id="401" lat="43.1524288641" lon="-95.1527982133" version="1" timestamp="2026-07-24T12:00:00Z" changeset="1" uid="1" user="Antigravity"/>
  <node id="402" lat="43.1524288641" lon="-95.1531027397" version="1" timestamp="2026-07-24T12:00:00Z" changeset="1" uid="1" user="Antigravity"/>
  <node id="403" lat="43.1524288641" lon="-95.1534072662" version="1" timestamp="2026-07-24T12:00:00Z" changeset="1" uid="1" user="Antigravity"/>
  <node id="404" lat="43.1524288641" lon="-95.1537117927" version="1" timestamp="2026-07-24T12:00:00Z" changeset="1" uid="1" user="Antigravity"/>
  <node id="405" lat="43.1524288641" lon="-95.1540163191" version="1" timestamp="2026-07-24T12:00:00Z" changeset="1" uid="1" user="Antigravity"/>
  <node id="406" lat="43.1524288641" lon="-95.1543208456" version="1" timestamp="2026-07-24T12:00:00Z" changeset="1" uid="1" user="Antigravity"/>
  <node id="407" lat="43.1524288641" lon="-95.1546253720" version="1" timestamp="2026-07-24T12:00:00Z" changeset="1" uid="1" user="Antigravity"/>
  <node id="408" lat="43.1524288641" lon="-95.1549298985" version="1" timestamp="2026-07-24T12:00:00Z" changeset="1" uid="1" user="Antigravity"/>
  <node id="409" lat="43.1524288641" lon="-95.1552344249" version="1" timestamp="2026-07-24T12:00:00Z" changeset="1" uid="1" user="Antigravity"/>
  <node id="410" lat="43.1524288641" lon="-95.1555389514" version="1" timestamp="2026-07-24T12:00:00Z" changeset="1" uid="1" user="Antigravity"/>
  <node id="411" lat="43.1524288641" lon="-95.1558434778" version="1" timestamp="2026-07-24T12:00:00Z" changeset="1" uid="1" user="Antigravity"/>
  <node id="412" lat="43.1524288641" lon="-95.1561480043" version="1" timestamp="2026-07-24T12:00:00Z" changeset="1" uid="1" user="Antigravity"/>
  <node id="413" lat="43.1524288641" lon="-95.1564525307" version="1" timestamp="2026-07-24T12:00:00Z" changeset="1" uid="1" user="Antigravity"/>
  <node id="414" lat="43.1524288641" lon="-95.1567570572" version="1" timestamp="2026-07-24T12:00:00Z" changeset="1" uid="1" user="Antigravity"/>
  <node id="415" lat="43.1524288641" lon="-95.1570615836" version="1" timestamp="2026-07-24T12:00:00Z" changeset="1" uid="1" user="Antigravity"/>
  <node id="416" lat="43.1524288641" lon="-95.1573661101" version="1" timestamp="2026-07-24T12:00:00Z" changeset="1" uid="1" user="Antigravity"/>
  <node id="417" lat="43.1524288641" lon="-95.1576706366" version="1" timestamp="2026-07-24T12:00:00Z" changeset="1" uid="1" user="Antigravity"/>
  <node id="418" lat="43.1524288641" lon="-95.1579751630" version="1" timestamp="2026-07-24T12:00:00Z" changeset="1" uid="1" user="Antigravity"/>
  <node id="419" lat="43.1524288641" lon="-95.1582796895" version="1" timestamp="2026-07-24T12:00:00Z" changeset="1" uid="1" user="Antigravity"/>
  <node id="420" lat="43.1524288641" lon="-95.1585842159" version="1" timestamp="2026-07-24T12:00:00Z" changeset="1" uid="1" user="Antigravity"/>
  <node id="421" lat="43.1524288641" lon="-95.1588887424" version="1" timestamp="2026-07-24T12:00:00Z" changeset="1" uid="1" user="Antigravity"/>
  <node id="422" lat="43.1524288641" lon="-95.1591932688" version="1" timestamp="2026-07-24T12:00:00Z" changeset="1" uid="1" user="Antigravity"/>
  <node id="423" lat="43.1524288641" lon="-95.1594977953" version="1" timestamp="2026-07-24T12:00:00Z" changeset="1" uid="1" user="Antigravity"/>
  <node id="424" lat="43.1524288641" lon="-95.1598023217" version="1" timestamp="2026-07-24T12:00:00Z" changeset="1" uid="1" user="Antigravity"/>
  <node id="425" lat="43.1524288641" lon="-95.1601068482" version="1" timestamp="2026-07-24T12:00:00Z" changeset="1" uid="1" user="Antigravity"/>
  <node id="426" lat="43.1524288641" lon="-95.1604113746" version="1" timestamp="2026-07-24T12:00:00Z" changeset="1" uid="1" user="Antigravity"/>
  <node id="427" lat="43.1523388640" lon="-95.1604113746" version="1" timestamp="2026-07-24T12:00:00Z" changeset="1" uid="1" user="Antigravity"/>
  <node id="428" lat="43.1523388640" lon="-95.1601068482" version="1" timestamp="2026-07-24T12:00:00Z" changeset="1" uid="1" user="Antigravity"/>
  <node id="429" lat="43.1523388640" lon="-95.1598023217" version="1" timestamp="2026-07-24T12:00:00Z" changeset="1" uid="1" user="Antigravity"/>
  <node id="430" lat="43.1523388640" lon="-95.1594977953" version="1" timestamp="2026-07-24T12:00:00Z" changeset="1" uid="1" user="Antigravity"/>
  <node id="431" lat="43.1523388640" lon="-95.1591932688" version="1" timestamp="2026-07-24T12:00:00Z" changeset="1" uid="1" user="Antigravity"/>
  <node id="432" lat="43.1523388640" lon="-95.1588887424" version="1" timestamp="2026-07-24T12:00:00Z" changeset="1" uid="1" user="Antigravity"/>
  <node id="433" lat="43.1523388640" lon="-95.1585842159" version="1" timestamp="2026-07-24T12:00:00Z" changeset="1" uid="1" user="Antigravity"/>
  <node id="434" lat="43.1523388640" lon="-95.1582796895" version="1" timestamp="2026-07-24T12:00:00Z" changeset="1" uid="1" user="Antigravity"/>
  <node id="435" lat="43.1523388640" lon="-95.1579751630" version="1" timestamp="2026-07-24T12:00:00Z" changeset="1" uid="1" user="Antigravity"/>
  <node id="436" lat="43.1523388640" lon="-95.1576706366" version="1" timestamp="2026-07-24T12:00:00Z" changeset="1" uid="1" user="Antigravity"/>
  <node id="437" lat="43.1523388640" lon="-95.1573661101" version="1" timestamp="2026-07-24T12:00:00Z" changeset="1" uid="1" user="Antigravity"/>
  <node id="438" lat="43.1523388640" lon="-95.1570615836" version="1" timestamp="2026-07-24T12:00:00Z" changeset="1" uid="1" user="Antigravity"/>
  <node id="439" lat="43.1523388640" lon="-95.1567570572" version="1" timestamp="2026-07-24T12:00:00Z" changeset="1" uid="1" user="Antigravity"/>
  <node id="440" lat="43.1523388640" lon="-95.1564525307" version="1" timestamp="2026-07-24T12:00:00Z" changeset="1" uid="1" user="Antigravity"/>
  <node id="441" lat="43.1523388640" lon="-95.1561480043" version="1" timestamp="2026-07-24T12:00:00Z" changeset="1" uid="1" user="Antigravity"/>
  <node id="442" lat="43.1523388640" lon="-95.1558434778" version="1" timestamp="2026-07-24T12:00:00Z" changeset="1" uid="1" user="Antigravity"/>
  <node id="443" lat="43.1523388640" lon="-95.1555389514" version="1" timestamp="2026-07-24T12:00:00Z" changeset="1" uid="1" user="Antigravity"/>
  <node id="444" lat="43.1523388640" lon="-95.1552344249" version="1" timestamp="2026-07-24T12:00:00Z" changeset="1" uid="1" user="Antigravity"/>
  <node id="445" lat="43.1523388640" lon="-95.1549298985" version="1" timestamp="2026-07-24T12:00:00Z" changeset="1" uid="1" user="Antigravity"/>
  <node id="446" lat="43.1523388640" lon="-95.1546253720" version="1" timestamp="2026-07-24T12:00:00Z" changeset="1" uid="1" user="Antigravity"/>
  <node id="447" lat="43.1523388640" lon="-95.1543208456" version="1" timestamp="2026-07-24T12:00:00Z" changeset="1" uid="1" user="Antigravity"/>
  <node id="448" lat="43.1523388640" lon="-95.1540163191" version="1" timestamp="2026-07-24T12:00:00Z" changeset="1" uid="1" user="Antigravity"/>
  <node id="449" lat="43.1523388640" lon="-95.1537117927" version="1" timestamp="2026-07-24T12:00:00Z" changeset="1" uid="1" user="Antigravity"/>
  <node id="450" lat="43.1523388640" lon="-95.1534072662" version="1" timestamp="2026-07-24T12:00:00Z" changeset="1" uid="1" user="Antigravity"/>
  <node id="451" lat="43.1523388640" lon="-95.1531027397" version="1" timestamp="2026-07-24T12:00:00Z" changeset="1" uid="1" user="Antigravity"/>
  <node id="452" lat="43.1523388640" lon="-95.1527982133" version="1" timestamp="2026-07-24T12:00:00Z" changeset="1" uid="1" user="Antigravity"/>
  <node id="453" lat="43.1523388640" lon="-95.1524936868" version="1" timestamp="2026-07-24T12:00:00Z" changeset="1" uid="1" user="Antigravity"/>
  <node id="454" lat="43.1523388640" lon="-95.1521891604" version="1" timestamp="2026-07-24T12:00:00Z" changeset="1" uid="1" user="Antigravity"/>
  <node id="455" lat="43.1523388640" lon="-95.1518846339" version="1" timestamp="2026-07-24T12:00:00Z" changeset="1" uid="1" user="Antigravity"/>
  <node id="456" lat="43.1523388640" lon="-95.1515801075" version="1" timestamp="2026-07-24T12:00:00Z" changeset="1" uid="1" user="Antigravity"/>
  <node id="457" lat="43.1523388640" lon="-95.1512755810" version="1" timestamp="2026-07-24T12:00:00Z" changeset="1" uid="1" user="Antigravity"/>
  <node id="458" lat="43.1523388640" lon="-95.1509710546" version="1" timestamp="2026-07-24T12:00:00Z" changeset="1" uid="1" user="Antigravity"/>
  <node id="459" lat="43.1523388640" lon="-95.1506665281" version="1" timestamp="2026-07-24T12:00:00Z" changeset="1" uid="1" user="Antigravity"/>
  <node id="460" lat="43.1452288569" lon="-95.1506665281" version="1" timestamp="2026-07-24T12:00:00Z" changeset="1" uid="1" user="Antigravity"/>
  <node id="461" lat="43.1452288569" lon="-95.1509710546" version="1" timestamp="2026-07-24T12:00:00Z" changeset="1" uid="1" user="Antigravity"/>
  <node id="462" lat="43.1452288569" lon="-95.1512755810" version="1" timestamp="2026-07-24T12:00:00Z" changeset="1" uid="1" user="Antigravity"/>
  <node id="463" lat="43.1452288569" lon="-95.1515801075" version="1" timestamp="2026-07-24T12:00:00Z" changeset="1" uid="1" user="Antigravity"/>
  <node id="464" lat="43.1452288569" lon="-95.1518846339" version="1" timestamp="2026-07-24T12:00:00Z" changeset="1" uid="1" user="Antigravity"/>
  <node id="465" lat="43.1452288569" lon="-95.1521891604" version="1" timestamp="2026-07-24T12:00:00Z" changeset="1" uid="1" user="Antigravity"/>
  <node id="466" lat="43.1452288569" lon="-95.1524936868" version="1" timestamp="2026-07-24T12:00:00Z" changeset="1" uid="1" user="Antigravity"/>
  <node id="467" lat="43.1452288569" lon="-95.1527982133" version="1" timestamp="2026-07-24T12:00:00Z" changeset="1" uid="1" user="Antigravity"/>
  <node id="468" lat="43.1452288569" lon="-95.1531027397" version="1" timestamp="2026-07-24T12:00:00Z" changeset="1" uid="1" user="Antigravity"/>
  <node id="469" lat="43.1452288569" lon="-95.1534072662" version="1" timestamp="2026-07-24T12:00:00Z" changeset="1" uid="1" user="Antigravity"/>
  <node id="470" lat="43.1452288569" lon="-95.1537117927" version="1" timestamp="2026-07-24T12:00:00Z" changeset="1" uid="1" user="Antigravity"/>
  <node id="471" lat="43.1452288569" lon="-95.1540163191" version="1" timestamp="2026-07-24T12:00:00Z" changeset="1" uid="1" user="Antigravity"/>
  <node id="472" lat="43.1452288569" lon="-95.1543208456" version="1" timestamp="2026-07-24T12:00:00Z" changeset="1" uid="1" user="Antigravity"/>
  <node id="473" lat="43.1452288569" lon="-95.1546253720" version="1" timestamp="2026-07-24T12:00:00Z" changeset="1" uid="1" user="Antigravity"/>
  <node id="474" lat="43.1452288569" lon="-95.1549298985" version="1" timestamp="2026-07-24T12:00:00Z" changeset="1" uid="1" user="Antigravity"/>
  <node id="475" lat="43.1452288569" lon="-95.1552344249" version="1" timestamp="2026-07-24T12:00:00Z" changeset="1" uid="1" user="Antigravity"/>
  <node id="476" lat="43.1452288569" lon="-95.1555389514" version="1" timestamp="2026-07-24T12:00:00Z" changeset="1" uid="1" user="Antigravity"/>
  <node id="477" lat="43.1452288569" lon="-95.1558434778" version="1" timestamp="2026-07-24T12:00:00Z" changeset="1" uid="1" user="Antigravity"/>
  <node id="478" lat="43.1452288569" lon="-95.1561480043" version="1" timestamp="2026-07-24T12:00:00Z" changeset="1" uid="1" user="Antigravity"/>
  <node id="479" lat="43.1452288569" lon="-95.1564525307" version="1" timestamp="2026-07-24T12:00:00Z" changeset="1" uid="1" user="Antigravity"/>
  <node id="480" lat="43.1452288569" lon="-95.1567570572" version="1" timestamp="2026-07-24T12:00:00Z" changeset="1" uid="1" user="Antigravity"/>
  <node id="481" lat="43.1452288569" lon="-95.1570615836" version="1" timestamp="2026-07-24T12:00:00Z" changeset="1" uid="1" user="Antigravity"/>
  <node id="482" lat="43.1452288569" lon="-95.1573661101" version="1" timestamp="2026-07-24T12:00:00Z" changeset="1" uid="1" user="Antigravity"/>
  <node id="483" lat="43.1452288569" lon="-95.1576706366" version="1" timestamp="2026-07-24T12:00:00Z" changeset="1" uid="1" user="Antigravity"/>
  <node id="484" lat="43.1452288569" lon="-95.1579751630" version="1" timestamp="2026-07-24T12:00:00Z" changeset="1" uid="1" user="Antigravity"/>
  <node id="485" lat="43.1452288569" lon="-95.1582796895" version="1" timestamp="2026-07-24T12:00:00Z" changeset="1" uid="1" user="Antigravity"/>
  <node id="486" lat="43.1452288569" lon="-95.1585842159" version="1" timestamp="2026-07-24T12:00:00Z" changeset="1" uid="1" user="Antigravity"/>
  <node id="487" lat="43.1452288569" lon="-95.1588887424" version="1" timestamp="2026-07-24T12:00:00Z" changeset="1" uid="1" user="Antigravity"/>
  <node id="488" lat="43.1452288569" lon="-95.1591932688" version="1" timestamp="2026-07-24T12:00:00Z" changeset="1" uid="1" user="Antigravity"/>
  <node id="489" lat="43.1452288569" lon="-95.1594977953" version="1" timestamp="2026-07-24T12:00:00Z" changeset="1" uid="1" user="Antigravity"/>
  <node id="490" lat="43.1452288569" lon="-95.1598023217" version="1" timestamp="2026-07-24T12:00:00Z" changeset="1" uid="1" user="Antigravity"/>
  <node id="491" lat="43.1452288569" lon="-95.1601068482" version="1" timestamp="2026-07-24T12:00:00Z" changeset="1" uid="1" user="Antigravity"/>
  <node id="492" lat="43.1452288569" lon="-95.1604113746" version="1" timestamp="2026-07-24T12:00:00Z" changeset="1" uid="1" user="Antigravity"/>
  <node id="493" lat="43.1451388568" lon="-95.1604113746" version="1" timestamp="2026-07-24T12:00:00Z" changeset="1" uid="1" user="Antigravity"/>
  <node id="494" lat="43.1451388568" lon="-95.1601068482" version="1" timestamp="2026-07-24T12:00:00Z" changeset="1" uid="1" user="Antigravity"/>
  <node id="495" lat="43.1451388568" lon="-95.1598023217" version="1" timestamp="2026-07-24T12:00:00Z" changeset="1" uid="1" user="Antigravity"/>
  <node id="496" lat="43.1451388568" lon="-95.1594977953" version="1" timestamp="2026-07-24T12:00:00Z" changeset="1" uid="1" user="Antigravity"/>
  <node id="497" lat="43.1451388568" lon="-95.1591932688" version="1" timestamp="2026-07-24T12:00:00Z" changeset="1" uid="1" user="Antigravity"/>
  <node id="498" lat="43.1451388568" lon="-95.1588887424" version="1" timestamp="2026-07-24T12:00:00Z" changeset="1" uid="1" user="Antigravity"/>
  <node id="499" lat="43.1451388568" lon="-95.1585842159" version="1" timestamp="2026-07-24T12:00:00Z" changeset="1" uid="1" user="Antigravity"/>
  <node id="500" lat="43.1451388568" lon="-95.1582796895" version="1" timestamp="2026-07-24T12:00:00Z" changeset="1" uid="1" user="Antigravity"/>
  <node id="501" lat="43.1451388568" lon="-95.1579751630" version="1" timestamp="2026-07-24T12:00:00Z" changeset="1" uid="1" user="Antigravity"/>
  <node id="502" lat="43.1451388568" lon="-95.1576706366" version="1" timestamp="2026-07-24T12:00:00Z" changeset="1" uid="1" user="Antigravity"/>
  <node id="503" lat="43.1451388568" lon="-95.1573661101" version="1" timestamp="2026-07-24T12:00:00Z" changeset="1" uid="1" user="Antigravity"/>
  <node id="504" lat="43.1451388568" lon="-95.1570615836" version="1" timestamp="2026-07-24T12:00:00Z" changeset="1" uid="1" user="Antigravity"/>
  <node id="505" lat="43.1451388568" lon="-95.1567570572" version="1" timestamp="2026-07-24T12:00:00Z" changeset="1" uid="1" user="Antigravity"/>
  <node id="506" lat="43.1451388568" lon="-95.1564525307" version="1" timestamp="2026-07-24T12:00:00Z" changeset="1" uid="1" user="Antigravity"/>
  <node id="507" lat="43.1451388568" lon="-95.1561480043" version="1" timestamp="2026-07-24T12:00:00Z" changeset="1" uid="1" user="Antigravity"/>
  <node id="508" lat="43.1451388568" lon="-95.1558434778" version="1" timestamp="2026-07-24T12:00:00Z" changeset="1" uid="1" user="Antigravity"/>
  <node id="509" lat="43.1451388568" lon="-95.1555389514" version="1" timestamp="2026-07-24T12:00:00Z" changeset="1" uid="1" user="Antigravity"/>
  <node id="510" lat="43.1451388568" lon="-95.1552344249" version="1" timestamp="2026-07-24T12:00:00Z" changeset="1" uid="1" user="Antigravity"/>
  <node id="511" lat="43.1451388568" lon="-95.1549298985" version="1" timestamp="2026-07-24T12:00:00Z" changeset="1" uid="1" user="Antigravity"/>
  <node id="512" lat="43.1451388568" lon="-95.1546253720" version="1" timestamp="2026-07-24T12:00:00Z" changeset="1" uid="1" user="Antigravity"/>
  <node id="513" lat="43.1451388568" lon="-95.1543208456" version="1" timestamp="2026-07-24T12:00:00Z" changeset="1" uid="1" user="Antigravity"/>
  <node id="514" lat="43.1451388568" lon="-95.1540163191" version="1" timestamp="2026-07-24T12:00:00Z" changeset="1" uid="1" user="Antigravity"/>
  <node id="515" lat="43.1451388568" lon="-95.1537117927" version="1" timestamp="2026-07-24T12:00:00Z" changeset="1" uid="1" user="Antigravity"/>
  <node id="516" lat="43.1451388568" lon="-95.1534072662" version="1" timestamp="2026-07-24T12:00:00Z" changeset="1" uid="1" user="Antigravity"/>
  <node id="517" lat="43.1451388568" lon="-95.1531027397" version="1" timestamp="2026-07-24T12:00:00Z" changeset="1" uid="1" user="Antigravity"/>
  <node id="518" lat="43.1451388568" lon="-95.1527982133" version="1" timestamp="2026-07-24T12:00:00Z" changeset="1" uid="1" user="Antigravity"/>
  <node id="519" lat="43.1451388568" lon="-95.1524936868" version="1" timestamp="2026-07-24T12:00:00Z" changeset="1" uid="1" user="Antigravity"/>
  <node id="520" lat="43.1451388568" lon="-95.1521891604" version="1" timestamp="2026-07-24T12:00:00Z" changeset="1" uid="1" user="Antigravity"/>
  <node id="521" lat="43.1451388568" lon="-95.1518846339" version="1" timestamp="2026-07-24T12:00:00Z" changeset="1" uid="1" user="Antigravity"/>
  <node id="522" lat="43.1451388568" lon="-95.1515801075" version="1" timestamp="2026-07-24T12:00:00Z" changeset="1" uid="1" user="Antigravity"/>
  <node id="523" lat="43.1451388568" lon="-95.1512755810" version="1" timestamp="2026-07-24T12:00:00Z" changeset="1" uid="1" user="Antigravity"/>
  <node id="524" lat="43.1451388568" lon="-95.1509710546" version="1" timestamp="2026-07-24T12:00:00Z" changeset="1" uid="1" user="Antigravity"/>
  <node id="525" lat="43.1451388568" lon="-95.1506665281" version="1" timestamp="2026-07-24T12:00:00Z" changeset="1" uid="1" user="Antigravity"/>
  <node id="526" lat="43.1380288497" lon="-95.1506665281" version="1" timestamp="2026-07-24T12:00:00Z" changeset="1" uid="1" user="Antigravity"/>
  <node id="527" lat="43.1380288497" lon="-95.1509710546" version="1" timestamp="2026-07-24T12:00:00Z" changeset="1" uid="1" user="Antigravity"/>
  <node id="528" lat="43.1380288497" lon="-95.1512755810" version="1" timestamp="2026-07-24T12:00:00Z" changeset="1" uid="1" user="Antigravity"/>
  <node id="529" lat="43.1380288497" lon="-95.1515801075" version="1" timestamp="2026-07-24T12:00:00Z" changeset="1" uid="1" user="Antigravity"/>
  <node id="530" lat="43.1380288497" lon="-95.1518846339" version="1" timestamp="2026-07-24T12:00:00Z" changeset="1" uid="1" user="Antigravity"/>
  <node id="531" lat="43.1380288497" lon="-95.1521891604" version="1" timestamp="2026-07-24T12:00:00Z" changeset="1" uid="1" user="Antigravity"/>
  <node id="532" lat="43.1380288497" lon="-95.1524936868" version="1" timestamp="2026-07-24T12:00:00Z" changeset="1" uid="1" user="Antigravity"/>
  <node id="533" lat="43.1380288497" lon="-95.1527982133" version="1" timestamp="2026-07-24T12:00:00Z" changeset="1" uid="1" user="Antigravity"/>
  <node id="534" lat="43.1380288497" lon="-95.1531027397" version="1" timestamp="2026-07-24T12:00:00Z" changeset="1" uid="1" user="Antigravity"/>
  <node id="535" lat="43.1380288497" lon="-95.1534072662" version="1" timestamp="2026-07-24T12:00:00Z" changeset="1" uid="1" user="Antigravity"/>
  <node id="536" lat="43.1380288497" lon="-95.1537117927" version="1" timestamp="2026-07-24T12:00:00Z" changeset="1" uid="1" user="Antigravity"/>
  <node id="537" lat="43.1380288497" lon="-95.1540163191" version="1" timestamp="2026-07-24T12:00:00Z" changeset="1" uid="1" user="Antigravity"/>
  <node id="538" lat="43.1380288497" lon="-95.1543208456" version="1" timestamp="2026-07-24T12:00:00Z" changeset="1" uid="1" user="Antigravity"/>
  <node id="539" lat="43.1380288497" lon="-95.1546253720" version="1" timestamp="2026-07-24T12:00:00Z" changeset="1" uid="1" user="Antigravity"/>
  <node id="540" lat="43.1380288497" lon="-95.1549298985" version="1" timestamp="2026-07-24T12:00:00Z" changeset="1" uid="1" user="Antigravity"/>
  <node id="541" lat="43.1380288497" lon="-95.1552344249" version="1" timestamp="2026-07-24T12:00:00Z" changeset="1" uid="1" user="Antigravity"/>
  <node id="542" lat="43.1380288497" lon="-95.1555389514" version="1" timestamp="2026-07-24T12:00:00Z" changeset="1" uid="1" user="Antigravity"/>
  <node id="543" lat="43.1380288497" lon="-95.1558434778" version="1" timestamp="2026-07-24T12:00:00Z" changeset="1" uid="1" user="Antigravity"/>
  <node id="544" lat="43.1380288497" lon="-95.1561480043" version="1" timestamp="2026-07-24T12:00:00Z" changeset="1" uid="1" user="Antigravity"/>
  <node id="545" lat="43.1380288497" lon="-95.1564525307" version="1" timestamp="2026-07-24T12:00:00Z" changeset="1" uid="1" user="Antigravity"/>
  <node id="546" lat="43.1380288497" lon="-95.1567570572" version="1" timestamp="2026-07-24T12:00:00Z" changeset="1" uid="1" user="Antigravity"/>
  <node id="547" lat="43.1380288497" lon="-95.1570615836" version="1" timestamp="2026-07-24T12:00:00Z" changeset="1" uid="1" user="Antigravity"/>
  <node id="548" lat="43.1380288497" lon="-95.1573661101" version="1" timestamp="2026-07-24T12:00:00Z" changeset="1" uid="1" user="Antigravity"/>
  <node id="549" lat="43.1380288497" lon="-95.1576706366" version="1" timestamp="2026-07-24T12:00:00Z" changeset="1" uid="1" user="Antigravity"/>
  <node id="550" lat="43.1380288497" lon="-95.1579751630" version="1" timestamp="2026-07-24T12:00:00Z" changeset="1" uid="1" user="Antigravity"/>
  <node id="551" lat="43.1380288497" lon="-95.1582796895" version="1" timestamp="2026-07-24T12:00:00Z" changeset="1" uid="1" user="Antigravity"/>
  <node id="552" lat="43.1380288497" lon="-95.1585842159" version="1" timestamp="2026-07-24T12:00:00Z" changeset="1" uid="1" user="Antigravity"/>
  <node id="553" lat="43.1380288497" lon="-95.1588887424" version="1" timestamp="2026-07-24T12:00:00Z" changeset="1" uid="1" user="Antigravity"/>
  <node id="554" lat="43.1380288497" lon="-95.1591932688" version="1" timestamp="2026-07-24T12:00:00Z" changeset="1" uid="1" user="Antigravity"/>
  <node id="555" lat="43.1380288497" lon="-95.1594977953" version="1" timestamp="2026-07-24T12:00:00Z" changeset="1" uid="1" user="Antigravity"/>
  <node id="556" lat="43.1380288497" lon="-95.1598023217" version="1" timestamp="2026-07-24T12:00:00Z" changeset="1" uid="1" user="Antigravity"/>
  <node id="557" lat="43.1380288497" lon="-95.1601068482" version="1" timestamp="2026-07-24T12:00:00Z" changeset="1" uid="1" user="Antigravity"/>
  <node id="558" lat="43.1380288497" lon="-95.1604113746" version="1" timestamp="2026-07-24T12:00:00Z" changeset="1" uid="1" user="Antigravity"/>
  <node id="559" lat="43.1379388496" lon="-95.1604113746" version="1" timestamp="2026-07-24T12:00:00Z" changeset="1" uid="1" user="Antigravity"/>
  <node id="560" lat="43.1379388496" lon="-95.1601068482" version="1" timestamp="2026-07-24T12:00:00Z" changeset="1" uid="1" user="Antigravity"/>
  <node id="561" lat="43.1379388496" lon="-95.1598023217" version="1" timestamp="2026-07-24T12:00:00Z" changeset="1" uid="1" user="Antigravity"/>
  <node id="562" lat="43.1379388496" lon="-95.1594977953" version="1" timestamp="2026-07-24T12:00:00Z" changeset="1" uid="1" user="Antigravity"/>
  <node id="563" lat="43.1379388496" lon="-95.1591932688" version="1" timestamp="2026-07-24T12:00:00Z" changeset="1" uid="1" user="Antigravity"/>
  <node id="564" lat="43.1379388496" lon="-95.1588887424" version="1" timestamp="2026-07-24T12:00:00Z" changeset="1" uid="1" user="Antigravity"/>
  <node id="565" lat="43.1379388496" lon="-95.1585842159" version="1" timestamp="2026-07-24T12:00:00Z" changeset="1" uid="1" user="Antigravity"/>
  <node id="566" lat="43.1379388496" lon="-95.1582796895" version="1" timestamp="2026-07-24T12:00:00Z" changeset="1" uid="1" user="Antigravity"/>
  <node id="567" lat="43.1379388496" lon="-95.1579751630" version="1" timestamp="2026-07-24T12:00:00Z" changeset="1" uid="1" user="Antigravity"/>
  <node id="568" lat="43.1379388496" lon="-95.1576706366" version="1" timestamp="2026-07-24T12:00:00Z" changeset="1" uid="1" user="Antigravity"/>
  <node id="569" lat="43.1379388496" lon="-95.1573661101" version="1" timestamp="2026-07-24T12:00:00Z" changeset="1" uid="1" user="Antigravity"/>
  <node id="570" lat="43.1379388496" lon="-95.1570615836" version="1" timestamp="2026-07-24T12:00:00Z" changeset="1" uid="1" user="Antigravity"/>
  <node id="571" lat="43.1379388496" lon="-95.1567570572" version="1" timestamp="2026-07-24T12:00:00Z" changeset="1" uid="1" user="Antigravity"/>
  <node id="572" lat="43.1379388496" lon="-95.1564525307" version="1" timestamp="2026-07-24T12:00:00Z" changeset="1" uid="1" user="Antigravity"/>
  <node id="573" lat="43.1379388496" lon="-95.1561480043" version="1" timestamp="2026-07-24T12:00:00Z" changeset="1" uid="1" user="Antigravity"/>
  <node id="574" lat="43.1379388496" lon="-95.1558434778" version="1" timestamp="2026-07-24T12:00:00Z" changeset="1" uid="1" user="Antigravity"/>
  <node id="575" lat="43.1379388496" lon="-95.1555389514" version="1" timestamp="2026-07-24T12:00:00Z" changeset="1" uid="1" user="Antigravity"/>
  <node id="576" lat="43.1379388496" lon="-95.1552344249" version="1" timestamp="2026-07-24T12:00:00Z" changeset="1" uid="1" user="Antigravity"/>
  <node id="577" lat="43.1379388496" lon="-95.1549298985" version="1" timestamp="2026-07-24T12:00:00Z" changeset="1" uid="1" user="Antigravity"/>
  <node id="578" lat="43.1379388496" lon="-95.1546253720" version="1" timestamp="2026-07-24T12:00:00Z" changeset="1" uid="1" user="Antigravity"/>
  <node id="579" lat="43.1379388496" lon="-95.1543208456" version="1" timestamp="2026-07-24T12:00:00Z" changeset="1" uid="1" user="Antigravity"/>
  <node id="580" lat="43.1379388496" lon="-95.1540163191" version="1" timestamp="2026-07-24T12:00:00Z" changeset="1" uid="1" user="Antigravity"/>
  <node id="581" lat="43.1379388496" lon="-95.1537117927" version="1" timestamp="2026-07-24T12:00:00Z" changeset="1" uid="1" user="Antigravity"/>
  <node id="582" lat="43.1379388496" lon="-95.1534072662" version="1" timestamp="2026-07-24T12:00:00Z" changeset="1" uid="1" user="Antigravity"/>
  <node id="583" lat="43.1379388496" lon="-95.1531027397" version="1" timestamp="2026-07-24T12:00:00Z" changeset="1" uid="1" user="Antigravity"/>
  <node id="584" lat="43.1379388496" lon="-95.1527982133" version="1" timestamp="2026-07-24T12:00:00Z" changeset="1" uid="1" user="Antigravity"/>
  <node id="585" lat="43.1379388496" lon="-95.1524936868" version="1" timestamp="2026-07-24T12:00:00Z" changeset="1" uid="1" user="Antigravity"/>
  <node id="586" lat="43.1379388496" lon="-95.1521891604" version="1" timestamp="2026-07-24T12:00:00Z" changeset="1" uid="1" user="Antigravity"/>
  <node id="587" lat="43.1379388496" lon="-95.1518846339" version="1" timestamp="2026-07-24T12:00:00Z" changeset="1" uid="1" user="Antigravity"/>
  <node id="588" lat="43.1379388496" lon="-95.1515801075" version="1" timestamp="2026-07-24T12:00:00Z" changeset="1" uid="1" user="Antigravity"/>
  <node id="589" lat="43.1379388496" lon="-95.1512755810" version="1" timestamp="2026-07-24T12:00:00Z" changeset="1" uid="1" user="Antigravity"/>
  <node id="590" lat="43.1379388496" lon="-95.1509710546" version="1" timestamp="2026-07-24T12:00:00Z" changeset="1" uid="1" user="Antigravity"/>
  <node id="591" lat="43.1379388496" lon="-95.1506665281" version="1" timestamp="2026-07-24T12:00:00Z" changeset="1" uid="1" user="Antigravity"/>
  <node id="592" lat="43.1297443414" lon="-95.1506665281" version="1" timestamp="2026-07-24T12:00:00Z" changeset="1" uid="1" user="Antigravity"/>
  <node id="593" lat="43.1297443414" lon="-95.1509710546" version="1" timestamp="2026-07-24T12:00:00Z" changeset="1" uid="1" user="Antigravity"/>
  <node id="594" lat="43.1297443414" lon="-95.1512755810" version="1" timestamp="2026-07-24T12:00:00Z" changeset="1" uid="1" user="Antigravity"/>
  <node id="595" lat="43.1297443414" lon="-95.1515801075" version="1" timestamp="2026-07-24T12:00:00Z" changeset="1" uid="1" user="Antigravity"/>
  <node id="596" lat="43.1297443414" lon="-95.1518846339" version="1" timestamp="2026-07-24T12:00:00Z" changeset="1" uid="1" user="Antigravity"/>
  <node id="597" lat="43.1297443414" lon="-95.1521891604" version="1" timestamp="2026-07-24T12:00:00Z" changeset="1" uid="1" user="Antigravity"/>
  <node id="598" lat="43.1297443414" lon="-95.1524936868" version="1" timestamp="2026-07-24T12:00:00Z" changeset="1" uid="1" user="Antigravity"/>
  <node id="599" lat="43.1297443414" lon="-95.1527982133" version="1" timestamp="2026-07-24T12:00:00Z" changeset="1" uid="1" user="Antigravity"/>
  <node id="600" lat="43.1297443414" lon="-95.1531027397" version="1" timestamp="2026-07-24T12:00:00Z" changeset="1" uid="1" user="Antigravity"/>
  <node id="601" lat="43.1297443414" lon="-95.1534072662" version="1" timestamp="2026-07-24T12:00:00Z" changeset="1" uid="1" user="Antigravity"/>
  <node id="602" lat="43.1297443414" lon="-95.1537117927" version="1" timestamp="2026-07-24T12:00:00Z" changeset="1" uid="1" user="Antigravity"/>
  <node id="603" lat="43.1297443414" lon="-95.1540163191" version="1" timestamp="2026-07-24T12:00:00Z" changeset="1" uid="1" user="Antigravity"/>
  <node id="604" lat="43.1297443414" lon="-95.1543208456" version="1" timestamp="2026-07-24T12:00:00Z" changeset="1" uid="1" user="Antigravity"/>
  <node id="605" lat="43.1297443414" lon="-95.1546253720" version="1" timestamp="2026-07-24T12:00:00Z" changeset="1" uid="1" user="Antigravity"/>
  <node id="606" lat="43.1297443414" lon="-95.1549298985" version="1" timestamp="2026-07-24T12:00:00Z" changeset="1" uid="1" user="Antigravity"/>
  <node id="607" lat="43.1297443414" lon="-95.1552344249" version="1" timestamp="2026-07-24T12:00:00Z" changeset="1" uid="1" user="Antigravity"/>
  <node id="608" lat="43.1297443414" lon="-95.1555389514" version="1" timestamp="2026-07-24T12:00:00Z" changeset="1" uid="1" user="Antigravity"/>
  <node id="609" lat="43.1297443414" lon="-95.1558434778" version="1" timestamp="2026-07-24T12:00:00Z" changeset="1" uid="1" user="Antigravity"/>
  <node id="610" lat="43.1297443414" lon="-95.1561480043" version="1" timestamp="2026-07-24T12:00:00Z" changeset="1" uid="1" user="Antigravity"/>
  <node id="611" lat="43.1297443414" lon="-95.1564525307" version="1" timestamp="2026-07-24T12:00:00Z" changeset="1" uid="1" user="Antigravity"/>
  <node id="612" lat="43.1297443414" lon="-95.1567570572" version="1" timestamp="2026-07-24T12:00:00Z" changeset="1" uid="1" user="Antigravity"/>
  <node id="613" lat="43.1297443414" lon="-95.1570615836" version="1" timestamp="2026-07-24T12:00:00Z" changeset="1" uid="1" user="Antigravity"/>
  <node id="614" lat="43.1297443414" lon="-95.1573661101" version="1" timestamp="2026-07-24T12:00:00Z" changeset="1" uid="1" user="Antigravity"/>
  <node id="615" lat="43.1297443414" lon="-95.1576706366" version="1" timestamp="2026-07-24T12:00:00Z" changeset="1" uid="1" user="Antigravity"/>
  <node id="616" lat="43.1297443414" lon="-95.1579751630" version="1" timestamp="2026-07-24T12:00:00Z" changeset="1" uid="1" user="Antigravity"/>
  <node id="617" lat="43.1297443414" lon="-95.1582796895" version="1" timestamp="2026-07-24T12:00:00Z" changeset="1" uid="1" user="Antigravity"/>
  <node id="618" lat="43.1297443414" lon="-95.1585842159" version="1" timestamp="2026-07-24T12:00:00Z" changeset="1" uid="1" user="Antigravity"/>
  <node id="619" lat="43.1297443414" lon="-95.1588887424" version="1" timestamp="2026-07-24T12:00:00Z" changeset="1" uid="1" user="Antigravity"/>
  <node id="620" lat="43.1297443414" lon="-95.1591932688" version="1" timestamp="2026-07-24T12:00:00Z" changeset="1" uid="1" user="Antigravity"/>
  <node id="621" lat="43.1297443414" lon="-95.1594977953" version="1" timestamp="2026-07-24T12:00:00Z" changeset="1" uid="1" user="Antigravity"/>
  <node id="622" lat="43.1297443414" lon="-95.1598023217" version="1" timestamp="2026-07-24T12:00:00Z" changeset="1" uid="1" user="Antigravity"/>
  <node id="623" lat="43.1297443414" lon="-95.1601068482" version="1" timestamp="2026-07-24T12:00:00Z" changeset="1" uid="1" user="Antigravity"/>
  <node id="624" lat="43.1297443414" lon="-95.1604113746" version="1" timestamp="2026-07-24T12:00:00Z" changeset="1" uid="1" user="Antigravity"/>
  <node id="625" lat="43.1595388712" lon="-95.1505431756" version="1" timestamp="2026-07-24T12:00:00Z" changeset="1" uid="1" user="Antigravity"/>
  <node id="626" lat="43.1595388712" lon="-95.1502386492" version="1" timestamp="2026-07-24T12:00:00Z" changeset="1" uid="1" user="Antigravity"/>
  <node id="627" lat="43.1595388712" lon="-95.1499341227" version="1" timestamp="2026-07-24T12:00:00Z" changeset="1" uid="1" user="Antigravity"/>
  <node id="628" lat="43.1595388712" lon="-95.1496295963" version="1" timestamp="2026-07-24T12:00:00Z" changeset="1" uid="1" user="Antigravity"/>
  <node id="629" lat="43.1595388712" lon="-95.1493250698" version="1" timestamp="2026-07-24T12:00:00Z" changeset="1" uid="1" user="Antigravity"/>
  <node id="630" lat="43.1595388712" lon="-95.1490205434" version="1" timestamp="2026-07-24T12:00:00Z" changeset="1" uid="1" user="Antigravity"/>
  <node id="631" lat="43.1595388712" lon="-95.1487160169" version="1" timestamp="2026-07-24T12:00:00Z" changeset="1" uid="1" user="Antigravity"/>
  <node id="632" lat="43.1595388712" lon="-95.1484114905" version="1" timestamp="2026-07-24T12:00:00Z" changeset="1" uid="1" user="Antigravity"/>
  <node id="633" lat="43.1595388712" lon="-95.1481069640" version="1" timestamp="2026-07-24T12:00:00Z" changeset="1" uid="1" user="Antigravity"/>
  <node id="634" lat="43.1595388712" lon="-95.1478024375" version="1" timestamp="2026-07-24T12:00:00Z" changeset="1" uid="1" user="Antigravity"/>
  <node id="635" lat="43.1595388712" lon="-95.1474979111" version="1" timestamp="2026-07-24T12:00:00Z" changeset="1" uid="1" user="Antigravity"/>
  <node id="636" lat="43.1595388712" lon="-95.1471933846" version="1" timestamp="2026-07-24T12:00:00Z" changeset="1" uid="1" user="Antigravity"/>
  <node id="637" lat="43.1595388712" lon="-95.1468888582" version="1" timestamp="2026-07-24T12:00:00Z" changeset="1" uid="1" user="Antigravity"/>
  <node id="638" lat="43.1595388712" lon="-95.1465843317" version="1" timestamp="2026-07-24T12:00:00Z" changeset="1" uid="1" user="Antigravity"/>
  <node id="639" lat="43.1595388712" lon="-95.1462798053" version="1" timestamp="2026-07-24T12:00:00Z" changeset="1" uid="1" user="Antigravity"/>
  <node id="640" lat="43.1595388712" lon="-95.1459752788" version="1" timestamp="2026-07-24T12:00:00Z" changeset="1" uid="1" user="Antigravity"/>
  <node id="641" lat="43.1595388712" lon="-95.1456707524" version="1" timestamp="2026-07-24T12:00:00Z" changeset="1" uid="1" user="Antigravity"/>
  <node id="642" lat="43.1595388712" lon="-95.1453662259" version="1" timestamp="2026-07-24T12:00:00Z" changeset="1" uid="1" user="Antigravity"/>
  <node id="643" lat="43.1595388712" lon="-95.1450616995" version="1" timestamp="2026-07-24T12:00:00Z" changeset="1" uid="1" user="Antigravity"/>
  <node id="644" lat="43.1595388712" lon="-95.1447571730" version="1" timestamp="2026-07-24T12:00:00Z" changeset="1" uid="1" user="Antigravity"/>
  <node id="645" lat="43.1595388712" lon="-95.1444526465" version="1" timestamp="2026-07-24T12:00:00Z" changeset="1" uid="1" user="Antigravity"/>
  <node id="646" lat="43.1595388712" lon="-95.1441481201" version="1" timestamp="2026-07-24T12:00:00Z" changeset="1" uid="1" user="Antigravity"/>
  <node id="647" lat="43.1595388712" lon="-95.1438435936" version="1" timestamp="2026-07-24T12:00:00Z" changeset="1" uid="1" user="Antigravity"/>
  <node id="648" lat="43.1595388712" lon="-95.1435390672" version="1" timestamp="2026-07-24T12:00:00Z" changeset="1" uid="1" user="Antigravity"/>
  <node id="649" lat="43.1595388712" lon="-95.1432345407" version="1" timestamp="2026-07-24T12:00:00Z" changeset="1" uid="1" user="Antigravity"/>
  <node id="650" lat="43.1595388712" lon="-95.1429300143" version="1" timestamp="2026-07-24T12:00:00Z" changeset="1" uid="1" user="Antigravity"/>
  <node id="651" lat="43.1595388712" lon="-95.1426254878" version="1" timestamp="2026-07-24T12:00:00Z" changeset="1" uid="1" user="Antigravity"/>
  <node id="652" lat="43.1595388712" lon="-95.1423209614" version="1" timestamp="2026-07-24T12:00:00Z" changeset="1" uid="1" user="Antigravity"/>
  <node id="653" lat="43.1595388712" lon="-95.1420164349" version="1" timestamp="2026-07-24T12:00:00Z" changeset="1" uid="1" user="Antigravity"/>
  <node id="654" lat="43.1595388712" lon="-95.1417119085" version="1" timestamp="2026-07-24T12:00:00Z" changeset="1" uid="1" user="Antigravity"/>
  <node id="655" lat="43.1595388712" lon="-95.1414073820" version="1" timestamp="2026-07-24T12:00:00Z" changeset="1" uid="1" user="Antigravity"/>
  <node id="656" lat="43.1595388712" lon="-95.1411028556" version="1" timestamp="2026-07-24T12:00:00Z" changeset="1" uid="1" user="Antigravity"/>
  <node id="657" lat="43.1595388712" lon="-95.1407983291" version="1" timestamp="2026-07-24T12:00:00Z" changeset="1" uid="1" user="Antigravity"/>
  <node id="658" lat="43.1452288569" lon="-95.1407983291" version="1" timestamp="2026-07-24T12:00:00Z" changeset="1" uid="1" user="Antigravity"/>
  <node id="659" lat="43.1452288569" lon="-95.1411028556" version="1" timestamp="2026-07-24T12:00:00Z" changeset="1" uid="1" user="Antigravity"/>
  <node id="660" lat="43.1452288569" lon="-95.1414073820" version="1" timestamp="2026-07-24T12:00:00Z" changeset="1" uid="1" user="Antigravity"/>
  <node id="661" lat="43.1452288569" lon="-95.1417119085" version="1" timestamp="2026-07-24T12:00:00Z" changeset="1" uid="1" user="Antigravity"/>
  <node id="662" lat="43.1452288569" lon="-95.1420164349" version="1" timestamp="2026-07-24T12:00:00Z" changeset="1" uid="1" user="Antigravity"/>
  <node id="663" lat="43.1452288569" lon="-95.1423209614" version="1" timestamp="2026-07-24T12:00:00Z" changeset="1" uid="1" user="Antigravity"/>
  <node id="664" lat="43.1452288569" lon="-95.1426254878" version="1" timestamp="2026-07-24T12:00:00Z" changeset="1" uid="1" user="Antigravity"/>
  <node id="665" lat="43.1452288569" lon="-95.1429300143" version="1" timestamp="2026-07-24T12:00:00Z" changeset="1" uid="1" user="Antigravity"/>
  <node id="666" lat="43.1452288569" lon="-95.1432345407" version="1" timestamp="2026-07-24T12:00:00Z" changeset="1" uid="1" user="Antigravity"/>
  <node id="667" lat="43.1452288569" lon="-95.1435390672" version="1" timestamp="2026-07-24T12:00:00Z" changeset="1" uid="1" user="Antigravity"/>
  <node id="668" lat="43.1452288569" lon="-95.1438435936" version="1" timestamp="2026-07-24T12:00:00Z" changeset="1" uid="1" user="Antigravity"/>
  <node id="669" lat="43.1452288569" lon="-95.1441481201" version="1" timestamp="2026-07-24T12:00:00Z" changeset="1" uid="1" user="Antigravity"/>
  <node id="670" lat="43.1452288569" lon="-95.1444526465" version="1" timestamp="2026-07-24T12:00:00Z" changeset="1" uid="1" user="Antigravity"/>
  <node id="671" lat="43.1452288569" lon="-95.1447571730" version="1" timestamp="2026-07-24T12:00:00Z" changeset="1" uid="1" user="Antigravity"/>
  <node id="672" lat="43.1452288569" lon="-95.1450616995" version="1" timestamp="2026-07-24T12:00:00Z" changeset="1" uid="1" user="Antigravity"/>
  <node id="673" lat="43.1452288569" lon="-95.1453662259" version="1" timestamp="2026-07-24T12:00:00Z" changeset="1" uid="1" user="Antigravity"/>
  <node id="674" lat="43.1452288569" lon="-95.1456707524" version="1" timestamp="2026-07-24T12:00:00Z" changeset="1" uid="1" user="Antigravity"/>
  <node id="675" lat="43.1452288569" lon="-95.1459752788" version="1" timestamp="2026-07-24T12:00:00Z" changeset="1" uid="1" user="Antigravity"/>
  <node id="676" lat="43.1452288569" lon="-95.1462798053" version="1" timestamp="2026-07-24T12:00:00Z" changeset="1" uid="1" user="Antigravity"/>
  <node id="677" lat="43.1452288569" lon="-95.1465843317" version="1" timestamp="2026-07-24T12:00:00Z" changeset="1" uid="1" user="Antigravity"/>
  <node id="678" lat="43.1452288569" lon="-95.1468888582" version="1" timestamp="2026-07-24T12:00:00Z" changeset="1" uid="1" user="Antigravity"/>
  <node id="679" lat="43.1452288569" lon="-95.1471933846" version="1" timestamp="2026-07-24T12:00:00Z" changeset="1" uid="1" user="Antigravity"/>
  <node id="680" lat="43.1452288569" lon="-95.1474979111" version="1" timestamp="2026-07-24T12:00:00Z" changeset="1" uid="1" user="Antigravity"/>
  <node id="681" lat="43.1452288569" lon="-95.1478024375" version="1" timestamp="2026-07-24T12:00:00Z" changeset="1" uid="1" user="Antigravity"/>
  <node id="682" lat="43.1452288569" lon="-95.1481069640" version="1" timestamp="2026-07-24T12:00:00Z" changeset="1" uid="1" user="Antigravity"/>
  <node id="683" lat="43.1452288569" lon="-95.1484114905" version="1" timestamp="2026-07-24T12:00:00Z" changeset="1" uid="1" user="Antigravity"/>
  <node id="684" lat="43.1452288569" lon="-95.1487160169" version="1" timestamp="2026-07-24T12:00:00Z" changeset="1" uid="1" user="Antigravity"/>
  <node id="685" lat="43.1452288569" lon="-95.1490205434" version="1" timestamp="2026-07-24T12:00:00Z" changeset="1" uid="1" user="Antigravity"/>
  <node id="686" lat="43.1452288569" lon="-95.1493250698" version="1" timestamp="2026-07-24T12:00:00Z" changeset="1" uid="1" user="Antigravity"/>
  <node id="687" lat="43.1452288569" lon="-95.1496295963" version="1" timestamp="2026-07-24T12:00:00Z" changeset="1" uid="1" user="Antigravity"/>
  <node id="688" lat="43.1452288569" lon="-95.1499341227" version="1" timestamp="2026-07-24T12:00:00Z" changeset="1" uid="1" user="Antigravity"/>
  <node id="689" lat="43.1452288569" lon="-95.1502386492" version="1" timestamp="2026-07-24T12:00:00Z" changeset="1" uid="1" user="Antigravity"/>
  <node id="690" lat="43.1452288569" lon="-95.1505431756" version="1" timestamp="2026-07-24T12:00:00Z" changeset="1" uid="1" user="Antigravity"/>
  <node id="691" lat="43.1451388568" lon="-95.1505431756" version="1" timestamp="2026-07-24T12:00:00Z" changeset="1" uid="1" user="Antigravity"/>
  <node id="692" lat="43.1451388568" lon="-95.1502386492" version="1" timestamp="2026-07-24T12:00:00Z" changeset="1" uid="1" user="Antigravity"/>
  <node id="693" lat="43.1451388568" lon="-95.1499341227" version="1" timestamp="2026-07-24T12:00:00Z" changeset="1" uid="1" user="Antigravity"/>
  <node id="694" lat="43.1451388568" lon="-95.1496295963" version="1" timestamp="2026-07-24T12:00:00Z" changeset="1" uid="1" user="Antigravity"/>
  <node id="695" lat="43.1451388568" lon="-95.1493250698" version="1" timestamp="2026-07-24T12:00:00Z" changeset="1" uid="1" user="Antigravity"/>
  <node id="696" lat="43.1451388568" lon="-95.1490205434" version="1" timestamp="2026-07-24T12:00:00Z" changeset="1" uid="1" user="Antigravity"/>
  <node id="697" lat="43.1451388568" lon="-95.1487160169" version="1" timestamp="2026-07-24T12:00:00Z" changeset="1" uid="1" user="Antigravity"/>
  <node id="698" lat="43.1451388568" lon="-95.1484114905" version="1" timestamp="2026-07-24T12:00:00Z" changeset="1" uid="1" user="Antigravity"/>
  <node id="699" lat="43.1451388568" lon="-95.1481069640" version="1" timestamp="2026-07-24T12:00:00Z" changeset="1" uid="1" user="Antigravity"/>
  <node id="700" lat="43.1451388568" lon="-95.1478024375" version="1" timestamp="2026-07-24T12:00:00Z" changeset="1" uid="1" user="Antigravity"/>
  <node id="701" lat="43.1451388568" lon="-95.1474979111" version="1" timestamp="2026-07-24T12:00:00Z" changeset="1" uid="1" user="Antigravity"/>
  <node id="702" lat="43.1451388568" lon="-95.1471933846" version="1" timestamp="2026-07-24T12:00:00Z" changeset="1" uid="1" user="Antigravity"/>
  <node id="703" lat="43.1451388568" lon="-95.1468888582" version="1" timestamp="2026-07-24T12:00:00Z" changeset="1" uid="1" user="Antigravity"/>
  <node id="704" lat="43.1451388568" lon="-95.1465843317" version="1" timestamp="2026-07-24T12:00:00Z" changeset="1" uid="1" user="Antigravity"/>
  <node id="705" lat="43.1451388568" lon="-95.1462798053" version="1" timestamp="2026-07-24T12:00:00Z" changeset="1" uid="1" user="Antigravity"/>
  <node id="706" lat="43.1451388568" lon="-95.1459752788" version="1" timestamp="2026-07-24T12:00:00Z" changeset="1" uid="1" user="Antigravity"/>
  <node id="707" lat="43.1451388568" lon="-95.1456707524" version="1" timestamp="2026-07-24T12:00:00Z" changeset="1" uid="1" user="Antigravity"/>
  <node id="708" lat="43.1451388568" lon="-95.1453662259" version="1" timestamp="2026-07-24T12:00:00Z" changeset="1" uid="1" user="Antigravity"/>
  <node id="709" lat="43.1451388568" lon="-95.1450616995" version="1" timestamp="2026-07-24T12:00:00Z" changeset="1" uid="1" user="Antigravity"/>
  <node id="710" lat="43.1451388568" lon="-95.1447571730" version="1" timestamp="2026-07-24T12:00:00Z" changeset="1" uid="1" user="Antigravity"/>
  <node id="711" lat="43.1451388568" lon="-95.1444526465" version="1" timestamp="2026-07-24T12:00:00Z" changeset="1" uid="1" user="Antigravity"/>
  <node id="712" lat="43.1451388568" lon="-95.1441481201" version="1" timestamp="2026-07-24T12:00:00Z" changeset="1" uid="1" user="Antigravity"/>
  <node id="713" lat="43.1451388568" lon="-95.1438435936" version="1" timestamp="2026-07-24T12:00:00Z" changeset="1" uid="1" user="Antigravity"/>
  <node id="714" lat="43.1451388568" lon="-95.1435390672" version="1" timestamp="2026-07-24T12:00:00Z" changeset="1" uid="1" user="Antigravity"/>
  <node id="715" lat="43.1451388568" lon="-95.1432345407" version="1" timestamp="2026-07-24T12:00:00Z" changeset="1" uid="1" user="Antigravity"/>
  <node id="716" lat="43.1451388568" lon="-95.1429300143" version="1" timestamp="2026-07-24T12:00:00Z" changeset="1" uid="1" user="Antigravity"/>
  <node id="717" lat="43.1451388568" lon="-95.1426254878" version="1" timestamp="2026-07-24T12:00:00Z" changeset="1" uid="1" user="Antigravity"/>
  <node id="718" lat="43.1451388568" lon="-95.1423209614" version="1" timestamp="2026-07-24T12:00:00Z" changeset="1" uid="1" user="Antigravity"/>
  <node id="719" lat="43.1451388568" lon="-95.1420164349" version="1" timestamp="2026-07-24T12:00:00Z" changeset="1" uid="1" user="Antigravity"/>
  <node id="720" lat="43.1451388568" lon="-95.1417119085" version="1" timestamp="2026-07-24T12:00:00Z" changeset="1" uid="1" user="Antigravity"/>
  <node id="721" lat="43.1451388568" lon="-95.1414073820" version="1" timestamp="2026-07-24T12:00:00Z" changeset="1" uid="1" user="Antigravity"/>
  <node id="722" lat="43.1451388568" lon="-95.1411028556" version="1" timestamp="2026-07-24T12:00:00Z" changeset="1" uid="1" user="Antigravity"/>
  <node id="723" lat="43.1451388568" lon="-95.1407983291" version="1" timestamp="2026-07-24T12:00:00Z" changeset="1" uid="1" user="Antigravity"/>
  <node id="724" lat="43.1380288497" lon="-95.1407983291" version="1" timestamp="2026-07-24T12:00:00Z" changeset="1" uid="1" user="Antigravity"/>
  <node id="725" lat="43.1380288497" lon="-95.1411028556" version="1" timestamp="2026-07-24T12:00:00Z" changeset="1" uid="1" user="Antigravity"/>
  <node id="726" lat="43.1380288497" lon="-95.1414073820" version="1" timestamp="2026-07-24T12:00:00Z" changeset="1" uid="1" user="Antigravity"/>
  <node id="727" lat="43.1380288497" lon="-95.1417119085" version="1" timestamp="2026-07-24T12:00:00Z" changeset="1" uid="1" user="Antigravity"/>
  <node id="728" lat="43.1380288497" lon="-95.1420164349" version="1" timestamp="2026-07-24T12:00:00Z" changeset="1" uid="1" user="Antigravity"/>
  <node id="729" lat="43.1380288497" lon="-95.1423209614" version="1" timestamp="2026-07-24T12:00:00Z" changeset="1" uid="1" user="Antigravity"/>
  <node id="730" lat="43.1380288497" lon="-95.1426254878" version="1" timestamp="2026-07-24T12:00:00Z" changeset="1" uid="1" user="Antigravity"/>
  <node id="731" lat="43.1380288497" lon="-95.1429300143" version="1" timestamp="2026-07-24T12:00:00Z" changeset="1" uid="1" user="Antigravity"/>
  <node id="732" lat="43.1380288497" lon="-95.1432345407" version="1" timestamp="2026-07-24T12:00:00Z" changeset="1" uid="1" user="Antigravity"/>
  <node id="733" lat="43.1380288497" lon="-95.1435390672" version="1" timestamp="2026-07-24T12:00:00Z" changeset="1" uid="1" user="Antigravity"/>
  <node id="734" lat="43.1380288497" lon="-95.1438435936" version="1" timestamp="2026-07-24T12:00:00Z" changeset="1" uid="1" user="Antigravity"/>
  <node id="735" lat="43.1380288497" lon="-95.1441481201" version="1" timestamp="2026-07-24T12:00:00Z" changeset="1" uid="1" user="Antigravity"/>
  <node id="736" lat="43.1380288497" lon="-95.1444526465" version="1" timestamp="2026-07-24T12:00:00Z" changeset="1" uid="1" user="Antigravity"/>
  <node id="737" lat="43.1380288497" lon="-95.1447571730" version="1" timestamp="2026-07-24T12:00:00Z" changeset="1" uid="1" user="Antigravity"/>
  <node id="738" lat="43.1380288497" lon="-95.1450616995" version="1" timestamp="2026-07-24T12:00:00Z" changeset="1" uid="1" user="Antigravity"/>
  <node id="739" lat="43.1380288497" lon="-95.1453662259" version="1" timestamp="2026-07-24T12:00:00Z" changeset="1" uid="1" user="Antigravity"/>
  <node id="740" lat="43.1380288497" lon="-95.1456707524" version="1" timestamp="2026-07-24T12:00:00Z" changeset="1" uid="1" user="Antigravity"/>
  <node id="741" lat="43.1380288497" lon="-95.1459752788" version="1" timestamp="2026-07-24T12:00:00Z" changeset="1" uid="1" user="Antigravity"/>
  <node id="742" lat="43.1380288497" lon="-95.1462798053" version="1" timestamp="2026-07-24T12:00:00Z" changeset="1" uid="1" user="Antigravity"/>
  <node id="743" lat="43.1380288497" lon="-95.1465843317" version="1" timestamp="2026-07-24T12:00:00Z" changeset="1" uid="1" user="Antigravity"/>
  <node id="744" lat="43.1380288497" lon="-95.1468888582" version="1" timestamp="2026-07-24T12:00:00Z" changeset="1" uid="1" user="Antigravity"/>
  <node id="745" lat="43.1380288497" lon="-95.1471933846" version="1" timestamp="2026-07-24T12:00:00Z" changeset="1" uid="1" user="Antigravity"/>
  <node id="746" lat="43.1380288497" lon="-95.1474979111" version="1" timestamp="2026-07-24T12:00:00Z" changeset="1" uid="1" user="Antigravity"/>
  <node id="747" lat="43.1380288497" lon="-95.1478024375" version="1" timestamp="2026-07-24T12:00:00Z" changeset="1" uid="1" user="Antigravity"/>
  <node id="748" lat="43.1380288497" lon="-95.1481069640" version="1" timestamp="2026-07-24T12:00:00Z" changeset="1" uid="1" user="Antigravity"/>
  <node id="749" lat="43.1380288497" lon="-95.1484114905" version="1" timestamp="2026-07-24T12:00:00Z" changeset="1" uid="1" user="Antigravity"/>
  <node id="750" lat="43.1380288497" lon="-95.1487160169" version="1" timestamp="2026-07-24T12:00:00Z" changeset="1" uid="1" user="Antigravity"/>
  <node id="751" lat="43.1380288497" lon="-95.1490205434" version="1" timestamp="2026-07-24T12:00:00Z" changeset="1" uid="1" user="Antigravity"/>
  <node id="752" lat="43.1380288497" lon="-95.1493250698" version="1" timestamp="2026-07-24T12:00:00Z" changeset="1" uid="1" user="Antigravity"/>
  <node id="753" lat="43.1380288497" lon="-95.1496295963" version="1" timestamp="2026-07-24T12:00:00Z" changeset="1" uid="1" user="Antigravity"/>
  <node id="754" lat="43.1380288497" lon="-95.1499341227" version="1" timestamp="2026-07-24T12:00:00Z" changeset="1" uid="1" user="Antigravity"/>
  <node id="755" lat="43.1380288497" lon="-95.1502386492" version="1" timestamp="2026-07-24T12:00:00Z" changeset="1" uid="1" user="Antigravity"/>
  <node id="756" lat="43.1380288497" lon="-95.1505431756" version="1" timestamp="2026-07-24T12:00:00Z" changeset="1" uid="1" user="Antigravity"/>
  <node id="757" lat="43.1379388496" lon="-95.1505431756" version="1" timestamp="2026-07-24T12:00:00Z" changeset="1" uid="1" user="Antigravity"/>
  <node id="758" lat="43.1379388496" lon="-95.1502386492" version="1" timestamp="2026-07-24T12:00:00Z" changeset="1" uid="1" user="Antigravity"/>
  <node id="759" lat="43.1379388496" lon="-95.1499341227" version="1" timestamp="2026-07-24T12:00:00Z" changeset="1" uid="1" user="Antigravity"/>
  <node id="760" lat="43.1379388496" lon="-95.1496295963" version="1" timestamp="2026-07-24T12:00:00Z" changeset="1" uid="1" user="Antigravity"/>
  <node id="761" lat="43.1379388496" lon="-95.1493250698" version="1" timestamp="2026-07-24T12:00:00Z" changeset="1" uid="1" user="Antigravity"/>
  <node id="762" lat="43.1379388496" lon="-95.1490205434" version="1" timestamp="2026-07-24T12:00:00Z" changeset="1" uid="1" user="Antigravity"/>
  <node id="763" lat="43.1379388496" lon="-95.1487160169" version="1" timestamp="2026-07-24T12:00:00Z" changeset="1" uid="1" user="Antigravity"/>
  <node id="764" lat="43.1379388496" lon="-95.1484114905" version="1" timestamp="2026-07-24T12:00:00Z" changeset="1" uid="1" user="Antigravity"/>
  <node id="765" lat="43.1379388496" lon="-95.1481069640" version="1" timestamp="2026-07-24T12:00:00Z" changeset="1" uid="1" user="Antigravity"/>
  <node id="766" lat="43.1379388496" lon="-95.1478024375" version="1" timestamp="2026-07-24T12:00:00Z" changeset="1" uid="1" user="Antigravity"/>
  <node id="767" lat="43.1379388496" lon="-95.1474979111" version="1" timestamp="2026-07-24T12:00:00Z" changeset="1" uid="1" user="Antigravity"/>
  <node id="768" lat="43.1379388496" lon="-95.1471933846" version="1" timestamp="2026-07-24T12:00:00Z" changeset="1" uid="1" user="Antigravity"/>
  <node id="769" lat="43.1379388496" lon="-95.1468888582" version="1" timestamp="2026-07-24T12:00:00Z" changeset="1" uid="1" user="Antigravity"/>
  <node id="770" lat="43.1379388496" lon="-95.1465843317" version="1" timestamp="2026-07-24T12:00:00Z" changeset="1" uid="1" user="Antigravity"/>
  <node id="771" lat="43.1379388496" lon="-95.1462798053" version="1" timestamp="2026-07-24T12:00:00Z" changeset="1" uid="1" user="Antigravity"/>
  <node id="772" lat="43.1379388496" lon="-95.1459752788" version="1" timestamp="2026-07-24T12:00:00Z" changeset="1" uid="1" user="Antigravity"/>
  <node id="773" lat="43.1379388496" lon="-95.1456707524" version="1" timestamp="2026-07-24T12:00:00Z" changeset="1" uid="1" user="Antigravity"/>
  <node id="774" lat="43.1379388496" lon="-95.1453662259" version="1" timestamp="2026-07-24T12:00:00Z" changeset="1" uid="1" user="Antigravity"/>
  <node id="775" lat="43.1379388496" lon="-95.1450616995" version="1" timestamp="2026-07-24T12:00:00Z" changeset="1" uid="1" user="Antigravity"/>
  <node id="776" lat="43.1379388496" lon="-95.1447571730" version="1" timestamp="2026-07-24T12:00:00Z" changeset="1" uid="1" user="Antigravity"/>
  <node id="777" lat="43.1379388496" lon="-95.1444526465" version="1" timestamp="2026-07-24T12:00:00Z" changeset="1" uid="1" user="Antigravity"/>
  <node id="778" lat="43.1379388496" lon="-95.1441481201" version="1" timestamp="2026-07-24T12:00:00Z" changeset="1" uid="1" user="Antigravity"/>
  <node id="779" lat="43.1379388496" lon="-95.1438435936" version="1" timestamp="2026-07-24T12:00:00Z" changeset="1" uid="1" user="Antigravity"/>
  <node id="780" lat="43.1379388496" lon="-95.1435390672" version="1" timestamp="2026-07-24T12:00:00Z" changeset="1" uid="1" user="Antigravity"/>
  <node id="781" lat="43.1379388496" lon="-95.1432345407" version="1" timestamp="2026-07-24T12:00:00Z" changeset="1" uid="1" user="Antigravity"/>
  <node id="782" lat="43.1379388496" lon="-95.1429300143" version="1" timestamp="2026-07-24T12:00:00Z" changeset="1" uid="1" user="Antigravity"/>
  <node id="783" lat="43.1379388496" lon="-95.1426254878" version="1" timestamp="2026-07-24T12:00:00Z" changeset="1" uid="1" user="Antigravity"/>
  <node id="784" lat="43.1379388496" lon="-95.1423209614" version="1" timestamp="2026-07-24T12:00:00Z" changeset="1" uid="1" user="Antigravity"/>
  <node id="785" lat="43.1379388496" lon="-95.1420164349" version="1" timestamp="2026-07-24T12:00:00Z" changeset="1" uid="1" user="Antigravity"/>
  <node id="786" lat="43.1379388496" lon="-95.1417119085" version="1" timestamp="2026-07-24T12:00:00Z" changeset="1" uid="1" user="Antigravity"/>
  <node id="787" lat="43.1379388496" lon="-95.1414073820" version="1" timestamp="2026-07-24T12:00:00Z" changeset="1" uid="1" user="Antigravity"/>
  <node id="788" lat="43.1379388496" lon="-95.1411028556" version="1" timestamp="2026-07-24T12:00:00Z" changeset="1" uid="1" user="Antigravity"/>
  <node id="789" lat="43.1379388496" lon="-95.1407983291" version="1" timestamp="2026-07-24T12:00:00Z" changeset="1" uid="1" user="Antigravity"/>
  <node id="790" lat="43.1297443414" lon="-95.1407983291" version="1" timestamp="2026-07-24T12:00:00Z" changeset="1" uid="1" user="Antigravity"/>
  <node id="791" lat="43.1297443414" lon="-95.1411028556" version="1" timestamp="2026-07-24T12:00:00Z" changeset="1" uid="1" user="Antigravity"/>
  <node id="792" lat="43.1297443414" lon="-95.1414073820" version="1" timestamp="2026-07-24T12:00:00Z" changeset="1" uid="1" user="Antigravity"/>
  <node id="793" lat="43.1297443414" lon="-95.1417119085" version="1" timestamp="2026-07-24T12:00:00Z" changeset="1" uid="1" user="Antigravity"/>
  <node id="794" lat="43.1297443414" lon="-95.1420164349" version="1" timestamp="2026-07-24T12:00:00Z" changeset="1" uid="1" user="Antigravity"/>
  <node id="795" lat="43.1297443414" lon="-95.1423209614" version="1" timestamp="2026-07-24T12:00:00Z" changeset="1" uid="1" user="Antigravity"/>
  <node id="796" lat="43.1297443414" lon="-95.1426254878" version="1" timestamp="2026-07-24T12:00:00Z" changeset="1" uid="1" user="Antigravity"/>
  <node id="797" lat="43.1297443414" lon="-95.1429300143" version="1" timestamp="2026-07-24T12:00:00Z" changeset="1" uid="1" user="Antigravity"/>
  <node id="798" lat="43.1297443414" lon="-95.1432345407" version="1" timestamp="2026-07-24T12:00:00Z" changeset="1" uid="1" user="Antigravity"/>
  <node id="799" lat="43.1297443414" lon="-95.1435390672" version="1" timestamp="2026-07-24T12:00:00Z" changeset="1" uid="1" user="Antigravity"/>
  <node id="800" lat="43.1297443414" lon="-95.1438435936" version="1" timestamp="2026-07-24T12:00:00Z" changeset="1" uid="1" user="Antigravity"/>
  <node id="801" lat="43.1297443414" lon="-95.1441481201" version="1" timestamp="2026-07-24T12:00:00Z" changeset="1" uid="1" user="Antigravity"/>
  <node id="802" lat="43.1297443414" lon="-95.1444526465" version="1" timestamp="2026-07-24T12:00:00Z" changeset="1" uid="1" user="Antigravity"/>
  <node id="803" lat="43.1297443414" lon="-95.1447571730" version="1" timestamp="2026-07-24T12:00:00Z" changeset="1" uid="1" user="Antigravity"/>
  <node id="804" lat="43.1297443414" lon="-95.1450616995" version="1" timestamp="2026-07-24T12:00:00Z" changeset="1" uid="1" user="Antigravity"/>
  <node id="805" lat="43.1297443414" lon="-95.1453662259" version="1" timestamp="2026-07-24T12:00:00Z" changeset="1" uid="1" user="Antigravity"/>
  <node id="806" lat="43.1297443414" lon="-95.1456707524" version="1" timestamp="2026-07-24T12:00:00Z" changeset="1" uid="1" user="Antigravity"/>
  <node id="807" lat="43.1297443414" lon="-95.1459752788" version="1" timestamp="2026-07-24T12:00:00Z" changeset="1" uid="1" user="Antigravity"/>
  <node id="808" lat="43.1297443414" lon="-95.1462798053" version="1" timestamp="2026-07-24T12:00:00Z" changeset="1" uid="1" user="Antigravity"/>
  <node id="809" lat="43.1297443414" lon="-95.1465843317" version="1" timestamp="2026-07-24T12:00:00Z" changeset="1" uid="1" user="Antigravity"/>
  <node id="810" lat="43.1297443414" lon="-95.1468888582" version="1" timestamp="2026-07-24T12:00:00Z" changeset="1" uid="1" user="Antigravity"/>
  <node id="811" lat="43.1297443414" lon="-95.1471933846" version="1" timestamp="2026-07-24T12:00:00Z" changeset="1" uid="1" user="Antigravity"/>
  <node id="812" lat="43.1297443414" lon="-95.1474979111" version="1" timestamp="2026-07-24T12:00:00Z" changeset="1" uid="1" user="Antigravity"/>
  <node id="813" lat="43.1297443414" lon="-95.1478024375" version="1" timestamp="2026-07-24T12:00:00Z" changeset="1" uid="1" user="Antigravity"/>
  <node id="814" lat="43.1297443414" lon="-95.1481069640" version="1" timestamp="2026-07-24T12:00:00Z" changeset="1" uid="1" user="Antigravity"/>
  <node id="815" lat="43.1297443414" lon="-95.1484114905" version="1" timestamp="2026-07-24T12:00:00Z" changeset="1" uid="1" user="Antigravity"/>
  <node id="816" lat="43.1297443414" lon="-95.1487160169" version="1" timestamp="2026-07-24T12:00:00Z" changeset="1" uid="1" user="Antigravity"/>
  <node id="817" lat="43.1297443414" lon="-95.1490205434" version="1" timestamp="2026-07-24T12:00:00Z" changeset="1" uid="1" user="Antigravity"/>
  <node id="818" lat="43.1297443414" lon="-95.1493250698" version="1" timestamp="2026-07-24T12:00:00Z" changeset="1" uid="1" user="Antigravity"/>
  <node id="819" lat="43.1297443414" lon="-95.1496295963" version="1" timestamp="2026-07-24T12:00:00Z" changeset="1" uid="1" user="Antigravity"/>
  <node id="820" lat="43.1297443414" lon="-95.1499341227" version="1" timestamp="2026-07-24T12:00:00Z" changeset="1" uid="1" user="Antigravity"/>
  <node id="821" lat="43.1297443414" lon="-95.1502386492" version="1" timestamp="2026-07-24T12:00:00Z" changeset="1" uid="1" user="Antigravity"/>
  <node id="822" lat="43.1297443414" lon="-95.1505431756" version="1" timestamp="2026-07-24T12:00:00Z" changeset="1" uid="1" user="Antigravity"/>
  <node id="823" lat="43.1595388712" lon="-95.1406749766" version="1" timestamp="2026-07-24T12:00:00Z" changeset="1" uid="1" user="Antigravity"/>
  <node id="824" lat="43.1595388712" lon="-95.1403704502" version="1" timestamp="2026-07-24T12:00:00Z" changeset="1" uid="1" user="Antigravity"/>
  <node id="825" lat="43.1595388712" lon="-95.1400659237" version="1" timestamp="2026-07-24T12:00:00Z" changeset="1" uid="1" user="Antigravity"/>
  <node id="826" lat="43.1595388712" lon="-95.1397613973" version="1" timestamp="2026-07-24T12:00:00Z" changeset="1" uid="1" user="Antigravity"/>
  <node id="827" lat="43.1595388712" lon="-95.1394568708" version="1" timestamp="2026-07-24T12:00:00Z" changeset="1" uid="1" user="Antigravity"/>
  <node id="828" lat="43.1595388712" lon="-95.1391523443" version="1" timestamp="2026-07-24T12:00:00Z" changeset="1" uid="1" user="Antigravity"/>
  <node id="829" lat="43.1595388712" lon="-95.1388478179" version="1" timestamp="2026-07-24T12:00:00Z" changeset="1" uid="1" user="Antigravity"/>
  <node id="830" lat="43.1595388712" lon="-95.1385432914" version="1" timestamp="2026-07-24T12:00:00Z" changeset="1" uid="1" user="Antigravity"/>
  <node id="831" lat="43.1595388712" lon="-95.1382387650" version="1" timestamp="2026-07-24T12:00:00Z" changeset="1" uid="1" user="Antigravity"/>
  <node id="832" lat="43.1595388712" lon="-95.1379342385" version="1" timestamp="2026-07-24T12:00:00Z" changeset="1" uid="1" user="Antigravity"/>
  <node id="833" lat="43.1595388712" lon="-95.1376297121" version="1" timestamp="2026-07-24T12:00:00Z" changeset="1" uid="1" user="Antigravity"/>
  <node id="834" lat="43.1595388712" lon="-95.1373251856" version="1" timestamp="2026-07-24T12:00:00Z" changeset="1" uid="1" user="Antigravity"/>
  <node id="835" lat="43.1595388712" lon="-95.1370206592" version="1" timestamp="2026-07-24T12:00:00Z" changeset="1" uid="1" user="Antigravity"/>
  <node id="836" lat="43.1595388712" lon="-95.1367161327" version="1" timestamp="2026-07-24T12:00:00Z" changeset="1" uid="1" user="Antigravity"/>
  <node id="837" lat="43.1595388712" lon="-95.1364116063" version="1" timestamp="2026-07-24T12:00:00Z" changeset="1" uid="1" user="Antigravity"/>
  <node id="838" lat="43.1595388712" lon="-95.1361070798" version="1" timestamp="2026-07-24T12:00:00Z" changeset="1" uid="1" user="Antigravity"/>
  <node id="839" lat="43.1595388712" lon="-95.1358025534" version="1" timestamp="2026-07-24T12:00:00Z" changeset="1" uid="1" user="Antigravity"/>
  <node id="840" lat="43.1595388712" lon="-95.1354980269" version="1" timestamp="2026-07-24T12:00:00Z" changeset="1" uid="1" user="Antigravity"/>
  <node id="841" lat="43.1595388712" lon="-95.1351935004" version="1" timestamp="2026-07-24T12:00:00Z" changeset="1" uid="1" user="Antigravity"/>
  <node id="842" lat="43.1595388712" lon="-95.1348889740" version="1" timestamp="2026-07-24T12:00:00Z" changeset="1" uid="1" user="Antigravity"/>
  <node id="843" lat="43.1595388712" lon="-95.1345844475" version="1" timestamp="2026-07-24T12:00:00Z" changeset="1" uid="1" user="Antigravity"/>
  <node id="844" lat="43.1595388712" lon="-95.1342799211" version="1" timestamp="2026-07-24T12:00:00Z" changeset="1" uid="1" user="Antigravity"/>
  <node id="845" lat="43.1595388712" lon="-95.1339753946" version="1" timestamp="2026-07-24T12:00:00Z" changeset="1" uid="1" user="Antigravity"/>
  <node id="846" lat="43.1595388712" lon="-95.1336708682" version="1" timestamp="2026-07-24T12:00:00Z" changeset="1" uid="1" user="Antigravity"/>
  <node id="847" lat="43.1595388712" lon="-95.1333663417" version="1" timestamp="2026-07-24T12:00:00Z" changeset="1" uid="1" user="Antigravity"/>
  <node id="848" lat="43.1595388712" lon="-95.1330618153" version="1" timestamp="2026-07-24T12:00:00Z" changeset="1" uid="1" user="Antigravity"/>
  <node id="849" lat="43.1595388712" lon="-95.1327572888" version="1" timestamp="2026-07-24T12:00:00Z" changeset="1" uid="1" user="Antigravity"/>
  <node id="850" lat="43.1595388712" lon="-95.1324527624" version="1" timestamp="2026-07-24T12:00:00Z" changeset="1" uid="1" user="Antigravity"/>
  <node id="851" lat="43.1595388712" lon="-95.1321482359" version="1" timestamp="2026-07-24T12:00:00Z" changeset="1" uid="1" user="Antigravity"/>
  <node id="852" lat="43.1595388712" lon="-95.1318437094" version="1" timestamp="2026-07-24T12:00:00Z" changeset="1" uid="1" user="Antigravity"/>
  <node id="853" lat="43.1595388712" lon="-95.1315391830" version="1" timestamp="2026-07-24T12:00:00Z" changeset="1" uid="1" user="Antigravity"/>
  <node id="854" lat="43.1595388712" lon="-95.1312346565" version="1" timestamp="2026-07-24T12:00:00Z" changeset="1" uid="1" user="Antigravity"/>
  <node id="855" lat="43.1595388712" lon="-95.1309301301" version="1" timestamp="2026-07-24T12:00:00Z" changeset="1" uid="1" user="Antigravity"/>
  <node id="856" lat="43.1524288641" lon="-95.1309301301" version="1" timestamp="2026-07-24T12:00:00Z" changeset="1" uid="1" user="Antigravity"/>
  <node id="857" lat="43.1524288641" lon="-95.1312346565" version="1" timestamp="2026-07-24T12:00:00Z" changeset="1" uid="1" user="Antigravity"/>
  <node id="858" lat="43.1524288641" lon="-95.1315391830" version="1" timestamp="2026-07-24T12:00:00Z" changeset="1" uid="1" user="Antigravity"/>
  <node id="859" lat="43.1524288641" lon="-95.1318437094" version="1" timestamp="2026-07-24T12:00:00Z" changeset="1" uid="1" user="Antigravity"/>
  <node id="860" lat="43.1524288641" lon="-95.1321482359" version="1" timestamp="2026-07-24T12:00:00Z" changeset="1" uid="1" user="Antigravity"/>
  <node id="861" lat="43.1524288641" lon="-95.1324527624" version="1" timestamp="2026-07-24T12:00:00Z" changeset="1" uid="1" user="Antigravity"/>
  <node id="862" lat="43.1524288641" lon="-95.1327572888" version="1" timestamp="2026-07-24T12:00:00Z" changeset="1" uid="1" user="Antigravity"/>
  <node id="863" lat="43.1524288641" lon="-95.1330618153" version="1" timestamp="2026-07-24T12:00:00Z" changeset="1" uid="1" user="Antigravity"/>
  <node id="864" lat="43.1524288641" lon="-95.1333663417" version="1" timestamp="2026-07-24T12:00:00Z" changeset="1" uid="1" user="Antigravity"/>
  <node id="865" lat="43.1524288641" lon="-95.1336708682" version="1" timestamp="2026-07-24T12:00:00Z" changeset="1" uid="1" user="Antigravity"/>
  <node id="866" lat="43.1524288641" lon="-95.1339753946" version="1" timestamp="2026-07-24T12:00:00Z" changeset="1" uid="1" user="Antigravity"/>
  <node id="867" lat="43.1524288641" lon="-95.1342799211" version="1" timestamp="2026-07-24T12:00:00Z" changeset="1" uid="1" user="Antigravity"/>
  <node id="868" lat="43.1524288641" lon="-95.1345844475" version="1" timestamp="2026-07-24T12:00:00Z" changeset="1" uid="1" user="Antigravity"/>
  <node id="869" lat="43.1524288641" lon="-95.1348889740" version="1" timestamp="2026-07-24T12:00:00Z" changeset="1" uid="1" user="Antigravity"/>
  <node id="870" lat="43.1524288641" lon="-95.1351935004" version="1" timestamp="2026-07-24T12:00:00Z" changeset="1" uid="1" user="Antigravity"/>
  <node id="871" lat="43.1524288641" lon="-95.1354980269" version="1" timestamp="2026-07-24T12:00:00Z" changeset="1" uid="1" user="Antigravity"/>
  <node id="872" lat="43.1524288641" lon="-95.1358025534" version="1" timestamp="2026-07-24T12:00:00Z" changeset="1" uid="1" user="Antigravity"/>
  <node id="873" lat="43.1524288641" lon="-95.1361070798" version="1" timestamp="2026-07-24T12:00:00Z" changeset="1" uid="1" user="Antigravity"/>
  <node id="874" lat="43.1524288641" lon="-95.1364116063" version="1" timestamp="2026-07-24T12:00:00Z" changeset="1" uid="1" user="Antigravity"/>
  <node id="875" lat="43.1524288641" lon="-95.1367161327" version="1" timestamp="2026-07-24T12:00:00Z" changeset="1" uid="1" user="Antigravity"/>
  <node id="876" lat="43.1524288641" lon="-95.1370206592" version="1" timestamp="2026-07-24T12:00:00Z" changeset="1" uid="1" user="Antigravity"/>
  <node id="877" lat="43.1524288641" lon="-95.1373251856" version="1" timestamp="2026-07-24T12:00:00Z" changeset="1" uid="1" user="Antigravity"/>
  <node id="878" lat="43.1524288641" lon="-95.1376297121" version="1" timestamp="2026-07-24T12:00:00Z" changeset="1" uid="1" user="Antigravity"/>
  <node id="879" lat="43.1524288641" lon="-95.1379342385" version="1" timestamp="2026-07-24T12:00:00Z" changeset="1" uid="1" user="Antigravity"/>
  <node id="880" lat="43.1524288641" lon="-95.1382387650" version="1" timestamp="2026-07-24T12:00:00Z" changeset="1" uid="1" user="Antigravity"/>
  <node id="881" lat="43.1524288641" lon="-95.1385432914" version="1" timestamp="2026-07-24T12:00:00Z" changeset="1" uid="1" user="Antigravity"/>
  <node id="882" lat="43.1524288641" lon="-95.1388478179" version="1" timestamp="2026-07-24T12:00:00Z" changeset="1" uid="1" user="Antigravity"/>
  <node id="883" lat="43.1524288641" lon="-95.1391523443" version="1" timestamp="2026-07-24T12:00:00Z" changeset="1" uid="1" user="Antigravity"/>
  <node id="884" lat="43.1524288641" lon="-95.1394568708" version="1" timestamp="2026-07-24T12:00:00Z" changeset="1" uid="1" user="Antigravity"/>
  <node id="885" lat="43.1524288641" lon="-95.1397613973" version="1" timestamp="2026-07-24T12:00:00Z" changeset="1" uid="1" user="Antigravity"/>
  <node id="886" lat="43.1524288641" lon="-95.1400659237" version="1" timestamp="2026-07-24T12:00:00Z" changeset="1" uid="1" user="Antigravity"/>
  <node id="887" lat="43.1524288641" lon="-95.1403704502" version="1" timestamp="2026-07-24T12:00:00Z" changeset="1" uid="1" user="Antigravity"/>
  <node id="888" lat="43.1524288641" lon="-95.1406749766" version="1" timestamp="2026-07-24T12:00:00Z" changeset="1" uid="1" user="Antigravity"/>
  <node id="889" lat="43.1523388640" lon="-95.1406749766" version="1" timestamp="2026-07-24T12:00:00Z" changeset="1" uid="1" user="Antigravity"/>
  <node id="890" lat="43.1523388640" lon="-95.1367742379" version="1" timestamp="2026-07-24T12:00:00Z" changeset="1" uid="1" user="Antigravity"/>
  <node id="891" lat="43.1494928182" lon="-95.1367742379" version="1" timestamp="2026-07-24T12:00:00Z" changeset="1" uid="1" user="Antigravity"/>
  <node id="892" lat="43.1494928182" lon="-95.1406749766" version="1" timestamp="2026-07-24T12:00:00Z" changeset="1" uid="1" user="Antigravity"/>
  <node id="893" lat="43.1523388640" lon="-95.1366508854" version="1" timestamp="2026-07-24T12:00:00Z" changeset="1" uid="1" user="Antigravity"/>
  <node id="894" lat="43.1523388640" lon="-95.1364721118" version="1" timestamp="2026-07-24T12:00:00Z" changeset="1" uid="1" user="Antigravity"/>
  <node id="895" lat="43.1523388640" lon="-95.1362933382" version="1" timestamp="2026-07-24T12:00:00Z" changeset="1" uid="1" user="Antigravity"/>
  <node id="896" lat="43.1523388640" lon="-95.1361145646" version="1" timestamp="2026-07-24T12:00:00Z" changeset="1" uid="1" user="Antigravity"/>
  <node id="897" lat="43.1523388640" lon="-95.1359357910" version="1" timestamp="2026-07-24T12:00:00Z" changeset="1" uid="1" user="Antigravity"/>
  <node id="898" lat="43.1523388640" lon="-95.1357570174" version="1" timestamp="2026-07-24T12:00:00Z" changeset="1" uid="1" user="Antigravity"/>
  <node id="899" lat="43.1523388640" lon="-95.1355782438" version="1" timestamp="2026-07-24T12:00:00Z" changeset="1" uid="1" user="Antigravity"/>
  <node id="900" lat="43.1523388640" lon="-95.1353994702" version="1" timestamp="2026-07-24T12:00:00Z" changeset="1" uid="1" user="Antigravity"/>
  <node id="901" lat="43.1523388640" lon="-95.1352206966" version="1" timestamp="2026-07-24T12:00:00Z" changeset="1" uid="1" user="Antigravity"/>
  <node id="902" lat="43.1523388640" lon="-95.1350419230" version="1" timestamp="2026-07-24T12:00:00Z" changeset="1" uid="1" user="Antigravity"/>
  <node id="903" lat="43.1523388640" lon="-95.1348631494" version="1" timestamp="2026-07-24T12:00:00Z" changeset="1" uid="1" user="Antigravity"/>
  <node id="904" lat="43.1523388640" lon="-95.1346843758" version="1" timestamp="2026-07-24T12:00:00Z" changeset="1" uid="1" user="Antigravity"/>
  <node id="905" lat="43.1523388640" lon="-95.1345056022" version="1" timestamp="2026-07-24T12:00:00Z" changeset="1" uid="1" user="Antigravity"/>
  <node id="906" lat="43.1523388640" lon="-95.1343268286" version="1" timestamp="2026-07-24T12:00:00Z" changeset="1" uid="1" user="Antigravity"/>
  <node id="907" lat="43.1523388640" lon="-95.1341480550" version="1" timestamp="2026-07-24T12:00:00Z" changeset="1" uid="1" user="Antigravity"/>
  <node id="908" lat="43.1523388640" lon="-95.1339692814" version="1" timestamp="2026-07-24T12:00:00Z" changeset="1" uid="1" user="Antigravity"/>
  <node id="909" lat="43.1523388640" lon="-95.1337905078" version="1" timestamp="2026-07-24T12:00:00Z" changeset="1" uid="1" user="Antigravity"/>
  <node id="910" lat="43.1523388640" lon="-95.1336117341" version="1" timestamp="2026-07-24T12:00:00Z" changeset="1" uid="1" user="Antigravity"/>
  <node id="911" lat="43.1523388640" lon="-95.1334329605" version="1" timestamp="2026-07-24T12:00:00Z" changeset="1" uid="1" user="Antigravity"/>
  <node id="912" lat="43.1523388640" lon="-95.1332541869" version="1" timestamp="2026-07-24T12:00:00Z" changeset="1" uid="1" user="Antigravity"/>
  <node id="913" lat="43.1523388640" lon="-95.1330754133" version="1" timestamp="2026-07-24T12:00:00Z" changeset="1" uid="1" user="Antigravity"/>
  <node id="914" lat="43.1523388640" lon="-95.1328966397" version="1" timestamp="2026-07-24T12:00:00Z" changeset="1" uid="1" user="Antigravity"/>
  <node id="915" lat="43.1523388640" lon="-95.1327178661" version="1" timestamp="2026-07-24T12:00:00Z" changeset="1" uid="1" user="Antigravity"/>
  <node id="916" lat="43.1523388640" lon="-95.1325390925" version="1" timestamp="2026-07-24T12:00:00Z" changeset="1" uid="1" user="Antigravity"/>
  <node id="917" lat="43.1523388640" lon="-95.1323603189" version="1" timestamp="2026-07-24T12:00:00Z" changeset="1" uid="1" user="Antigravity"/>
  <node id="918" lat="43.1523388640" lon="-95.1321815453" version="1" timestamp="2026-07-24T12:00:00Z" changeset="1" uid="1" user="Antigravity"/>
  <node id="919" lat="43.1523388640" lon="-95.1320027717" version="1" timestamp="2026-07-24T12:00:00Z" changeset="1" uid="1" user="Antigravity"/>
  <node id="920" lat="43.1523388640" lon="-95.1318239981" version="1" timestamp="2026-07-24T12:00:00Z" changeset="1" uid="1" user="Antigravity"/>
  <node id="921" lat="43.1523388640" lon="-95.1316452245" version="1" timestamp="2026-07-24T12:00:00Z" changeset="1" uid="1" user="Antigravity"/>
  <node id="922" lat="43.1523388640" lon="-95.1314664509" version="1" timestamp="2026-07-24T12:00:00Z" changeset="1" uid="1" user="Antigravity"/>
  <node id="923" lat="43.1523388640" lon="-95.1312876773" version="1" timestamp="2026-07-24T12:00:00Z" changeset="1" uid="1" user="Antigravity"/>
  <node id="924" lat="43.1523388640" lon="-95.1311089037" version="1" timestamp="2026-07-24T12:00:00Z" changeset="1" uid="1" user="Antigravity"/>
  <node id="925" lat="43.1523388640" lon="-95.1309301301" version="1" timestamp="2026-07-24T12:00:00Z" changeset="1" uid="1" user="Antigravity"/>
  <node id="926" lat="43.1494928182" lon="-95.1309301301" version="1" timestamp="2026-07-24T12:00:00Z" changeset="1" uid="1" user="Antigravity"/>
  <node id="927" lat="43.1494928182" lon="-95.1311089037" version="1" timestamp="2026-07-24T12:00:00Z" changeset="1" uid="1" user="Antigravity"/>
  <node id="928" lat="43.1494928182" lon="-95.1312876773" version="1" timestamp="2026-07-24T12:00:00Z" changeset="1" uid="1" user="Antigravity"/>
  <node id="929" lat="43.1494928182" lon="-95.1314664509" version="1" timestamp="2026-07-24T12:00:00Z" changeset="1" uid="1" user="Antigravity"/>
  <node id="930" lat="43.1494928182" lon="-95.1316452245" version="1" timestamp="2026-07-24T12:00:00Z" changeset="1" uid="1" user="Antigravity"/>
  <node id="931" lat="43.1494928182" lon="-95.1318239981" version="1" timestamp="2026-07-24T12:00:00Z" changeset="1" uid="1" user="Antigravity"/>
  <node id="932" lat="43.1494928182" lon="-95.1320027717" version="1" timestamp="2026-07-24T12:00:00Z" changeset="1" uid="1" user="Antigravity"/>
  <node id="933" lat="43.1494928182" lon="-95.1321815453" version="1" timestamp="2026-07-24T12:00:00Z" changeset="1" uid="1" user="Antigravity"/>
  <node id="934" lat="43.1494928182" lon="-95.1323603189" version="1" timestamp="2026-07-24T12:00:00Z" changeset="1" uid="1" user="Antigravity"/>
  <node id="935" lat="43.1494928182" lon="-95.1325390925" version="1" timestamp="2026-07-24T12:00:00Z" changeset="1" uid="1" user="Antigravity"/>
  <node id="936" lat="43.1494928182" lon="-95.1327178661" version="1" timestamp="2026-07-24T12:00:00Z" changeset="1" uid="1" user="Antigravity"/>
  <node id="937" lat="43.1494928182" lon="-95.1328966397" version="1" timestamp="2026-07-24T12:00:00Z" changeset="1" uid="1" user="Antigravity"/>
  <node id="938" lat="43.1494928182" lon="-95.1330754133" version="1" timestamp="2026-07-24T12:00:00Z" changeset="1" uid="1" user="Antigravity"/>
  <node id="939" lat="43.1494928182" lon="-95.1332541869" version="1" timestamp="2026-07-24T12:00:00Z" changeset="1" uid="1" user="Antigravity"/>
  <node id="940" lat="43.1494928182" lon="-95.1334329605" version="1" timestamp="2026-07-24T12:00:00Z" changeset="1" uid="1" user="Antigravity"/>
  <node id="941" lat="43.1494928182" lon="-95.1336117341" version="1" timestamp="2026-07-24T12:00:00Z" changeset="1" uid="1" user="Antigravity"/>
  <node id="942" lat="43.1494928182" lon="-95.1337905078" version="1" timestamp="2026-07-24T12:00:00Z" changeset="1" uid="1" user="Antigravity"/>
  <node id="943" lat="43.1494928182" lon="-95.1339692814" version="1" timestamp="2026-07-24T12:00:00Z" changeset="1" uid="1" user="Antigravity"/>
  <node id="944" lat="43.1494928182" lon="-95.1341480550" version="1" timestamp="2026-07-24T12:00:00Z" changeset="1" uid="1" user="Antigravity"/>
  <node id="945" lat="43.1494928182" lon="-95.1343268286" version="1" timestamp="2026-07-24T12:00:00Z" changeset="1" uid="1" user="Antigravity"/>
  <node id="946" lat="43.1494928182" lon="-95.1345056022" version="1" timestamp="2026-07-24T12:00:00Z" changeset="1" uid="1" user="Antigravity"/>
  <node id="947" lat="43.1494928182" lon="-95.1346843758" version="1" timestamp="2026-07-24T12:00:00Z" changeset="1" uid="1" user="Antigravity"/>
  <node id="948" lat="43.1494928182" lon="-95.1348631494" version="1" timestamp="2026-07-24T12:00:00Z" changeset="1" uid="1" user="Antigravity"/>
  <node id="949" lat="43.1494928182" lon="-95.1350419230" version="1" timestamp="2026-07-24T12:00:00Z" changeset="1" uid="1" user="Antigravity"/>
  <node id="950" lat="43.1494928182" lon="-95.1352206966" version="1" timestamp="2026-07-24T12:00:00Z" changeset="1" uid="1" user="Antigravity"/>
  <node id="951" lat="43.1494928182" lon="-95.1353994702" version="1" timestamp="2026-07-24T12:00:00Z" changeset="1" uid="1" user="Antigravity"/>
  <node id="952" lat="43.1494928182" lon="-95.1355782438" version="1" timestamp="2026-07-24T12:00:00Z" changeset="1" uid="1" user="Antigravity"/>
  <node id="953" lat="43.1494928182" lon="-95.1357570174" version="1" timestamp="2026-07-24T12:00:00Z" changeset="1" uid="1" user="Antigravity"/>
  <node id="954" lat="43.1494928182" lon="-95.1359357910" version="1" timestamp="2026-07-24T12:00:00Z" changeset="1" uid="1" user="Antigravity"/>
  <node id="955" lat="43.1494928182" lon="-95.1361145646" version="1" timestamp="2026-07-24T12:00:00Z" changeset="1" uid="1" user="Antigravity"/>
  <node id="956" lat="43.1494928182" lon="-95.1362933382" version="1" timestamp="2026-07-24T12:00:00Z" changeset="1" uid="1" user="Antigravity"/>
  <node id="957" lat="43.1494928182" lon="-95.1364721118" version="1" timestamp="2026-07-24T12:00:00Z" changeset="1" uid="1" user="Antigravity"/>
  <node id="958" lat="43.1494928182" lon="-95.1366508854" version="1" timestamp="2026-07-24T12:00:00Z" changeset="1" uid="1" user="Antigravity"/>
  <node id="959" lat="43.1494028181" lon="-95.1406749766" version="1" timestamp="2026-07-24T12:00:00Z" changeset="1" uid="1" user="Antigravity"/>
  <node id="960" lat="43.1494028181" lon="-95.1403704502" version="1" timestamp="2026-07-24T12:00:00Z" changeset="1" uid="1" user="Antigravity"/>
  <node id="961" lat="43.1494028181" lon="-95.1400659237" version="1" timestamp="2026-07-24T12:00:00Z" changeset="1" uid="1" user="Antigravity"/>
  <node id="962" lat="43.1494028181" lon="-95.1397613973" version="1" timestamp="2026-07-24T12:00:00Z" changeset="1" uid="1" user="Antigravity"/>
  <node id="963" lat="43.1494028181" lon="-95.1394568708" version="1" timestamp="2026-07-24T12:00:00Z" changeset="1" uid="1" user="Antigravity"/>
  <node id="964" lat="43.1494028181" lon="-95.1391523443" version="1" timestamp="2026-07-24T12:00:00Z" changeset="1" uid="1" user="Antigravity"/>
  <node id="965" lat="43.1494028181" lon="-95.1388478179" version="1" timestamp="2026-07-24T12:00:00Z" changeset="1" uid="1" user="Antigravity"/>
  <node id="966" lat="43.1494028181" lon="-95.1385432914" version="1" timestamp="2026-07-24T12:00:00Z" changeset="1" uid="1" user="Antigravity"/>
  <node id="967" lat="43.1494028181" lon="-95.1382387650" version="1" timestamp="2026-07-24T12:00:00Z" changeset="1" uid="1" user="Antigravity"/>
  <node id="968" lat="43.1494028181" lon="-95.1379342385" version="1" timestamp="2026-07-24T12:00:00Z" changeset="1" uid="1" user="Antigravity"/>
  <node id="969" lat="43.1494028181" lon="-95.1376297121" version="1" timestamp="2026-07-24T12:00:00Z" changeset="1" uid="1" user="Antigravity"/>
  <node id="970" lat="43.1494028181" lon="-95.1373251856" version="1" timestamp="2026-07-24T12:00:00Z" changeset="1" uid="1" user="Antigravity"/>
  <node id="971" lat="43.1494028181" lon="-95.1370206592" version="1" timestamp="2026-07-24T12:00:00Z" changeset="1" uid="1" user="Antigravity"/>
  <node id="972" lat="43.1494028181" lon="-95.1367161327" version="1" timestamp="2026-07-24T12:00:00Z" changeset="1" uid="1" user="Antigravity"/>
  <node id="973" lat="43.1494028181" lon="-95.1364116063" version="1" timestamp="2026-07-24T12:00:00Z" changeset="1" uid="1" user="Antigravity"/>
  <node id="974" lat="43.1494028181" lon="-95.1361070798" version="1" timestamp="2026-07-24T12:00:00Z" changeset="1" uid="1" user="Antigravity"/>
  <node id="975" lat="43.1494028181" lon="-95.1358025534" version="1" timestamp="2026-07-24T12:00:00Z" changeset="1" uid="1" user="Antigravity"/>
  <node id="976" lat="43.1494028181" lon="-95.1354980269" version="1" timestamp="2026-07-24T12:00:00Z" changeset="1" uid="1" user="Antigravity"/>
  <node id="977" lat="43.1494028181" lon="-95.1351935004" version="1" timestamp="2026-07-24T12:00:00Z" changeset="1" uid="1" user="Antigravity"/>
  <node id="978" lat="43.1494028181" lon="-95.1348889740" version="1" timestamp="2026-07-24T12:00:00Z" changeset="1" uid="1" user="Antigravity"/>
  <node id="979" lat="43.1494028181" lon="-95.1345844475" version="1" timestamp="2026-07-24T12:00:00Z" changeset="1" uid="1" user="Antigravity"/>
  <node id="980" lat="43.1494028181" lon="-95.1342799211" version="1" timestamp="2026-07-24T12:00:00Z" changeset="1" uid="1" user="Antigravity"/>
  <node id="981" lat="43.1494028181" lon="-95.1339753946" version="1" timestamp="2026-07-24T12:00:00Z" changeset="1" uid="1" user="Antigravity"/>
  <node id="982" lat="43.1494028181" lon="-95.1336708682" version="1" timestamp="2026-07-24T12:00:00Z" changeset="1" uid="1" user="Antigravity"/>
  <node id="983" lat="43.1494028181" lon="-95.1333663417" version="1" timestamp="2026-07-24T12:00:00Z" changeset="1" uid="1" user="Antigravity"/>
  <node id="984" lat="43.1494028181" lon="-95.1330618153" version="1" timestamp="2026-07-24T12:00:00Z" changeset="1" uid="1" user="Antigravity"/>
  <node id="985" lat="43.1494028181" lon="-95.1327572888" version="1" timestamp="2026-07-24T12:00:00Z" changeset="1" uid="1" user="Antigravity"/>
  <node id="986" lat="43.1494028181" lon="-95.1324527624" version="1" timestamp="2026-07-24T12:00:00Z" changeset="1" uid="1" user="Antigravity"/>
  <node id="987" lat="43.1494028181" lon="-95.1321482359" version="1" timestamp="2026-07-24T12:00:00Z" changeset="1" uid="1" user="Antigravity"/>
  <node id="988" lat="43.1494028181" lon="-95.1318437094" version="1" timestamp="2026-07-24T12:00:00Z" changeset="1" uid="1" user="Antigravity"/>
  <node id="989" lat="43.1494028181" lon="-95.1315391830" version="1" timestamp="2026-07-24T12:00:00Z" changeset="1" uid="1" user="Antigravity"/>
  <node id="990" lat="43.1494028181" lon="-95.1312346565" version="1" timestamp="2026-07-24T12:00:00Z" changeset="1" uid="1" user="Antigravity"/>
  <node id="991" lat="43.1494028181" lon="-95.1309301301" version="1" timestamp="2026-07-24T12:00:00Z" changeset="1" uid="1" user="Antigravity"/>
  <node id="992" lat="43.1452288569" lon="-95.1309301301" version="1" timestamp="2026-07-24T12:00:00Z" changeset="1" uid="1" user="Antigravity"/>
  <node id="993" lat="43.1452288569" lon="-95.1312346565" version="1" timestamp="2026-07-24T12:00:00Z" changeset="1" uid="1" user="Antigravity"/>
  <node id="994" lat="43.1452288569" lon="-95.1315391830" version="1" timestamp="2026-07-24T12:00:00Z" changeset="1" uid="1" user="Antigravity"/>
  <node id="995" lat="43.1452288569" lon="-95.1318437094" version="1" timestamp="2026-07-24T12:00:00Z" changeset="1" uid="1" user="Antigravity"/>
  <node id="996" lat="43.1452288569" lon="-95.1321482359" version="1" timestamp="2026-07-24T12:00:00Z" changeset="1" uid="1" user="Antigravity"/>
  <node id="997" lat="43.1452288569" lon="-95.1324527624" version="1" timestamp="2026-07-24T12:00:00Z" changeset="1" uid="1" user="Antigravity"/>
  <node id="998" lat="43.1452288569" lon="-95.1327572888" version="1" timestamp="2026-07-24T12:00:00Z" changeset="1" uid="1" user="Antigravity"/>
  <node id="999" lat="43.1452288569" lon="-95.1330618153" version="1" timestamp="2026-07-24T12:00:00Z" changeset="1" uid="1" user="Antigravity"/>
  <node id="1000" lat="43.1452288569" lon="-95.1333663417" version="1" timestamp="2026-07-24T12:00:00Z" changeset="1" uid="1" user="Antigravity"/>
  <node id="1001" lat="43.1452288569" lon="-95.1336708682" version="1" timestamp="2026-07-24T12:00:00Z" changeset="1" uid="1" user="Antigravity"/>
  <node id="1002" lat="43.1452288569" lon="-95.1339753946" version="1" timestamp="2026-07-24T12:00:00Z" changeset="1" uid="1" user="Antigravity"/>
  <node id="1003" lat="43.1452288569" lon="-95.1342799211" version="1" timestamp="2026-07-24T12:00:00Z" changeset="1" uid="1" user="Antigravity"/>
  <node id="1004" lat="43.1452288569" lon="-95.1345844475" version="1" timestamp="2026-07-24T12:00:00Z" changeset="1" uid="1" user="Antigravity"/>
  <node id="1005" lat="43.1452288569" lon="-95.1348889740" version="1" timestamp="2026-07-24T12:00:00Z" changeset="1" uid="1" user="Antigravity"/>
  <node id="1006" lat="43.1452288569" lon="-95.1351935004" version="1" timestamp="2026-07-24T12:00:00Z" changeset="1" uid="1" user="Antigravity"/>
  <node id="1007" lat="43.1452288569" lon="-95.1354980269" version="1" timestamp="2026-07-24T12:00:00Z" changeset="1" uid="1" user="Antigravity"/>
  <node id="1008" lat="43.1452288569" lon="-95.1358025534" version="1" timestamp="2026-07-24T12:00:00Z" changeset="1" uid="1" user="Antigravity"/>
  <node id="1009" lat="43.1452288569" lon="-95.1361070798" version="1" timestamp="2026-07-24T12:00:00Z" changeset="1" uid="1" user="Antigravity"/>
  <node id="1010" lat="43.1452288569" lon="-95.1364116063" version="1" timestamp="2026-07-24T12:00:00Z" changeset="1" uid="1" user="Antigravity"/>
  <node id="1011" lat="43.1452288569" lon="-95.1367161327" version="1" timestamp="2026-07-24T12:00:00Z" changeset="1" uid="1" user="Antigravity"/>
  <node id="1012" lat="43.1452288569" lon="-95.1370206592" version="1" timestamp="2026-07-24T12:00:00Z" changeset="1" uid="1" user="Antigravity"/>
  <node id="1013" lat="43.1452288569" lon="-95.1373251856" version="1" timestamp="2026-07-24T12:00:00Z" changeset="1" uid="1" user="Antigravity"/>
  <node id="1014" lat="43.1452288569" lon="-95.1376297121" version="1" timestamp="2026-07-24T12:00:00Z" changeset="1" uid="1" user="Antigravity"/>
  <node id="1015" lat="43.1452288569" lon="-95.1379342385" version="1" timestamp="2026-07-24T12:00:00Z" changeset="1" uid="1" user="Antigravity"/>
  <node id="1016" lat="43.1452288569" lon="-95.1382387650" version="1" timestamp="2026-07-24T12:00:00Z" changeset="1" uid="1" user="Antigravity"/>
  <node id="1017" lat="43.1452288569" lon="-95.1385432914" version="1" timestamp="2026-07-24T12:00:00Z" changeset="1" uid="1" user="Antigravity"/>
  <node id="1018" lat="43.1452288569" lon="-95.1388478179" version="1" timestamp="2026-07-24T12:00:00Z" changeset="1" uid="1" user="Antigravity"/>
  <node id="1019" lat="43.1452288569" lon="-95.1391523443" version="1" timestamp="2026-07-24T12:00:00Z" changeset="1" uid="1" user="Antigravity"/>
  <node id="1020" lat="43.1452288569" lon="-95.1394568708" version="1" timestamp="2026-07-24T12:00:00Z" changeset="1" uid="1" user="Antigravity"/>
  <node id="1021" lat="43.1452288569" lon="-95.1397613973" version="1" timestamp="2026-07-24T12:00:00Z" changeset="1" uid="1" user="Antigravity"/>
  <node id="1022" lat="43.1452288569" lon="-95.1400659237" version="1" timestamp="2026-07-24T12:00:00Z" changeset="1" uid="1" user="Antigravity"/>
  <node id="1023" lat="43.1452288569" lon="-95.1403704502" version="1" timestamp="2026-07-24T12:00:00Z" changeset="1" uid="1" user="Antigravity"/>
  <node id="1024" lat="43.1452288569" lon="-95.1406749766" version="1" timestamp="2026-07-24T12:00:00Z" changeset="1" uid="1" user="Antigravity"/>
  <node id="1025" lat="43.1451388568" lon="-95.1406749766" version="1" timestamp="2026-07-24T12:00:00Z" changeset="1" uid="1" user="Antigravity"/>
  <node id="1026" lat="43.1451388568" lon="-95.1367742379" version="1" timestamp="2026-07-24T12:00:00Z" changeset="1" uid="1" user="Antigravity"/>
  <node id="1027" lat="43.1422928110" lon="-95.1367742379" version="1" timestamp="2026-07-24T12:00:00Z" changeset="1" uid="1" user="Antigravity"/>
  <node id="1028" lat="43.1422928110" lon="-95.1406749766" version="1" timestamp="2026-07-24T12:00:00Z" changeset="1" uid="1" user="Antigravity"/>
  <node id="1029" lat="43.1451388568" lon="-95.1366508854" version="1" timestamp="2026-07-24T12:00:00Z" changeset="1" uid="1" user="Antigravity"/>
  <node id="1030" lat="43.1451388568" lon="-95.1364721118" version="1" timestamp="2026-07-24T12:00:00Z" changeset="1" uid="1" user="Antigravity"/>
  <node id="1031" lat="43.1451388568" lon="-95.1362933382" version="1" timestamp="2026-07-24T12:00:00Z" changeset="1" uid="1" user="Antigravity"/>
  <node id="1032" lat="43.1451388568" lon="-95.1361145646" version="1" timestamp="2026-07-24T12:00:00Z" changeset="1" uid="1" user="Antigravity"/>
  <node id="1033" lat="43.1451388568" lon="-95.1359357910" version="1" timestamp="2026-07-24T12:00:00Z" changeset="1" uid="1" user="Antigravity"/>
  <node id="1034" lat="43.1451388568" lon="-95.1357570174" version="1" timestamp="2026-07-24T12:00:00Z" changeset="1" uid="1" user="Antigravity"/>
  <node id="1035" lat="43.1451388568" lon="-95.1355782438" version="1" timestamp="2026-07-24T12:00:00Z" changeset="1" uid="1" user="Antigravity"/>
  <node id="1036" lat="43.1451388568" lon="-95.1353994702" version="1" timestamp="2026-07-24T12:00:00Z" changeset="1" uid="1" user="Antigravity"/>
  <node id="1037" lat="43.1451388568" lon="-95.1352206966" version="1" timestamp="2026-07-24T12:00:00Z" changeset="1" uid="1" user="Antigravity"/>
  <node id="1038" lat="43.1451388568" lon="-95.1350419230" version="1" timestamp="2026-07-24T12:00:00Z" changeset="1" uid="1" user="Antigravity"/>
  <node id="1039" lat="43.1451388568" lon="-95.1348631494" version="1" timestamp="2026-07-24T12:00:00Z" changeset="1" uid="1" user="Antigravity"/>
  <node id="1040" lat="43.1451388568" lon="-95.1346843758" version="1" timestamp="2026-07-24T12:00:00Z" changeset="1" uid="1" user="Antigravity"/>
  <node id="1041" lat="43.1451388568" lon="-95.1345056022" version="1" timestamp="2026-07-24T12:00:00Z" changeset="1" uid="1" user="Antigravity"/>
  <node id="1042" lat="43.1451388568" lon="-95.1343268286" version="1" timestamp="2026-07-24T12:00:00Z" changeset="1" uid="1" user="Antigravity"/>
  <node id="1043" lat="43.1451388568" lon="-95.1341480550" version="1" timestamp="2026-07-24T12:00:00Z" changeset="1" uid="1" user="Antigravity"/>
  <node id="1044" lat="43.1451388568" lon="-95.1339692814" version="1" timestamp="2026-07-24T12:00:00Z" changeset="1" uid="1" user="Antigravity"/>
  <node id="1045" lat="43.1451388568" lon="-95.1337905078" version="1" timestamp="2026-07-24T12:00:00Z" changeset="1" uid="1" user="Antigravity"/>
  <node id="1046" lat="43.1451388568" lon="-95.1336117341" version="1" timestamp="2026-07-24T12:00:00Z" changeset="1" uid="1" user="Antigravity"/>
  <node id="1047" lat="43.1451388568" lon="-95.1334329605" version="1" timestamp="2026-07-24T12:00:00Z" changeset="1" uid="1" user="Antigravity"/>
  <node id="1048" lat="43.1451388568" lon="-95.1332541869" version="1" timestamp="2026-07-24T12:00:00Z" changeset="1" uid="1" user="Antigravity"/>
  <node id="1049" lat="43.1451388568" lon="-95.1330754133" version="1" timestamp="2026-07-24T12:00:00Z" changeset="1" uid="1" user="Antigravity"/>
  <node id="1050" lat="43.1451388568" lon="-95.1328966397" version="1" timestamp="2026-07-24T12:00:00Z" changeset="1" uid="1" user="Antigravity"/>
  <node id="1051" lat="43.1451388568" lon="-95.1327178661" version="1" timestamp="2026-07-24T12:00:00Z" changeset="1" uid="1" user="Antigravity"/>
  <node id="1052" lat="43.1451388568" lon="-95.1325390925" version="1" timestamp="2026-07-24T12:00:00Z" changeset="1" uid="1" user="Antigravity"/>
  <node id="1053" lat="43.1451388568" lon="-95.1323603189" version="1" timestamp="2026-07-24T12:00:00Z" changeset="1" uid="1" user="Antigravity"/>
  <node id="1054" lat="43.1451388568" lon="-95.1321815453" version="1" timestamp="2026-07-24T12:00:00Z" changeset="1" uid="1" user="Antigravity"/>
  <node id="1055" lat="43.1451388568" lon="-95.1320027717" version="1" timestamp="2026-07-24T12:00:00Z" changeset="1" uid="1" user="Antigravity"/>
  <node id="1056" lat="43.1451388568" lon="-95.1318239981" version="1" timestamp="2026-07-24T12:00:00Z" changeset="1" uid="1" user="Antigravity"/>
  <node id="1057" lat="43.1451388568" lon="-95.1316452245" version="1" timestamp="2026-07-24T12:00:00Z" changeset="1" uid="1" user="Antigravity"/>
  <node id="1058" lat="43.1451388568" lon="-95.1314664509" version="1" timestamp="2026-07-24T12:00:00Z" changeset="1" uid="1" user="Antigravity"/>
  <node id="1059" lat="43.1451388568" lon="-95.1312876773" version="1" timestamp="2026-07-24T12:00:00Z" changeset="1" uid="1" user="Antigravity"/>
  <node id="1060" lat="43.1451388568" lon="-95.1311089037" version="1" timestamp="2026-07-24T12:00:00Z" changeset="1" uid="1" user="Antigravity"/>
  <node id="1061" lat="43.1451388568" lon="-95.1309301301" version="1" timestamp="2026-07-24T12:00:00Z" changeset="1" uid="1" user="Antigravity"/>
  <node id="1062" lat="43.1422928110" lon="-95.1309301301" version="1" timestamp="2026-07-24T12:00:00Z" changeset="1" uid="1" user="Antigravity"/>
  <node id="1063" lat="43.1422928110" lon="-95.1311089037" version="1" timestamp="2026-07-24T12:00:00Z" changeset="1" uid="1" user="Antigravity"/>
  <node id="1064" lat="43.1422928110" lon="-95.1312876773" version="1" timestamp="2026-07-24T12:00:00Z" changeset="1" uid="1" user="Antigravity"/>
  <node id="1065" lat="43.1422928110" lon="-95.1314664509" version="1" timestamp="2026-07-24T12:00:00Z" changeset="1" uid="1" user="Antigravity"/>
  <node id="1066" lat="43.1422928110" lon="-95.1316452245" version="1" timestamp="2026-07-24T12:00:00Z" changeset="1" uid="1" user="Antigravity"/>
  <node id="1067" lat="43.1422928110" lon="-95.1318239981" version="1" timestamp="2026-07-24T12:00:00Z" changeset="1" uid="1" user="Antigravity"/>
  <node id="1068" lat="43.1422928110" lon="-95.1320027717" version="1" timestamp="2026-07-24T12:00:00Z" changeset="1" uid="1" user="Antigravity"/>
  <node id="1069" lat="43.1422928110" lon="-95.1321815453" version="1" timestamp="2026-07-24T12:00:00Z" changeset="1" uid="1" user="Antigravity"/>
  <node id="1070" lat="43.1422928110" lon="-95.1323603189" version="1" timestamp="2026-07-24T12:00:00Z" changeset="1" uid="1" user="Antigravity"/>
  <node id="1071" lat="43.1422928110" lon="-95.1325390925" version="1" timestamp="2026-07-24T12:00:00Z" changeset="1" uid="1" user="Antigravity"/>
  <node id="1072" lat="43.1422928110" lon="-95.1327178661" version="1" timestamp="2026-07-24T12:00:00Z" changeset="1" uid="1" user="Antigravity"/>
  <node id="1073" lat="43.1422928110" lon="-95.1328966397" version="1" timestamp="2026-07-24T12:00:00Z" changeset="1" uid="1" user="Antigravity"/>
  <node id="1074" lat="43.1422928110" lon="-95.1330754133" version="1" timestamp="2026-07-24T12:00:00Z" changeset="1" uid="1" user="Antigravity"/>
  <node id="1075" lat="43.1422928110" lon="-95.1332541869" version="1" timestamp="2026-07-24T12:00:00Z" changeset="1" uid="1" user="Antigravity"/>
  <node id="1076" lat="43.1422928110" lon="-95.1334329605" version="1" timestamp="2026-07-24T12:00:00Z" changeset="1" uid="1" user="Antigravity"/>
  <node id="1077" lat="43.1422928110" lon="-95.1336117341" version="1" timestamp="2026-07-24T12:00:00Z" changeset="1" uid="1" user="Antigravity"/>
  <node id="1078" lat="43.1422928110" lon="-95.1337905078" version="1" timestamp="2026-07-24T12:00:00Z" changeset="1" uid="1" user="Antigravity"/>
  <node id="1079" lat="43.1422928110" lon="-95.1339692814" version="1" timestamp="2026-07-24T12:00:00Z" changeset="1" uid="1" user="Antigravity"/>
  <node id="1080" lat="43.1422928110" lon="-95.1341480550" version="1" timestamp="2026-07-24T12:00:00Z" changeset="1" uid="1" user="Antigravity"/>
  <node id="1081" lat="43.1422928110" lon="-95.1343268286" version="1" timestamp="2026-07-24T12:00:00Z" changeset="1" uid="1" user="Antigravity"/>
  <node id="1082" lat="43.1422928110" lon="-95.1345056022" version="1" timestamp="2026-07-24T12:00:00Z" changeset="1" uid="1" user="Antigravity"/>
  <node id="1083" lat="43.1422928110" lon="-95.1346843758" version="1" timestamp="2026-07-24T12:00:00Z" changeset="1" uid="1" user="Antigravity"/>
  <node id="1084" lat="43.1422928110" lon="-95.1348631494" version="1" timestamp="2026-07-24T12:00:00Z" changeset="1" uid="1" user="Antigravity"/>
  <node id="1085" lat="43.1422928110" lon="-95.1350419230" version="1" timestamp="2026-07-24T12:00:00Z" changeset="1" uid="1" user="Antigravity"/>
  <node id="1086" lat="43.1422928110" lon="-95.1352206966" version="1" timestamp="2026-07-24T12:00:00Z" changeset="1" uid="1" user="Antigravity"/>
  <node id="1087" lat="43.1422928110" lon="-95.1353994702" version="1" timestamp="2026-07-24T12:00:00Z" changeset="1" uid="1" user="Antigravity"/>
  <node id="1088" lat="43.1422928110" lon="-95.1355782438" version="1" timestamp="2026-07-24T12:00:00Z" changeset="1" uid="1" user="Antigravity"/>
  <node id="1089" lat="43.1422928110" lon="-95.1357570174" version="1" timestamp="2026-07-24T12:00:00Z" changeset="1" uid="1" user="Antigravity"/>
  <node id="1090" lat="43.1422928110" lon="-95.1359357910" version="1" timestamp="2026-07-24T12:00:00Z" changeset="1" uid="1" user="Antigravity"/>
  <node id="1091" lat="43.1422928110" lon="-95.1361145646" version="1" timestamp="2026-07-24T12:00:00Z" changeset="1" uid="1" user="Antigravity"/>
  <node id="1092" lat="43.1422928110" lon="-95.1362933382" version="1" timestamp="2026-07-24T12:00:00Z" changeset="1" uid="1" user="Antigravity"/>
  <node id="1093" lat="43.1422928110" lon="-95.1364721118" version="1" timestamp="2026-07-24T12:00:00Z" changeset="1" uid="1" user="Antigravity"/>
  <node id="1094" lat="43.1422928110" lon="-95.1366508854" version="1" timestamp="2026-07-24T12:00:00Z" changeset="1" uid="1" user="Antigravity"/>
  <node id="1095" lat="43.1422028109" lon="-95.1406749766" version="1" timestamp="2026-07-24T12:00:00Z" changeset="1" uid="1" user="Antigravity"/>
  <node id="1096" lat="43.1422028109" lon="-95.1403704502" version="1" timestamp="2026-07-24T12:00:00Z" changeset="1" uid="1" user="Antigravity"/>
  <node id="1097" lat="43.1422028109" lon="-95.1400659237" version="1" timestamp="2026-07-24T12:00:00Z" changeset="1" uid="1" user="Antigravity"/>
  <node id="1098" lat="43.1422028109" lon="-95.1397613973" version="1" timestamp="2026-07-24T12:00:00Z" changeset="1" uid="1" user="Antigravity"/>
  <node id="1099" lat="43.1422028109" lon="-95.1394568708" version="1" timestamp="2026-07-24T12:00:00Z" changeset="1" uid="1" user="Antigravity"/>
  <node id="1100" lat="43.1422028109" lon="-95.1391523443" version="1" timestamp="2026-07-24T12:00:00Z" changeset="1" uid="1" user="Antigravity"/>
  <node id="1101" lat="43.1422028109" lon="-95.1388478179" version="1" timestamp="2026-07-24T12:00:00Z" changeset="1" uid="1" user="Antigravity"/>
  <node id="1102" lat="43.1422028109" lon="-95.1385432914" version="1" timestamp="2026-07-24T12:00:00Z" changeset="1" uid="1" user="Antigravity"/>
  <node id="1103" lat="43.1422028109" lon="-95.1382387650" version="1" timestamp="2026-07-24T12:00:00Z" changeset="1" uid="1" user="Antigravity"/>
  <node id="1104" lat="43.1422028109" lon="-95.1379342385" version="1" timestamp="2026-07-24T12:00:00Z" changeset="1" uid="1" user="Antigravity"/>
  <node id="1105" lat="43.1422028109" lon="-95.1376297121" version="1" timestamp="2026-07-24T12:00:00Z" changeset="1" uid="1" user="Antigravity"/>
  <node id="1106" lat="43.1422028109" lon="-95.1373251856" version="1" timestamp="2026-07-24T12:00:00Z" changeset="1" uid="1" user="Antigravity"/>
  <node id="1107" lat="43.1422028109" lon="-95.1370206592" version="1" timestamp="2026-07-24T12:00:00Z" changeset="1" uid="1" user="Antigravity"/>
  <node id="1108" lat="43.1422028109" lon="-95.1367161327" version="1" timestamp="2026-07-24T12:00:00Z" changeset="1" uid="1" user="Antigravity"/>
  <node id="1109" lat="43.1422028109" lon="-95.1364116063" version="1" timestamp="2026-07-24T12:00:00Z" changeset="1" uid="1" user="Antigravity"/>
  <node id="1110" lat="43.1422028109" lon="-95.1361070798" version="1" timestamp="2026-07-24T12:00:00Z" changeset="1" uid="1" user="Antigravity"/>
  <node id="1111" lat="43.1422028109" lon="-95.1358025534" version="1" timestamp="2026-07-24T12:00:00Z" changeset="1" uid="1" user="Antigravity"/>
  <node id="1112" lat="43.1422028109" lon="-95.1354980269" version="1" timestamp="2026-07-24T12:00:00Z" changeset="1" uid="1" user="Antigravity"/>
  <node id="1113" lat="43.1422028109" lon="-95.1351935004" version="1" timestamp="2026-07-24T12:00:00Z" changeset="1" uid="1" user="Antigravity"/>
  <node id="1114" lat="43.1422028109" lon="-95.1348889740" version="1" timestamp="2026-07-24T12:00:00Z" changeset="1" uid="1" user="Antigravity"/>
  <node id="1115" lat="43.1422028109" lon="-95.1345844475" version="1" timestamp="2026-07-24T12:00:00Z" changeset="1" uid="1" user="Antigravity"/>
  <node id="1116" lat="43.1422028109" lon="-95.1342799211" version="1" timestamp="2026-07-24T12:00:00Z" changeset="1" uid="1" user="Antigravity"/>
  <node id="1117" lat="43.1422028109" lon="-95.1339753946" version="1" timestamp="2026-07-24T12:00:00Z" changeset="1" uid="1" user="Antigravity"/>
  <node id="1118" lat="43.1422028109" lon="-95.1336708682" version="1" timestamp="2026-07-24T12:00:00Z" changeset="1" uid="1" user="Antigravity"/>
  <node id="1119" lat="43.1422028109" lon="-95.1333663417" version="1" timestamp="2026-07-24T12:00:00Z" changeset="1" uid="1" user="Antigravity"/>
  <node id="1120" lat="43.1422028109" lon="-95.1330618153" version="1" timestamp="2026-07-24T12:00:00Z" changeset="1" uid="1" user="Antigravity"/>
  <node id="1121" lat="43.1422028109" lon="-95.1327572888" version="1" timestamp="2026-07-24T12:00:00Z" changeset="1" uid="1" user="Antigravity"/>
  <node id="1122" lat="43.1422028109" lon="-95.1324527624" version="1" timestamp="2026-07-24T12:00:00Z" changeset="1" uid="1" user="Antigravity"/>
  <node id="1123" lat="43.1422028109" lon="-95.1321482359" version="1" timestamp="2026-07-24T12:00:00Z" changeset="1" uid="1" user="Antigravity"/>
  <node id="1124" lat="43.1422028109" lon="-95.1318437094" version="1" timestamp="2026-07-24T12:00:00Z" changeset="1" uid="1" user="Antigravity"/>
  <node id="1125" lat="43.1422028109" lon="-95.1315391830" version="1" timestamp="2026-07-24T12:00:00Z" changeset="1" uid="1" user="Antigravity"/>
  <node id="1126" lat="43.1422028109" lon="-95.1312346565" version="1" timestamp="2026-07-24T12:00:00Z" changeset="1" uid="1" user="Antigravity"/>
  <node id="1127" lat="43.1422028109" lon="-95.1309301301" version="1" timestamp="2026-07-24T12:00:00Z" changeset="1" uid="1" user="Antigravity"/>
  <node id="1128" lat="43.1380288497" lon="-95.1309301301" version="1" timestamp="2026-07-24T12:00:00Z" changeset="1" uid="1" user="Antigravity"/>
  <node id="1129" lat="43.1380288497" lon="-95.1312346565" version="1" timestamp="2026-07-24T12:00:00Z" changeset="1" uid="1" user="Antigravity"/>
  <node id="1130" lat="43.1380288497" lon="-95.1315391830" version="1" timestamp="2026-07-24T12:00:00Z" changeset="1" uid="1" user="Antigravity"/>
  <node id="1131" lat="43.1380288497" lon="-95.1318437094" version="1" timestamp="2026-07-24T12:00:00Z" changeset="1" uid="1" user="Antigravity"/>
  <node id="1132" lat="43.1380288497" lon="-95.1321482359" version="1" timestamp="2026-07-24T12:00:00Z" changeset="1" uid="1" user="Antigravity"/>
  <node id="1133" lat="43.1380288497" lon="-95.1324527624" version="1" timestamp="2026-07-24T12:00:00Z" changeset="1" uid="1" user="Antigravity"/>
  <node id="1134" lat="43.1380288497" lon="-95.1327572888" version="1" timestamp="2026-07-24T12:00:00Z" changeset="1" uid="1" user="Antigravity"/>
  <node id="1135" lat="43.1380288497" lon="-95.1330618153" version="1" timestamp="2026-07-24T12:00:00Z" changeset="1" uid="1" user="Antigravity"/>
  <node id="1136" lat="43.1380288497" lon="-95.1333663417" version="1" timestamp="2026-07-24T12:00:00Z" changeset="1" uid="1" user="Antigravity"/>
  <node id="1137" lat="43.1380288497" lon="-95.1336708682" version="1" timestamp="2026-07-24T12:00:00Z" changeset="1" uid="1" user="Antigravity"/>
  <node id="1138" lat="43.1380288497" lon="-95.1339753946" version="1" timestamp="2026-07-24T12:00:00Z" changeset="1" uid="1" user="Antigravity"/>
  <node id="1139" lat="43.1380288497" lon="-95.1342799211" version="1" timestamp="2026-07-24T12:00:00Z" changeset="1" uid="1" user="Antigravity"/>
  <node id="1140" lat="43.1380288497" lon="-95.1345844475" version="1" timestamp="2026-07-24T12:00:00Z" changeset="1" uid="1" user="Antigravity"/>
  <node id="1141" lat="43.1380288497" lon="-95.1348889740" version="1" timestamp="2026-07-24T12:00:00Z" changeset="1" uid="1" user="Antigravity"/>
  <node id="1142" lat="43.1380288497" lon="-95.1351935004" version="1" timestamp="2026-07-24T12:00:00Z" changeset="1" uid="1" user="Antigravity"/>
  <node id="1143" lat="43.1380288497" lon="-95.1354980269" version="1" timestamp="2026-07-24T12:00:00Z" changeset="1" uid="1" user="Antigravity"/>
  <node id="1144" lat="43.1380288497" lon="-95.1358025534" version="1" timestamp="2026-07-24T12:00:00Z" changeset="1" uid="1" user="Antigravity"/>
  <node id="1145" lat="43.1380288497" lon="-95.1361070798" version="1" timestamp="2026-07-24T12:00:00Z" changeset="1" uid="1" user="Antigravity"/>
  <node id="1146" lat="43.1380288497" lon="-95.1364116063" version="1" timestamp="2026-07-24T12:00:00Z" changeset="1" uid="1" user="Antigravity"/>
  <node id="1147" lat="43.1380288497" lon="-95.1367161327" version="1" timestamp="2026-07-24T12:00:00Z" changeset="1" uid="1" user="Antigravity"/>
  <node id="1148" lat="43.1380288497" lon="-95.1370206592" version="1" timestamp="2026-07-24T12:00:00Z" changeset="1" uid="1" user="Antigravity"/>
  <node id="1149" lat="43.1380288497" lon="-95.1373251856" version="1" timestamp="2026-07-24T12:00:00Z" changeset="1" uid="1" user="Antigravity"/>
  <node id="1150" lat="43.1380288497" lon="-95.1376297121" version="1" timestamp="2026-07-24T12:00:00Z" changeset="1" uid="1" user="Antigravity"/>
  <node id="1151" lat="43.1380288497" lon="-95.1379342385" version="1" timestamp="2026-07-24T12:00:00Z" changeset="1" uid="1" user="Antigravity"/>
  <node id="1152" lat="43.1380288497" lon="-95.1382387650" version="1" timestamp="2026-07-24T12:00:00Z" changeset="1" uid="1" user="Antigravity"/>
  <node id="1153" lat="43.1380288497" lon="-95.1385432914" version="1" timestamp="2026-07-24T12:00:00Z" changeset="1" uid="1" user="Antigravity"/>
  <node id="1154" lat="43.1380288497" lon="-95.1388478179" version="1" timestamp="2026-07-24T12:00:00Z" changeset="1" uid="1" user="Antigravity"/>
  <node id="1155" lat="43.1380288497" lon="-95.1391523443" version="1" timestamp="2026-07-24T12:00:00Z" changeset="1" uid="1" user="Antigravity"/>
  <node id="1156" lat="43.1380288497" lon="-95.1394568708" version="1" timestamp="2026-07-24T12:00:00Z" changeset="1" uid="1" user="Antigravity"/>
  <node id="1157" lat="43.1380288497" lon="-95.1397613973" version="1" timestamp="2026-07-24T12:00:00Z" changeset="1" uid="1" user="Antigravity"/>
  <node id="1158" lat="43.1380288497" lon="-95.1400659237" version="1" timestamp="2026-07-24T12:00:00Z" changeset="1" uid="1" user="Antigravity"/>
  <node id="1159" lat="43.1380288497" lon="-95.1403704502" version="1" timestamp="2026-07-24T12:00:00Z" changeset="1" uid="1" user="Antigravity"/>
  <node id="1160" lat="43.1380288497" lon="-95.1406749766" version="1" timestamp="2026-07-24T12:00:00Z" changeset="1" uid="1" user="Antigravity"/>
  <node id="1161" lat="43.1379388496" lon="-95.1406749766" version="1" timestamp="2026-07-24T12:00:00Z" changeset="1" uid="1" user="Antigravity"/>
  <node id="1162" lat="43.1379388496" lon="-95.1403704502" version="1" timestamp="2026-07-24T12:00:00Z" changeset="1" uid="1" user="Antigravity"/>
  <node id="1163" lat="43.1379388496" lon="-95.1400659237" version="1" timestamp="2026-07-24T12:00:00Z" changeset="1" uid="1" user="Antigravity"/>
  <node id="1164" lat="43.1379388496" lon="-95.1397613973" version="1" timestamp="2026-07-24T12:00:00Z" changeset="1" uid="1" user="Antigravity"/>
  <node id="1165" lat="43.1379388496" lon="-95.1394568708" version="1" timestamp="2026-07-24T12:00:00Z" changeset="1" uid="1" user="Antigravity"/>
  <node id="1166" lat="43.1379388496" lon="-95.1391523443" version="1" timestamp="2026-07-24T12:00:00Z" changeset="1" uid="1" user="Antigravity"/>
  <node id="1167" lat="43.1379388496" lon="-95.1388478179" version="1" timestamp="2026-07-24T12:00:00Z" changeset="1" uid="1" user="Antigravity"/>
  <node id="1168" lat="43.1379388496" lon="-95.1385432914" version="1" timestamp="2026-07-24T12:00:00Z" changeset="1" uid="1" user="Antigravity"/>
  <node id="1169" lat="43.1379388496" lon="-95.1382387650" version="1" timestamp="2026-07-24T12:00:00Z" changeset="1" uid="1" user="Antigravity"/>
  <node id="1170" lat="43.1379388496" lon="-95.1379342385" version="1" timestamp="2026-07-24T12:00:00Z" changeset="1" uid="1" user="Antigravity"/>
  <node id="1171" lat="43.1379388496" lon="-95.1376297121" version="1" timestamp="2026-07-24T12:00:00Z" changeset="1" uid="1" user="Antigravity"/>
  <node id="1172" lat="43.1379388496" lon="-95.1373251856" version="1" timestamp="2026-07-24T12:00:00Z" changeset="1" uid="1" user="Antigravity"/>
  <node id="1173" lat="43.1379388496" lon="-95.1370206592" version="1" timestamp="2026-07-24T12:00:00Z" changeset="1" uid="1" user="Antigravity"/>
  <node id="1174" lat="43.1379388496" lon="-95.1367161327" version="1" timestamp="2026-07-24T12:00:00Z" changeset="1" uid="1" user="Antigravity"/>
  <node id="1175" lat="43.1379388496" lon="-95.1364116063" version="1" timestamp="2026-07-24T12:00:00Z" changeset="1" uid="1" user="Antigravity"/>
  <node id="1176" lat="43.1379388496" lon="-95.1361070798" version="1" timestamp="2026-07-24T12:00:00Z" changeset="1" uid="1" user="Antigravity"/>
  <node id="1177" lat="43.1379388496" lon="-95.1358025534" version="1" timestamp="2026-07-24T12:00:00Z" changeset="1" uid="1" user="Antigravity"/>
  <node id="1178" lat="43.1379388496" lon="-95.1354980269" version="1" timestamp="2026-07-24T12:00:00Z" changeset="1" uid="1" user="Antigravity"/>
  <node id="1179" lat="43.1379388496" lon="-95.1351935004" version="1" timestamp="2026-07-24T12:00:00Z" changeset="1" uid="1" user="Antigravity"/>
  <node id="1180" lat="43.1379388496" lon="-95.1348889740" version="1" timestamp="2026-07-24T12:00:00Z" changeset="1" uid="1" user="Antigravity"/>
  <node id="1181" lat="43.1379388496" lon="-95.1345844475" version="1" timestamp="2026-07-24T12:00:00Z" changeset="1" uid="1" user="Antigravity"/>
  <node id="1182" lat="43.1379388496" lon="-95.1342799211" version="1" timestamp="2026-07-24T12:00:00Z" changeset="1" uid="1" user="Antigravity"/>
  <node id="1183" lat="43.1379388496" lon="-95.1339753946" version="1" timestamp="2026-07-24T12:00:00Z" changeset="1" uid="1" user="Antigravity"/>
  <node id="1184" lat="43.1379388496" lon="-95.1336708682" version="1" timestamp="2026-07-24T12:00:00Z" changeset="1" uid="1" user="Antigravity"/>
  <node id="1185" lat="43.1379388496" lon="-95.1333663417" version="1" timestamp="2026-07-24T12:00:00Z" changeset="1" uid="1" user="Antigravity"/>
  <node id="1186" lat="43.1379388496" lon="-95.1330618153" version="1" timestamp="2026-07-24T12:00:00Z" changeset="1" uid="1" user="Antigravity"/>
  <node id="1187" lat="43.1379388496" lon="-95.1327572888" version="1" timestamp="2026-07-24T12:00:00Z" changeset="1" uid="1" user="Antigravity"/>
  <node id="1188" lat="43.1379388496" lon="-95.1324527624" version="1" timestamp="2026-07-24T12:00:00Z" changeset="1" uid="1" user="Antigravity"/>
  <node id="1189" lat="43.1379388496" lon="-95.1321482359" version="1" timestamp="2026-07-24T12:00:00Z" changeset="1" uid="1" user="Antigravity"/>
  <node id="1190" lat="43.1379388496" lon="-95.1318437094" version="1" timestamp="2026-07-24T12:00:00Z" changeset="1" uid="1" user="Antigravity"/>
  <node id="1191" lat="43.1379388496" lon="-95.1315391830" version="1" timestamp="2026-07-24T12:00:00Z" changeset="1" uid="1" user="Antigravity"/>
  <node id="1192" lat="43.1379388496" lon="-95.1312346565" version="1" timestamp="2026-07-24T12:00:00Z" changeset="1" uid="1" user="Antigravity"/>
  <node id="1193" lat="43.1379388496" lon="-95.1309301301" version="1" timestamp="2026-07-24T12:00:00Z" changeset="1" uid="1" user="Antigravity"/>
  <node id="1194" lat="43.1343433460" lon="-95.1309301301" version="1" timestamp="2026-07-24T12:00:00Z" changeset="1" uid="1" user="Antigravity"/>
  <node id="1195" lat="43.1341211583" lon="-95.1312346565" version="1" timestamp="2026-07-24T12:00:00Z" changeset="1" uid="1" user="Antigravity"/>
  <node id="1196" lat="43.1338989706" lon="-95.1315391830" version="1" timestamp="2026-07-24T12:00:00Z" changeset="1" uid="1" user="Antigravity"/>
  <node id="1197" lat="43.1337223454" lon="-95.1318437094" version="1" timestamp="2026-07-24T12:00:00Z" changeset="1" uid="1" user="Antigravity"/>
  <node id="1198" lat="43.1336143453" lon="-95.1321482359" version="1" timestamp="2026-07-24T12:00:00Z" changeset="1" uid="1" user="Antigravity"/>
  <node id="1199" lat="43.1334793451" lon="-95.1324527624" version="1" timestamp="2026-07-24T12:00:00Z" changeset="1" uid="1" user="Antigravity"/>
  <node id="1200" lat="43.1333713450" lon="-95.1327572888" version="1" timestamp="2026-07-24T12:00:00Z" changeset="1" uid="1" user="Antigravity"/>
  <node id="1201" lat="43.1333173450" lon="-95.1330618153" version="1" timestamp="2026-07-24T12:00:00Z" changeset="1" uid="1" user="Antigravity"/>
  <node id="1202" lat="43.1332903450" lon="-95.1333663417" version="1" timestamp="2026-07-24T12:00:00Z" changeset="1" uid="1" user="Antigravity"/>
  <node id="1203" lat="43.1332543449" lon="-95.1336708682" version="1" timestamp="2026-07-24T12:00:00Z" changeset="1" uid="1" user="Antigravity"/>
  <node id="1204" lat="43.1332093449" lon="-95.1339753946" version="1" timestamp="2026-07-24T12:00:00Z" changeset="1" uid="1" user="Antigravity"/>
  <node id="1205" lat="43.1331373448" lon="-95.1342799211" version="1" timestamp="2026-07-24T12:00:00Z" changeset="1" uid="1" user="Antigravity"/>
  <node id="1206" lat="43.1330653447" lon="-95.1345844475" version="1" timestamp="2026-07-24T12:00:00Z" changeset="1" uid="1" user="Antigravity"/>
  <node id="1207" lat="43.1329933447" lon="-95.1348889740" version="1" timestamp="2026-07-24T12:00:00Z" changeset="1" uid="1" user="Antigravity"/>
  <node id="1208" lat="43.1329483446" lon="-95.1351935004" version="1" timestamp="2026-07-24T12:00:00Z" changeset="1" uid="1" user="Antigravity"/>
  <node id="1209" lat="43.1329303446" lon="-95.1354980269" version="1" timestamp="2026-07-24T12:00:00Z" changeset="1" uid="1" user="Antigravity"/>
  <node id="1210" lat="43.1329123446" lon="-95.1358025534" version="1" timestamp="2026-07-24T12:00:00Z" changeset="1" uid="1" user="Antigravity"/>
  <node id="1211" lat="43.1328763445" lon="-95.1361070798" version="1" timestamp="2026-07-24T12:00:00Z" changeset="1" uid="1" user="Antigravity"/>
  <node id="1212" lat="43.1327953445" lon="-95.1364116063" version="1" timestamp="2026-07-24T12:00:00Z" changeset="1" uid="1" user="Antigravity"/>
  <node id="1213" lat="43.1325343442" lon="-95.1367161327" version="1" timestamp="2026-07-24T12:00:00Z" changeset="1" uid="1" user="Antigravity"/>
  <node id="1214" lat="43.1306533423" lon="-95.1370206592" version="1" timestamp="2026-07-24T12:00:00Z" changeset="1" uid="1" user="Antigravity"/>
  <node id="1215" lat="43.1299996597" lon="-95.1373251856" version="1" timestamp="2026-07-24T12:00:00Z" changeset="1" uid="1" user="Antigravity"/>
  <node id="1216" lat="43.1299139656" lon="-95.1376297121" version="1" timestamp="2026-07-24T12:00:00Z" changeset="1" uid="1" user="Antigravity"/>
  <node id="1217" lat="43.1298466910" lon="-95.1379342385" version="1" timestamp="2026-07-24T12:00:00Z" changeset="1" uid="1" user="Antigravity"/>
  <node id="1218" lat="43.1297991844" lon="-95.1382387650" version="1" timestamp="2026-07-24T12:00:00Z" changeset="1" uid="1" user="Antigravity"/>
  <node id="1219" lat="43.1297684164" lon="-95.1385432914" version="1" timestamp="2026-07-24T12:00:00Z" changeset="1" uid="1" user="Antigravity"/>
  <node id="1220" lat="43.1297512149" lon="-95.1388478179" version="1" timestamp="2026-07-24T12:00:00Z" changeset="1" uid="1" user="Antigravity"/>
  <node id="1221" lat="43.1297443414" lon="-95.1391523443" version="1" timestamp="2026-07-24T12:00:00Z" changeset="1" uid="1" user="Antigravity"/>
  <node id="1222" lat="43.1297443414" lon="-95.1394568708" version="1" timestamp="2026-07-24T12:00:00Z" changeset="1" uid="1" user="Antigravity"/>
  <node id="1223" lat="43.1297443414" lon="-95.1397613973" version="1" timestamp="2026-07-24T12:00:00Z" changeset="1" uid="1" user="Antigravity"/>
  <node id="1224" lat="43.1297443414" lon="-95.1400659237" version="1" timestamp="2026-07-24T12:00:00Z" changeset="1" uid="1" user="Antigravity"/>
  <node id="1225" lat="43.1297443414" lon="-95.1403704502" version="1" timestamp="2026-07-24T12:00:00Z" changeset="1" uid="1" user="Antigravity"/>
  <node id="1226" lat="43.1297443414" lon="-95.1406749766" version="1" timestamp="2026-07-24T12:00:00Z" changeset="1" uid="1" user="Antigravity"/>
  <node id="1227" lat="43.1595388712" lon="-95.1308067776" version="1" timestamp="2026-07-24T12:00:00Z" changeset="1" uid="1" user="Antigravity"/>
  <node id="1228" lat="43.1595388712" lon="-95.1306751374" version="1" timestamp="2026-07-24T12:00:00Z" changeset="1" uid="1" user="Antigravity"/>
  <node id="1229" lat="43.1595388712" lon="-95.1305434971" version="1" timestamp="2026-07-24T12:00:00Z" changeset="1" uid="1" user="Antigravity"/>
  <node id="1230" lat="43.1595388712" lon="-95.1304118569" version="1" timestamp="2026-07-24T12:00:00Z" changeset="1" uid="1" user="Antigravity"/>
  <node id="1231" lat="43.1595388712" lon="-95.1302802167" version="1" timestamp="2026-07-24T12:00:00Z" changeset="1" uid="1" user="Antigravity"/>
  <node id="1232" lat="43.1595388712" lon="-95.1301485764" version="1" timestamp="2026-07-24T12:00:00Z" changeset="1" uid="1" user="Antigravity"/>
  <node id="1233" lat="43.1595388712" lon="-95.1300169362" version="1" timestamp="2026-07-24T12:00:00Z" changeset="1" uid="1" user="Antigravity"/>
  <node id="1234" lat="43.1595388712" lon="-95.1298852960" version="1" timestamp="2026-07-24T12:00:00Z" changeset="1" uid="1" user="Antigravity"/>
  <node id="1235" lat="43.1595388712" lon="-95.1297536557" version="1" timestamp="2026-07-24T12:00:00Z" changeset="1" uid="1" user="Antigravity"/>
  <node id="1236" lat="43.1595388712" lon="-95.1296220155" version="1" timestamp="2026-07-24T12:00:00Z" changeset="1" uid="1" user="Antigravity"/>
  <node id="1237" lat="43.1595388712" lon="-95.1294903753" version="1" timestamp="2026-07-24T12:00:00Z" changeset="1" uid="1" user="Antigravity"/>
  <node id="1238" lat="43.1595388712" lon="-95.1293587350" version="1" timestamp="2026-07-24T12:00:00Z" changeset="1" uid="1" user="Antigravity"/>
  <node id="1239" lat="43.1595388712" lon="-95.1292270948" version="1" timestamp="2026-07-24T12:00:00Z" changeset="1" uid="1" user="Antigravity"/>
  <node id="1240" lat="43.1595388712" lon="-95.1290954546" version="1" timestamp="2026-07-24T12:00:00Z" changeset="1" uid="1" user="Antigravity"/>
  <node id="1241" lat="43.1595388712" lon="-95.1289638143" version="1" timestamp="2026-07-24T12:00:00Z" changeset="1" uid="1" user="Antigravity"/>
  <node id="1242" lat="43.1595388712" lon="-95.1288321741" version="1" timestamp="2026-07-24T12:00:00Z" changeset="1" uid="1" user="Antigravity"/>
  <node id="1243" lat="43.1595388712" lon="-95.1287005339" version="1" timestamp="2026-07-24T12:00:00Z" changeset="1" uid="1" user="Antigravity"/>
  <node id="1244" lat="43.1595388712" lon="-95.1285688936" version="1" timestamp="2026-07-24T12:00:00Z" changeset="1" uid="1" user="Antigravity"/>
  <node id="1245" lat="43.1595388712" lon="-95.1284372534" version="1" timestamp="2026-07-24T12:00:00Z" changeset="1" uid="1" user="Antigravity"/>
  <node id="1246" lat="43.1595388712" lon="-95.1283056132" version="1" timestamp="2026-07-24T12:00:00Z" changeset="1" uid="1" user="Antigravity"/>
  <node id="1247" lat="43.1595388712" lon="-95.1281739729" version="1" timestamp="2026-07-24T12:00:00Z" changeset="1" uid="1" user="Antigravity"/>
  <node id="1248" lat="43.1595388712" lon="-95.1280423327" version="1" timestamp="2026-07-24T12:00:00Z" changeset="1" uid="1" user="Antigravity"/>
  <node id="1249" lat="43.1595388712" lon="-95.1279106925" version="1" timestamp="2026-07-24T12:00:00Z" changeset="1" uid="1" user="Antigravity"/>
  <node id="1250" lat="43.1595388712" lon="-95.1277790522" version="1" timestamp="2026-07-24T12:00:00Z" changeset="1" uid="1" user="Antigravity"/>
  <node id="1251" lat="43.1595388712" lon="-95.1276474120" version="1" timestamp="2026-07-24T12:00:00Z" changeset="1" uid="1" user="Antigravity"/>
  <node id="1252" lat="43.1595388712" lon="-95.1275157718" version="1" timestamp="2026-07-24T12:00:00Z" changeset="1" uid="1" user="Antigravity"/>
  <node id="1253" lat="43.1595388712" lon="-95.1273841315" version="1" timestamp="2026-07-24T12:00:00Z" changeset="1" uid="1" user="Antigravity"/>
  <node id="1254" lat="43.1595388712" lon="-95.1272524913" version="1" timestamp="2026-07-24T12:00:00Z" changeset="1" uid="1" user="Antigravity"/>
  <node id="1255" lat="43.1595388712" lon="-95.1271208511" version="1" timestamp="2026-07-24T12:00:00Z" changeset="1" uid="1" user="Antigravity"/>
  <node id="1256" lat="43.1595388712" lon="-95.1269892108" version="1" timestamp="2026-07-24T12:00:00Z" changeset="1" uid="1" user="Antigravity"/>
  <node id="1257" lat="43.1595388712" lon="-95.1268575706" version="1" timestamp="2026-07-24T12:00:00Z" changeset="1" uid="1" user="Antigravity"/>
  <node id="1258" lat="43.1595388712" lon="-95.1267259304" version="1" timestamp="2026-07-24T12:00:00Z" changeset="1" uid="1" user="Antigravity"/>
  <node id="1259" lat="43.1595388712" lon="-95.1265942901" version="1" timestamp="2026-07-24T12:00:00Z" changeset="1" uid="1" user="Antigravity"/>
  <node id="1260" lat="43.1524288641" lon="-95.1265942901" version="1" timestamp="2026-07-24T12:00:00Z" changeset="1" uid="1" user="Antigravity"/>
  <node id="1261" lat="43.1524288641" lon="-95.1267259304" version="1" timestamp="2026-07-24T12:00:00Z" changeset="1" uid="1" user="Antigravity"/>
  <node id="1262" lat="43.1524288641" lon="-95.1268575706" version="1" timestamp="2026-07-24T12:00:00Z" changeset="1" uid="1" user="Antigravity"/>
  <node id="1263" lat="43.1524288641" lon="-95.1269892108" version="1" timestamp="2026-07-24T12:00:00Z" changeset="1" uid="1" user="Antigravity"/>
  <node id="1264" lat="43.1524288641" lon="-95.1271208511" version="1" timestamp="2026-07-24T12:00:00Z" changeset="1" uid="1" user="Antigravity"/>
  <node id="1265" lat="43.1524288641" lon="-95.1272524913" version="1" timestamp="2026-07-24T12:00:00Z" changeset="1" uid="1" user="Antigravity"/>
  <node id="1266" lat="43.1524288641" lon="-95.1273841315" version="1" timestamp="2026-07-24T12:00:00Z" changeset="1" uid="1" user="Antigravity"/>
  <node id="1267" lat="43.1524288641" lon="-95.1275157718" version="1" timestamp="2026-07-24T12:00:00Z" changeset="1" uid="1" user="Antigravity"/>
  <node id="1268" lat="43.1524288641" lon="-95.1276474120" version="1" timestamp="2026-07-24T12:00:00Z" changeset="1" uid="1" user="Antigravity"/>
  <node id="1269" lat="43.1524288641" lon="-95.1277790522" version="1" timestamp="2026-07-24T12:00:00Z" changeset="1" uid="1" user="Antigravity"/>
  <node id="1270" lat="43.1524288641" lon="-95.1279106925" version="1" timestamp="2026-07-24T12:00:00Z" changeset="1" uid="1" user="Antigravity"/>
  <node id="1271" lat="43.1524288641" lon="-95.1280423327" version="1" timestamp="2026-07-24T12:00:00Z" changeset="1" uid="1" user="Antigravity"/>
  <node id="1272" lat="43.1524288641" lon="-95.1281739729" version="1" timestamp="2026-07-24T12:00:00Z" changeset="1" uid="1" user="Antigravity"/>
  <node id="1273" lat="43.1524288641" lon="-95.1283056132" version="1" timestamp="2026-07-24T12:00:00Z" changeset="1" uid="1" user="Antigravity"/>
  <node id="1274" lat="43.1524288641" lon="-95.1284372534" version="1" timestamp="2026-07-24T12:00:00Z" changeset="1" uid="1" user="Antigravity"/>
  <node id="1275" lat="43.1524288641" lon="-95.1285688936" version="1" timestamp="2026-07-24T12:00:00Z" changeset="1" uid="1" user="Antigravity"/>
  <node id="1276" lat="43.1524288641" lon="-95.1287005339" version="1" timestamp="2026-07-24T12:00:00Z" changeset="1" uid="1" user="Antigravity"/>
  <node id="1277" lat="43.1524288641" lon="-95.1288321741" version="1" timestamp="2026-07-24T12:00:00Z" changeset="1" uid="1" user="Antigravity"/>
  <node id="1278" lat="43.1524288641" lon="-95.1289638143" version="1" timestamp="2026-07-24T12:00:00Z" changeset="1" uid="1" user="Antigravity"/>
  <node id="1279" lat="43.1524288641" lon="-95.1290954546" version="1" timestamp="2026-07-24T12:00:00Z" changeset="1" uid="1" user="Antigravity"/>
  <node id="1280" lat="43.1524288641" lon="-95.1292270948" version="1" timestamp="2026-07-24T12:00:00Z" changeset="1" uid="1" user="Antigravity"/>
  <node id="1281" lat="43.1524288641" lon="-95.1293587350" version="1" timestamp="2026-07-24T12:00:00Z" changeset="1" uid="1" user="Antigravity"/>
  <node id="1282" lat="43.1524288641" lon="-95.1294903753" version="1" timestamp="2026-07-24T12:00:00Z" changeset="1" uid="1" user="Antigravity"/>
  <node id="1283" lat="43.1524288641" lon="-95.1296220155" version="1" timestamp="2026-07-24T12:00:00Z" changeset="1" uid="1" user="Antigravity"/>
  <node id="1284" lat="43.1524288641" lon="-95.1297536557" version="1" timestamp="2026-07-24T12:00:00Z" changeset="1" uid="1" user="Antigravity"/>
  <node id="1285" lat="43.1524288641" lon="-95.1298852960" version="1" timestamp="2026-07-24T12:00:00Z" changeset="1" uid="1" user="Antigravity"/>
  <node id="1286" lat="43.1524288641" lon="-95.1300169362" version="1" timestamp="2026-07-24T12:00:00Z" changeset="1" uid="1" user="Antigravity"/>
  <node id="1287" lat="43.1524288641" lon="-95.1301485764" version="1" timestamp="2026-07-24T12:00:00Z" changeset="1" uid="1" user="Antigravity"/>
  <node id="1288" lat="43.1524288641" lon="-95.1302802167" version="1" timestamp="2026-07-24T12:00:00Z" changeset="1" uid="1" user="Antigravity"/>
  <node id="1289" lat="43.1524288641" lon="-95.1304118569" version="1" timestamp="2026-07-24T12:00:00Z" changeset="1" uid="1" user="Antigravity"/>
  <node id="1290" lat="43.1524288641" lon="-95.1305434971" version="1" timestamp="2026-07-24T12:00:00Z" changeset="1" uid="1" user="Antigravity"/>
  <node id="1291" lat="43.1524288641" lon="-95.1306751374" version="1" timestamp="2026-07-24T12:00:00Z" changeset="1" uid="1" user="Antigravity"/>
  <node id="1292" lat="43.1524288641" lon="-95.1308067776" version="1" timestamp="2026-07-24T12:00:00Z" changeset="1" uid="1" user="Antigravity"/>
  <node id="1293" lat="43.1523388640" lon="-95.1308067776" version="1" timestamp="2026-07-24T12:00:00Z" changeset="1" uid="1" user="Antigravity"/>
  <node id="1294" lat="43.1523388640" lon="-95.1306751374" version="1" timestamp="2026-07-24T12:00:00Z" changeset="1" uid="1" user="Antigravity"/>
  <node id="1295" lat="43.1523388640" lon="-95.1305434971" version="1" timestamp="2026-07-24T12:00:00Z" changeset="1" uid="1" user="Antigravity"/>
  <node id="1296" lat="43.1523388640" lon="-95.1304118569" version="1" timestamp="2026-07-24T12:00:00Z" changeset="1" uid="1" user="Antigravity"/>
  <node id="1297" lat="43.1523388640" lon="-95.1302802167" version="1" timestamp="2026-07-24T12:00:00Z" changeset="1" uid="1" user="Antigravity"/>
  <node id="1298" lat="43.1523388640" lon="-95.1301485764" version="1" timestamp="2026-07-24T12:00:00Z" changeset="1" uid="1" user="Antigravity"/>
  <node id="1299" lat="43.1523388640" lon="-95.1300169362" version="1" timestamp="2026-07-24T12:00:00Z" changeset="1" uid="1" user="Antigravity"/>
  <node id="1300" lat="43.1523388640" lon="-95.1298852960" version="1" timestamp="2026-07-24T12:00:00Z" changeset="1" uid="1" user="Antigravity"/>
  <node id="1301" lat="43.1523388640" lon="-95.1297536557" version="1" timestamp="2026-07-24T12:00:00Z" changeset="1" uid="1" user="Antigravity"/>
  <node id="1302" lat="43.1523388640" lon="-95.1296220155" version="1" timestamp="2026-07-24T12:00:00Z" changeset="1" uid="1" user="Antigravity"/>
  <node id="1303" lat="43.1523388640" lon="-95.1294903753" version="1" timestamp="2026-07-24T12:00:00Z" changeset="1" uid="1" user="Antigravity"/>
  <node id="1304" lat="43.1523388640" lon="-95.1293587350" version="1" timestamp="2026-07-24T12:00:00Z" changeset="1" uid="1" user="Antigravity"/>
  <node id="1305" lat="43.1523388640" lon="-95.1292270948" version="1" timestamp="2026-07-24T12:00:00Z" changeset="1" uid="1" user="Antigravity"/>
  <node id="1306" lat="43.1523388640" lon="-95.1290954546" version="1" timestamp="2026-07-24T12:00:00Z" changeset="1" uid="1" user="Antigravity"/>
  <node id="1307" lat="43.1523388640" lon="-95.1289638143" version="1" timestamp="2026-07-24T12:00:00Z" changeset="1" uid="1" user="Antigravity"/>
  <node id="1308" lat="43.1523388640" lon="-95.1288321741" version="1" timestamp="2026-07-24T12:00:00Z" changeset="1" uid="1" user="Antigravity"/>
  <node id="1309" lat="43.1523388640" lon="-95.1287005339" version="1" timestamp="2026-07-24T12:00:00Z" changeset="1" uid="1" user="Antigravity"/>
  <node id="1310" lat="43.1523388640" lon="-95.1285688936" version="1" timestamp="2026-07-24T12:00:00Z" changeset="1" uid="1" user="Antigravity"/>
  <node id="1311" lat="43.1523388640" lon="-95.1284372534" version="1" timestamp="2026-07-24T12:00:00Z" changeset="1" uid="1" user="Antigravity"/>
  <node id="1312" lat="43.1523388640" lon="-95.1283056132" version="1" timestamp="2026-07-24T12:00:00Z" changeset="1" uid="1" user="Antigravity"/>
  <node id="1313" lat="43.1523388640" lon="-95.1281739729" version="1" timestamp="2026-07-24T12:00:00Z" changeset="1" uid="1" user="Antigravity"/>
  <node id="1314" lat="43.1523388640" lon="-95.1280423327" version="1" timestamp="2026-07-24T12:00:00Z" changeset="1" uid="1" user="Antigravity"/>
  <node id="1315" lat="43.1523388640" lon="-95.1279106925" version="1" timestamp="2026-07-24T12:00:00Z" changeset="1" uid="1" user="Antigravity"/>
  <node id="1316" lat="43.1523388640" lon="-95.1277790522" version="1" timestamp="2026-07-24T12:00:00Z" changeset="1" uid="1" user="Antigravity"/>
  <node id="1317" lat="43.1523388640" lon="-95.1276474120" version="1" timestamp="2026-07-24T12:00:00Z" changeset="1" uid="1" user="Antigravity"/>
  <node id="1318" lat="43.1523388640" lon="-95.1275157718" version="1" timestamp="2026-07-24T12:00:00Z" changeset="1" uid="1" user="Antigravity"/>
  <node id="1319" lat="43.1523388640" lon="-95.1273841315" version="1" timestamp="2026-07-24T12:00:00Z" changeset="1" uid="1" user="Antigravity"/>
  <node id="1320" lat="43.1523388640" lon="-95.1272524913" version="1" timestamp="2026-07-24T12:00:00Z" changeset="1" uid="1" user="Antigravity"/>
  <node id="1321" lat="43.1523388640" lon="-95.1271208511" version="1" timestamp="2026-07-24T12:00:00Z" changeset="1" uid="1" user="Antigravity"/>
  <node id="1322" lat="43.1523388640" lon="-95.1269892108" version="1" timestamp="2026-07-24T12:00:00Z" changeset="1" uid="1" user="Antigravity"/>
  <node id="1323" lat="43.1523388640" lon="-95.1268575706" version="1" timestamp="2026-07-24T12:00:00Z" changeset="1" uid="1" user="Antigravity"/>
  <node id="1324" lat="43.1523388640" lon="-95.1267259304" version="1" timestamp="2026-07-24T12:00:00Z" changeset="1" uid="1" user="Antigravity"/>
  <node id="1325" lat="43.1523388640" lon="-95.1265942901" version="1" timestamp="2026-07-24T12:00:00Z" changeset="1" uid="1" user="Antigravity"/>
  <node id="1326" lat="43.1452288569" lon="-95.1265942901" version="1" timestamp="2026-07-24T12:00:00Z" changeset="1" uid="1" user="Antigravity"/>
  <node id="1327" lat="43.1452288569" lon="-95.1267259304" version="1" timestamp="2026-07-24T12:00:00Z" changeset="1" uid="1" user="Antigravity"/>
  <node id="1328" lat="43.1452288569" lon="-95.1268575706" version="1" timestamp="2026-07-24T12:00:00Z" changeset="1" uid="1" user="Antigravity"/>
  <node id="1329" lat="43.1452288569" lon="-95.1269892108" version="1" timestamp="2026-07-24T12:00:00Z" changeset="1" uid="1" user="Antigravity"/>
  <node id="1330" lat="43.1452288569" lon="-95.1271208511" version="1" timestamp="2026-07-24T12:00:00Z" changeset="1" uid="1" user="Antigravity"/>
  <node id="1331" lat="43.1452288569" lon="-95.1272524913" version="1" timestamp="2026-07-24T12:00:00Z" changeset="1" uid="1" user="Antigravity"/>
  <node id="1332" lat="43.1452288569" lon="-95.1273841315" version="1" timestamp="2026-07-24T12:00:00Z" changeset="1" uid="1" user="Antigravity"/>
  <node id="1333" lat="43.1452288569" lon="-95.1275157718" version="1" timestamp="2026-07-24T12:00:00Z" changeset="1" uid="1" user="Antigravity"/>
  <node id="1334" lat="43.1452288569" lon="-95.1276474120" version="1" timestamp="2026-07-24T12:00:00Z" changeset="1" uid="1" user="Antigravity"/>
  <node id="1335" lat="43.1452288569" lon="-95.1277790522" version="1" timestamp="2026-07-24T12:00:00Z" changeset="1" uid="1" user="Antigravity"/>
  <node id="1336" lat="43.1452288569" lon="-95.1279106925" version="1" timestamp="2026-07-24T12:00:00Z" changeset="1" uid="1" user="Antigravity"/>
  <node id="1337" lat="43.1452288569" lon="-95.1280423327" version="1" timestamp="2026-07-24T12:00:00Z" changeset="1" uid="1" user="Antigravity"/>
  <node id="1338" lat="43.1452288569" lon="-95.1281739729" version="1" timestamp="2026-07-24T12:00:00Z" changeset="1" uid="1" user="Antigravity"/>
  <node id="1339" lat="43.1452288569" lon="-95.1283056132" version="1" timestamp="2026-07-24T12:00:00Z" changeset="1" uid="1" user="Antigravity"/>
  <node id="1340" lat="43.1452288569" lon="-95.1284372534" version="1" timestamp="2026-07-24T12:00:00Z" changeset="1" uid="1" user="Antigravity"/>
  <node id="1341" lat="43.1452288569" lon="-95.1285688936" version="1" timestamp="2026-07-24T12:00:00Z" changeset="1" uid="1" user="Antigravity"/>
  <node id="1342" lat="43.1452288569" lon="-95.1287005339" version="1" timestamp="2026-07-24T12:00:00Z" changeset="1" uid="1" user="Antigravity"/>
  <node id="1343" lat="43.1452288569" lon="-95.1288321741" version="1" timestamp="2026-07-24T12:00:00Z" changeset="1" uid="1" user="Antigravity"/>
  <node id="1344" lat="43.1452288569" lon="-95.1289638143" version="1" timestamp="2026-07-24T12:00:00Z" changeset="1" uid="1" user="Antigravity"/>
  <node id="1345" lat="43.1452288569" lon="-95.1290954546" version="1" timestamp="2026-07-24T12:00:00Z" changeset="1" uid="1" user="Antigravity"/>
  <node id="1346" lat="43.1452288569" lon="-95.1292270948" version="1" timestamp="2026-07-24T12:00:00Z" changeset="1" uid="1" user="Antigravity"/>
  <node id="1347" lat="43.1452288569" lon="-95.1293587350" version="1" timestamp="2026-07-24T12:00:00Z" changeset="1" uid="1" user="Antigravity"/>
  <node id="1348" lat="43.1452288569" lon="-95.1294903753" version="1" timestamp="2026-07-24T12:00:00Z" changeset="1" uid="1" user="Antigravity"/>
  <node id="1349" lat="43.1452288569" lon="-95.1296220155" version="1" timestamp="2026-07-24T12:00:00Z" changeset="1" uid="1" user="Antigravity"/>
  <node id="1350" lat="43.1452288569" lon="-95.1297536557" version="1" timestamp="2026-07-24T12:00:00Z" changeset="1" uid="1" user="Antigravity"/>
  <node id="1351" lat="43.1452288569" lon="-95.1298852960" version="1" timestamp="2026-07-24T12:00:00Z" changeset="1" uid="1" user="Antigravity"/>
  <node id="1352" lat="43.1452288569" lon="-95.1300169362" version="1" timestamp="2026-07-24T12:00:00Z" changeset="1" uid="1" user="Antigravity"/>
  <node id="1353" lat="43.1452288569" lon="-95.1301485764" version="1" timestamp="2026-07-24T12:00:00Z" changeset="1" uid="1" user="Antigravity"/>
  <node id="1354" lat="43.1452288569" lon="-95.1302802167" version="1" timestamp="2026-07-24T12:00:00Z" changeset="1" uid="1" user="Antigravity"/>
  <node id="1355" lat="43.1452288569" lon="-95.1304118569" version="1" timestamp="2026-07-24T12:00:00Z" changeset="1" uid="1" user="Antigravity"/>
  <node id="1356" lat="43.1452288569" lon="-95.1305434971" version="1" timestamp="2026-07-24T12:00:00Z" changeset="1" uid="1" user="Antigravity"/>
  <node id="1357" lat="43.1452288569" lon="-95.1306751374" version="1" timestamp="2026-07-24T12:00:00Z" changeset="1" uid="1" user="Antigravity"/>
  <node id="1358" lat="43.1452288569" lon="-95.1308067776" version="1" timestamp="2026-07-24T12:00:00Z" changeset="1" uid="1" user="Antigravity"/>
  <node id="1359" lat="43.1451388568" lon="-95.1308067776" version="1" timestamp="2026-07-24T12:00:00Z" changeset="1" uid="1" user="Antigravity"/>
  <node id="1360" lat="43.1451388568" lon="-95.1306751374" version="1" timestamp="2026-07-24T12:00:00Z" changeset="1" uid="1" user="Antigravity"/>
  <node id="1361" lat="43.1451388568" lon="-95.1305434971" version="1" timestamp="2026-07-24T12:00:00Z" changeset="1" uid="1" user="Antigravity"/>
  <node id="1362" lat="43.1451388568" lon="-95.1304118569" version="1" timestamp="2026-07-24T12:00:00Z" changeset="1" uid="1" user="Antigravity"/>
  <node id="1363" lat="43.1451388568" lon="-95.1302802167" version="1" timestamp="2026-07-24T12:00:00Z" changeset="1" uid="1" user="Antigravity"/>
  <node id="1364" lat="43.1451388568" lon="-95.1301485764" version="1" timestamp="2026-07-24T12:00:00Z" changeset="1" uid="1" user="Antigravity"/>
  <node id="1365" lat="43.1451388568" lon="-95.1300169362" version="1" timestamp="2026-07-24T12:00:00Z" changeset="1" uid="1" user="Antigravity"/>
  <node id="1366" lat="43.1451388568" lon="-95.1298852960" version="1" timestamp="2026-07-24T12:00:00Z" changeset="1" uid="1" user="Antigravity"/>
  <node id="1367" lat="43.1451388568" lon="-95.1297536557" version="1" timestamp="2026-07-24T12:00:00Z" changeset="1" uid="1" user="Antigravity"/>
  <node id="1368" lat="43.1451388568" lon="-95.1296220155" version="1" timestamp="2026-07-24T12:00:00Z" changeset="1" uid="1" user="Antigravity"/>
  <node id="1369" lat="43.1451388568" lon="-95.1294903753" version="1" timestamp="2026-07-24T12:00:00Z" changeset="1" uid="1" user="Antigravity"/>
  <node id="1370" lat="43.1451388568" lon="-95.1293587350" version="1" timestamp="2026-07-24T12:00:00Z" changeset="1" uid="1" user="Antigravity"/>
  <node id="1371" lat="43.1451388568" lon="-95.1292270948" version="1" timestamp="2026-07-24T12:00:00Z" changeset="1" uid="1" user="Antigravity"/>
  <node id="1372" lat="43.1451388568" lon="-95.1290954546" version="1" timestamp="2026-07-24T12:00:00Z" changeset="1" uid="1" user="Antigravity"/>
  <node id="1373" lat="43.1451388568" lon="-95.1289638143" version="1" timestamp="2026-07-24T12:00:00Z" changeset="1" uid="1" user="Antigravity"/>
  <node id="1374" lat="43.1451388568" lon="-95.1288321741" version="1" timestamp="2026-07-24T12:00:00Z" changeset="1" uid="1" user="Antigravity"/>
  <node id="1375" lat="43.1451388568" lon="-95.1287005339" version="1" timestamp="2026-07-24T12:00:00Z" changeset="1" uid="1" user="Antigravity"/>
  <node id="1376" lat="43.1451388568" lon="-95.1285688936" version="1" timestamp="2026-07-24T12:00:00Z" changeset="1" uid="1" user="Antigravity"/>
  <node id="1377" lat="43.1451388568" lon="-95.1284372534" version="1" timestamp="2026-07-24T12:00:00Z" changeset="1" uid="1" user="Antigravity"/>
  <node id="1378" lat="43.1451388568" lon="-95.1283056132" version="1" timestamp="2026-07-24T12:00:00Z" changeset="1" uid="1" user="Antigravity"/>
  <node id="1379" lat="43.1451388568" lon="-95.1281739729" version="1" timestamp="2026-07-24T12:00:00Z" changeset="1" uid="1" user="Antigravity"/>
  <node id="1380" lat="43.1451388568" lon="-95.1280423327" version="1" timestamp="2026-07-24T12:00:00Z" changeset="1" uid="1" user="Antigravity"/>
  <node id="1381" lat="43.1451388568" lon="-95.1279106925" version="1" timestamp="2026-07-24T12:00:00Z" changeset="1" uid="1" user="Antigravity"/>
  <node id="1382" lat="43.1451388568" lon="-95.1277790522" version="1" timestamp="2026-07-24T12:00:00Z" changeset="1" uid="1" user="Antigravity"/>
  <node id="1383" lat="43.1451388568" lon="-95.1276474120" version="1" timestamp="2026-07-24T12:00:00Z" changeset="1" uid="1" user="Antigravity"/>
  <node id="1384" lat="43.1451388568" lon="-95.1275157718" version="1" timestamp="2026-07-24T12:00:00Z" changeset="1" uid="1" user="Antigravity"/>
  <node id="1385" lat="43.1451388568" lon="-95.1273841315" version="1" timestamp="2026-07-24T12:00:00Z" changeset="1" uid="1" user="Antigravity"/>
  <node id="1386" lat="43.1451388568" lon="-95.1272524913" version="1" timestamp="2026-07-24T12:00:00Z" changeset="1" uid="1" user="Antigravity"/>
  <node id="1387" lat="43.1451388568" lon="-95.1271208511" version="1" timestamp="2026-07-24T12:00:00Z" changeset="1" uid="1" user="Antigravity"/>
  <node id="1388" lat="43.1451388568" lon="-95.1269892108" version="1" timestamp="2026-07-24T12:00:00Z" changeset="1" uid="1" user="Antigravity"/>
  <node id="1389" lat="43.1451388568" lon="-95.1268575706" version="1" timestamp="2026-07-24T12:00:00Z" changeset="1" uid="1" user="Antigravity"/>
  <node id="1390" lat="43.1451388568" lon="-95.1267259304" version="1" timestamp="2026-07-24T12:00:00Z" changeset="1" uid="1" user="Antigravity"/>
  <node id="1391" lat="43.1451388568" lon="-95.1265942901" version="1" timestamp="2026-07-24T12:00:00Z" changeset="1" uid="1" user="Antigravity"/>
  <node id="1392" lat="43.1383386489" lon="-95.1265942901" version="1" timestamp="2026-07-24T12:00:00Z" changeset="1" uid="1" user="Antigravity"/>
  <node id="1393" lat="43.1380288497" lon="-95.1267259304" version="1" timestamp="2026-07-24T12:00:00Z" changeset="1" uid="1" user="Antigravity"/>
  <node id="1394" lat="43.1380288497" lon="-95.1268575706" version="1" timestamp="2026-07-24T12:00:00Z" changeset="1" uid="1" user="Antigravity"/>
  <node id="1395" lat="43.1380288497" lon="-95.1269892108" version="1" timestamp="2026-07-24T12:00:00Z" changeset="1" uid="1" user="Antigravity"/>
  <node id="1396" lat="43.1380288497" lon="-95.1271208511" version="1" timestamp="2026-07-24T12:00:00Z" changeset="1" uid="1" user="Antigravity"/>
  <node id="1397" lat="43.1380288497" lon="-95.1272524913" version="1" timestamp="2026-07-24T12:00:00Z" changeset="1" uid="1" user="Antigravity"/>
  <node id="1398" lat="43.1380288497" lon="-95.1273841315" version="1" timestamp="2026-07-24T12:00:00Z" changeset="1" uid="1" user="Antigravity"/>
  <node id="1399" lat="43.1380288497" lon="-95.1275157718" version="1" timestamp="2026-07-24T12:00:00Z" changeset="1" uid="1" user="Antigravity"/>
  <node id="1400" lat="43.1380288497" lon="-95.1276474120" version="1" timestamp="2026-07-24T12:00:00Z" changeset="1" uid="1" user="Antigravity"/>
  <node id="1401" lat="43.1380288497" lon="-95.1277790522" version="1" timestamp="2026-07-24T12:00:00Z" changeset="1" uid="1" user="Antigravity"/>
  <node id="1402" lat="43.1380288497" lon="-95.1279106925" version="1" timestamp="2026-07-24T12:00:00Z" changeset="1" uid="1" user="Antigravity"/>
  <node id="1403" lat="43.1380288497" lon="-95.1280423327" version="1" timestamp="2026-07-24T12:00:00Z" changeset="1" uid="1" user="Antigravity"/>
  <node id="1404" lat="43.1380288497" lon="-95.1281739729" version="1" timestamp="2026-07-24T12:00:00Z" changeset="1" uid="1" user="Antigravity"/>
  <node id="1405" lat="43.1380288497" lon="-95.1283056132" version="1" timestamp="2026-07-24T12:00:00Z" changeset="1" uid="1" user="Antigravity"/>
  <node id="1406" lat="43.1380288497" lon="-95.1284372534" version="1" timestamp="2026-07-24T12:00:00Z" changeset="1" uid="1" user="Antigravity"/>
  <node id="1407" lat="43.1380288497" lon="-95.1285688936" version="1" timestamp="2026-07-24T12:00:00Z" changeset="1" uid="1" user="Antigravity"/>
  <node id="1408" lat="43.1380288497" lon="-95.1287005339" version="1" timestamp="2026-07-24T12:00:00Z" changeset="1" uid="1" user="Antigravity"/>
  <node id="1409" lat="43.1380288497" lon="-95.1288321741" version="1" timestamp="2026-07-24T12:00:00Z" changeset="1" uid="1" user="Antigravity"/>
  <node id="1410" lat="43.1380288497" lon="-95.1289638143" version="1" timestamp="2026-07-24T12:00:00Z" changeset="1" uid="1" user="Antigravity"/>
  <node id="1411" lat="43.1380288497" lon="-95.1290954546" version="1" timestamp="2026-07-24T12:00:00Z" changeset="1" uid="1" user="Antigravity"/>
  <node id="1412" lat="43.1380288497" lon="-95.1292270948" version="1" timestamp="2026-07-24T12:00:00Z" changeset="1" uid="1" user="Antigravity"/>
  <node id="1413" lat="43.1380288497" lon="-95.1293587350" version="1" timestamp="2026-07-24T12:00:00Z" changeset="1" uid="1" user="Antigravity"/>
  <node id="1414" lat="43.1380288497" lon="-95.1294903753" version="1" timestamp="2026-07-24T12:00:00Z" changeset="1" uid="1" user="Antigravity"/>
  <node id="1415" lat="43.1380288497" lon="-95.1296220155" version="1" timestamp="2026-07-24T12:00:00Z" changeset="1" uid="1" user="Antigravity"/>
  <node id="1416" lat="43.1380288497" lon="-95.1297536557" version="1" timestamp="2026-07-24T12:00:00Z" changeset="1" uid="1" user="Antigravity"/>
  <node id="1417" lat="43.1380288497" lon="-95.1298852960" version="1" timestamp="2026-07-24T12:00:00Z" changeset="1" uid="1" user="Antigravity"/>
  <node id="1418" lat="43.1380288497" lon="-95.1300169362" version="1" timestamp="2026-07-24T12:00:00Z" changeset="1" uid="1" user="Antigravity"/>
  <node id="1419" lat="43.1380288497" lon="-95.1301485764" version="1" timestamp="2026-07-24T12:00:00Z" changeset="1" uid="1" user="Antigravity"/>
  <node id="1420" lat="43.1380288497" lon="-95.1302802167" version="1" timestamp="2026-07-24T12:00:00Z" changeset="1" uid="1" user="Antigravity"/>
  <node id="1421" lat="43.1380288497" lon="-95.1304118569" version="1" timestamp="2026-07-24T12:00:00Z" changeset="1" uid="1" user="Antigravity"/>
  <node id="1422" lat="43.1380288497" lon="-95.1305434971" version="1" timestamp="2026-07-24T12:00:00Z" changeset="1" uid="1" user="Antigravity"/>
  <node id="1423" lat="43.1380288497" lon="-95.1306751374" version="1" timestamp="2026-07-24T12:00:00Z" changeset="1" uid="1" user="Antigravity"/>
  <node id="1424" lat="43.1380288497" lon="-95.1308067776" version="1" timestamp="2026-07-24T12:00:00Z" changeset="1" uid="1" user="Antigravity"/>
  <node id="1425" lat="43.1639893757" lon="-95.1701562212" version="1" timestamp="2026-07-24T12:00:00Z" changeset="1" uid="1" user="Antigravity"/>
  <node id="1426" lat="43.1639893757" lon="-95.1200010997" version="1" timestamp="2026-07-24T12:00:00Z" changeset="1" uid="1" user="Antigravity"/>
  <node id="1427" lat="43.1623243740" lon="-95.1703412499" version="1" timestamp="2026-07-24T12:00:00Z" changeset="1" uid="1" user="Antigravity"/>
  <node id="1428" lat="43.1623243740" lon="-95.1198160709" version="1" timestamp="2026-07-24T12:00:00Z" changeset="1" uid="1" user="Antigravity"/>
  <node id="1429" lat="43.1595838712" lon="-95.1701562212" version="1" timestamp="2026-07-24T12:00:00Z" changeset="1" uid="1" user="Antigravity"/>
  <node id="1430" lat="43.1595838712" lon="-95.1200010997" version="1" timestamp="2026-07-24T12:00:00Z" changeset="1" uid="1" user="Antigravity"/>
  <node id="1431" lat="43.1639893757" lon="-95.1481528785" version="1" timestamp="2026-07-24T12:00:00Z" changeset="1" uid="1" user="Antigravity"/>
  <node id="1432" lat="43.1623693740" lon="-95.1481528785" version="1" timestamp="2026-07-24T12:00:00Z" changeset="1" uid="1" user="Antigravity"/>
  <node id="1433" lat="43.1623693740" lon="-95.1701562212" version="1" timestamp="2026-07-24T12:00:00Z" changeset="1" uid="1" user="Antigravity"/>
  <node id="1434" lat="43.1639893757" lon="-95.1480295260" version="1" timestamp="2026-07-24T12:00:00Z" changeset="1" uid="1" user="Antigravity"/>
  <node id="1435" lat="43.1639893757" lon="-95.1411766101" version="1" timestamp="2026-07-24T12:00:00Z" changeset="1" uid="1" user="Antigravity"/>
  <node id="1436" lat="43.1623693740" lon="-95.1411766101" version="1" timestamp="2026-07-24T12:00:00Z" changeset="1" uid="1" user="Antigravity"/>
  <node id="1437" lat="43.1623693740" lon="-95.1480295260" version="1" timestamp="2026-07-24T12:00:00Z" changeset="1" uid="1" user="Antigravity"/>
  <node id="1438" lat="43.1639893757" lon="-95.1410532576" version="1" timestamp="2026-07-24T12:00:00Z" changeset="1" uid="1" user="Antigravity"/>
  <node id="1439" lat="43.1639893757" lon="-95.1342003416" version="1" timestamp="2026-07-24T12:00:00Z" changeset="1" uid="1" user="Antigravity"/>
  <node id="1440" lat="43.1623693740" lon="-95.1342003416" version="1" timestamp="2026-07-24T12:00:00Z" changeset="1" uid="1" user="Antigravity"/>
  <node id="1441" lat="43.1623693740" lon="-95.1410532576" version="1" timestamp="2026-07-24T12:00:00Z" changeset="1" uid="1" user="Antigravity"/>
  <node id="1442" lat="43.1639893757" lon="-95.1340769891" version="1" timestamp="2026-07-24T12:00:00Z" changeset="1" uid="1" user="Antigravity"/>
  <node id="1443" lat="43.1639893757" lon="-95.1306505311" version="1" timestamp="2026-07-24T12:00:00Z" changeset="1" uid="1" user="Antigravity"/>
  <node id="1444" lat="43.1623693740" lon="-95.1306505311" version="1" timestamp="2026-07-24T12:00:00Z" changeset="1" uid="1" user="Antigravity"/>
  <node id="1445" lat="43.1623693740" lon="-95.1340769891" version="1" timestamp="2026-07-24T12:00:00Z" changeset="1" uid="1" user="Antigravity"/>
  <node id="1446" lat="43.1639893757" lon="-95.1305271786" version="1" timestamp="2026-07-24T12:00:00Z" changeset="1" uid="1" user="Antigravity"/>
  <node id="1447" lat="43.1639893757" lon="-95.1271007206" version="1" timestamp="2026-07-24T12:00:00Z" changeset="1" uid="1" user="Antigravity"/>
  <node id="1448" lat="43.1623693740" lon="-95.1271007206" version="1" timestamp="2026-07-24T12:00:00Z" changeset="1" uid="1" user="Antigravity"/>
  <node id="1449" lat="43.1623693740" lon="-95.1305271786" version="1" timestamp="2026-07-24T12:00:00Z" changeset="1" uid="1" user="Antigravity"/>
  <node id="1450" lat="43.1639893757" lon="-95.1269773681" version="1" timestamp="2026-07-24T12:00:00Z" changeset="1" uid="1" user="Antigravity"/>
  <node id="1451" lat="43.1639893757" lon="-95.1235509102" version="1" timestamp="2026-07-24T12:00:00Z" changeset="1" uid="1" user="Antigravity"/>
  <node id="1452" lat="43.1623693740" lon="-95.1235509102" version="1" timestamp="2026-07-24T12:00:00Z" changeset="1" uid="1" user="Antigravity"/>
  <node id="1453" lat="43.1623693740" lon="-95.1269773681" version="1" timestamp="2026-07-24T12:00:00Z" changeset="1" uid="1" user="Antigravity"/>
  <node id="1454" lat="43.1639893757" lon="-95.1234275577" version="1" timestamp="2026-07-24T12:00:00Z" changeset="1" uid="1" user="Antigravity"/>
  <node id="1455" lat="43.1623693740" lon="-95.1200010997" version="1" timestamp="2026-07-24T12:00:00Z" changeset="1" uid="1" user="Antigravity"/>
  <node id="1456" lat="43.1623693740" lon="-95.1234275577" version="1" timestamp="2026-07-24T12:00:00Z" changeset="1" uid="1" user="Antigravity"/>
  <node id="1457" lat="43.1639893757" lon="-95.1480912023" version="1" timestamp="2026-07-24T12:00:00Z" changeset="1" uid="1" user="Antigravity"/>
  <node id="1458" lat="43.1623243740" lon="-95.1480912023" version="1" timestamp="2026-07-24T12:00:00Z" changeset="1" uid="1" user="Antigravity"/>
  <node id="1459" lat="43.1639893757" lon="-95.1411149338" version="1" timestamp="2026-07-24T12:00:00Z" changeset="1" uid="1" user="Antigravity"/>
  <node id="1460" lat="43.1623243740" lon="-95.1411149338" version="1" timestamp="2026-07-24T12:00:00Z" changeset="1" uid="1" user="Antigravity"/>
  <node id="1461" lat="43.1639893757" lon="-95.1341386653" version="1" timestamp="2026-07-24T12:00:00Z" changeset="1" uid="1" user="Antigravity"/>
  <node id="1462" lat="43.1623243740" lon="-95.1341386653" version="1" timestamp="2026-07-24T12:00:00Z" changeset="1" uid="1" user="Antigravity"/>
  <node id="1463" lat="43.1639893757" lon="-95.1305888549" version="1" timestamp="2026-07-24T12:00:00Z" changeset="1" uid="1" user="Antigravity"/>
  <node id="1464" lat="43.1623243740" lon="-95.1305888549" version="1" timestamp="2026-07-24T12:00:00Z" changeset="1" uid="1" user="Antigravity"/>
  <node id="1465" lat="43.1639893757" lon="-95.1270390444" version="1" timestamp="2026-07-24T12:00:00Z" changeset="1" uid="1" user="Antigravity"/>
  <node id="1466" lat="43.1623243740" lon="-95.1270390444" version="1" timestamp="2026-07-24T12:00:00Z" changeset="1" uid="1" user="Antigravity"/>
  <node id="1467" lat="43.1639893757" lon="-95.1234892339" version="1" timestamp="2026-07-24T12:00:00Z" changeset="1" uid="1" user="Antigravity"/>
  <node id="1468" lat="43.1623243740" lon="-95.1234892339" version="1" timestamp="2026-07-24T12:00:00Z" changeset="1" uid="1" user="Antigravity"/>
  <node id="1469" lat="43.1622793739" lon="-95.1701562212" version="1" timestamp="2026-07-24T12:00:00Z" changeset="1" uid="1" user="Antigravity"/>
  <node id="1470" lat="43.1622793739" lon="-95.1656212032" version="1" timestamp="2026-07-24T12:00:00Z" changeset="1" uid="1" user="Antigravity"/>
  <node id="1471" lat="43.1598313715" lon="-95.1656212032" version="1" timestamp="2026-07-24T12:00:00Z" changeset="1" uid="1" user="Antigravity"/>
  <node id="1472" lat="43.1598313715" lon="-95.1701562212" version="1" timestamp="2026-07-24T12:00:00Z" changeset="1" uid="1" user="Antigravity"/>
  <node id="1473" lat="43.1622793739" lon="-95.1654978508" version="1" timestamp="2026-07-24T12:00:00Z" changeset="1" uid="1" user="Antigravity"/>
  <node id="1474" lat="43.1622793739" lon="-95.1632303418" version="1" timestamp="2026-07-24T12:00:00Z" changeset="1" uid="1" user="Antigravity"/>
  <node id="1475" lat="43.1598313715" lon="-95.1632303418" version="1" timestamp="2026-07-24T12:00:00Z" changeset="1" uid="1" user="Antigravity"/>
  <node id="1476" lat="43.1598313715" lon="-95.1654978508" version="1" timestamp="2026-07-24T12:00:00Z" changeset="1" uid="1" user="Antigravity"/>
  <node id="1477" lat="43.1622793739" lon="-95.1631069893" version="1" timestamp="2026-07-24T12:00:00Z" changeset="1" uid="1" user="Antigravity"/>
  <node id="1478" lat="43.1622793739" lon="-95.1608394803" version="1" timestamp="2026-07-24T12:00:00Z" changeset="1" uid="1" user="Antigravity"/>
  <node id="1479" lat="43.1598313715" lon="-95.1608394803" version="1" timestamp="2026-07-24T12:00:00Z" changeset="1" uid="1" user="Antigravity"/>
  <node id="1480" lat="43.1598313715" lon="-95.1631069893" version="1" timestamp="2026-07-24T12:00:00Z" changeset="1" uid="1" user="Antigravity"/>
  <node id="1481" lat="43.1622793739" lon="-95.1607161278" version="1" timestamp="2026-07-24T12:00:00Z" changeset="1" uid="1" user="Antigravity"/>
  <node id="1482" lat="43.1622793739" lon="-95.1561811099" version="1" timestamp="2026-07-24T12:00:00Z" changeset="1" uid="1" user="Antigravity"/>
  <node id="1483" lat="43.1598313715" lon="-95.1561811099" version="1" timestamp="2026-07-24T12:00:00Z" changeset="1" uid="1" user="Antigravity"/>
  <node id="1484" lat="43.1598313715" lon="-95.1607161278" version="1" timestamp="2026-07-24T12:00:00Z" changeset="1" uid="1" user="Antigravity"/>
  <node id="1485" lat="43.1622793739" lon="-95.1560577574" version="1" timestamp="2026-07-24T12:00:00Z" changeset="1" uid="1" user="Antigravity"/>
  <node id="1486" lat="43.1622793739" lon="-95.1515227395" version="1" timestamp="2026-07-24T12:00:00Z" changeset="1" uid="1" user="Antigravity"/>
  <node id="1487" lat="43.1598313715" lon="-95.1515227395" version="1" timestamp="2026-07-24T12:00:00Z" changeset="1" uid="1" user="Antigravity"/>
  <node id="1488" lat="43.1598313715" lon="-95.1560577574" version="1" timestamp="2026-07-24T12:00:00Z" changeset="1" uid="1" user="Antigravity"/>
  <node id="1489" lat="43.1622793739" lon="-95.1513993870" version="1" timestamp="2026-07-24T12:00:00Z" changeset="1" uid="1" user="Antigravity"/>
  <node id="1490" lat="43.1622793739" lon="-95.1411487953" version="1" timestamp="2026-07-24T12:00:00Z" changeset="1" uid="1" user="Antigravity"/>
  <node id="1491" lat="43.1598313715" lon="-95.1411487953" version="1" timestamp="2026-07-24T12:00:00Z" changeset="1" uid="1" user="Antigravity"/>
  <node id="1492" lat="43.1598313715" lon="-95.1513993870" version="1" timestamp="2026-07-24T12:00:00Z" changeset="1" uid="1" user="Antigravity"/>
  <node id="1493" lat="43.1622793739" lon="-95.1410254428" version="1" timestamp="2026-07-24T12:00:00Z" changeset="1" uid="1" user="Antigravity"/>
  <node id="1494" lat="43.1622793739" lon="-95.1364904249" version="1" timestamp="2026-07-24T12:00:00Z" changeset="1" uid="1" user="Antigravity"/>
  <node id="1495" lat="43.1598313715" lon="-95.1364904249" version="1" timestamp="2026-07-24T12:00:00Z" changeset="1" uid="1" user="Antigravity"/>
  <node id="1496" lat="43.1598313715" lon="-95.1410254428" version="1" timestamp="2026-07-24T12:00:00Z" changeset="1" uid="1" user="Antigravity"/>
  <node id="1497" lat="43.1622793739" lon="-95.1363670724" version="1" timestamp="2026-07-24T12:00:00Z" changeset="1" uid="1" user="Antigravity"/>
  <node id="1498" lat="43.1622793739" lon="-95.1318320545" version="1" timestamp="2026-07-24T12:00:00Z" changeset="1" uid="1" user="Antigravity"/>
  <node id="1499" lat="43.1598313715" lon="-95.1318320545" version="1" timestamp="2026-07-24T12:00:00Z" changeset="1" uid="1" user="Antigravity"/>
  <node id="1500" lat="43.1598313715" lon="-95.1363670724" version="1" timestamp="2026-07-24T12:00:00Z" changeset="1" uid="1" user="Antigravity"/>
  <node id="1501" lat="43.1622793739" lon="-95.1317087020" version="1" timestamp="2026-07-24T12:00:00Z" changeset="1" uid="1" user="Antigravity"/>
  <node id="1502" lat="43.1622793739" lon="-95.1294411930" version="1" timestamp="2026-07-24T12:00:00Z" changeset="1" uid="1" user="Antigravity"/>
  <node id="1503" lat="43.1598313715" lon="-95.1294411930" version="1" timestamp="2026-07-24T12:00:00Z" changeset="1" uid="1" user="Antigravity"/>
  <node id="1504" lat="43.1598313715" lon="-95.1317087020" version="1" timestamp="2026-07-24T12:00:00Z" changeset="1" uid="1" user="Antigravity"/>
  <node id="1505" lat="43.1622793739" lon="-95.1293178405" version="1" timestamp="2026-07-24T12:00:00Z" changeset="1" uid="1" user="Antigravity"/>
  <node id="1506" lat="43.1622793739" lon="-95.1270503315" version="1" timestamp="2026-07-24T12:00:00Z" changeset="1" uid="1" user="Antigravity"/>
  <node id="1507" lat="43.1598313715" lon="-95.1270503315" version="1" timestamp="2026-07-24T12:00:00Z" changeset="1" uid="1" user="Antigravity"/>
  <node id="1508" lat="43.1598313715" lon="-95.1293178405" version="1" timestamp="2026-07-24T12:00:00Z" changeset="1" uid="1" user="Antigravity"/>
  <node id="1509" lat="43.1622793739" lon="-95.1269269791" version="1" timestamp="2026-07-24T12:00:00Z" changeset="1" uid="1" user="Antigravity"/>
  <node id="1510" lat="43.1622793739" lon="-95.1223919611" version="1" timestamp="2026-07-24T12:00:00Z" changeset="1" uid="1" user="Antigravity"/>
  <node id="1511" lat="43.1598313715" lon="-95.1223919611" version="1" timestamp="2026-07-24T12:00:00Z" changeset="1" uid="1" user="Antigravity"/>
  <node id="1512" lat="43.1598313715" lon="-95.1269269791" version="1" timestamp="2026-07-24T12:00:00Z" changeset="1" uid="1" user="Antigravity"/>
  <node id="1513" lat="43.1622793739" lon="-95.1222686086" version="1" timestamp="2026-07-24T12:00:00Z" changeset="1" uid="1" user="Antigravity"/>
  <node id="1514" lat="43.1622793739" lon="-95.1200010997" version="1" timestamp="2026-07-24T12:00:00Z" changeset="1" uid="1" user="Antigravity"/>
  <node id="1515" lat="43.1598313715" lon="-95.1200010997" version="1" timestamp="2026-07-24T12:00:00Z" changeset="1" uid="1" user="Antigravity"/>
  <node id="1516" lat="43.1598313715" lon="-95.1222686086" version="1" timestamp="2026-07-24T12:00:00Z" changeset="1" uid="1" user="Antigravity"/>
  <node id="1517" lat="43.1623243740" lon="-95.1655595270" version="1" timestamp="2026-07-24T12:00:00Z" changeset="1" uid="1" user="Antigravity"/>
  <node id="1518" lat="43.1596513713" lon="-95.1655595270" version="1" timestamp="2026-07-24T12:00:00Z" changeset="1" uid="1" user="Antigravity"/>
  <node id="1519" lat="43.1595838712" lon="-95.1655595270" version="1" timestamp="2026-07-24T12:00:00Z" changeset="1" uid="1" user="Antigravity"/>
  <node id="1520" lat="43.1623243740" lon="-95.1631686655" version="1" timestamp="2026-07-24T12:00:00Z" changeset="1" uid="1" user="Antigravity"/>
  <node id="1521" lat="43.1596513713" lon="-95.1631686655" version="1" timestamp="2026-07-24T12:00:00Z" changeset="1" uid="1" user="Antigravity"/>
  <node id="1522" lat="43.1595838712" lon="-95.1631686655" version="1" timestamp="2026-07-24T12:00:00Z" changeset="1" uid="1" user="Antigravity"/>
  <node id="1523" lat="43.1623243740" lon="-95.1607778041" version="1" timestamp="2026-07-24T12:00:00Z" changeset="1" uid="1" user="Antigravity"/>
  <node id="1524" lat="43.1596513713" lon="-95.1607778041" version="1" timestamp="2026-07-24T12:00:00Z" changeset="1" uid="1" user="Antigravity"/>
  <node id="1525" lat="43.1595838712" lon="-95.1607778041" version="1" timestamp="2026-07-24T12:00:00Z" changeset="1" uid="1" user="Antigravity"/>
  <node id="1526" lat="43.1623243740" lon="-95.1561194337" version="1" timestamp="2026-07-24T12:00:00Z" changeset="1" uid="1" user="Antigravity"/>
  <node id="1527" lat="43.1596513713" lon="-95.1561194337" version="1" timestamp="2026-07-24T12:00:00Z" changeset="1" uid="1" user="Antigravity"/>
  <node id="1528" lat="43.1595838712" lon="-95.1561194337" version="1" timestamp="2026-07-24T12:00:00Z" changeset="1" uid="1" user="Antigravity"/>
  <node id="1529" lat="43.1623243740" lon="-95.1514610633" version="1" timestamp="2026-07-24T12:00:00Z" changeset="1" uid="1" user="Antigravity"/>
  <node id="1530" lat="43.1596513713" lon="-95.1514610633" version="1" timestamp="2026-07-24T12:00:00Z" changeset="1" uid="1" user="Antigravity"/>
  <node id="1531" lat="43.1595838712" lon="-95.1514610633" version="1" timestamp="2026-07-24T12:00:00Z" changeset="1" uid="1" user="Antigravity"/>
  <node id="1532" lat="43.1623243740" lon="-95.1410871190" version="1" timestamp="2026-07-24T12:00:00Z" changeset="1" uid="1" user="Antigravity"/>
  <node id="1533" lat="43.1596513713" lon="-95.1410871190" version="1" timestamp="2026-07-24T12:00:00Z" changeset="1" uid="1" user="Antigravity"/>
  <node id="1534" lat="43.1595838712" lon="-95.1410871190" version="1" timestamp="2026-07-24T12:00:00Z" changeset="1" uid="1" user="Antigravity"/>
  <node id="1535" lat="43.1623243740" lon="-95.1364287486" version="1" timestamp="2026-07-24T12:00:00Z" changeset="1" uid="1" user="Antigravity"/>
  <node id="1536" lat="43.1596513713" lon="-95.1364287486" version="1" timestamp="2026-07-24T12:00:00Z" changeset="1" uid="1" user="Antigravity"/>
  <node id="1537" lat="43.1595838712" lon="-95.1364287486" version="1" timestamp="2026-07-24T12:00:00Z" changeset="1" uid="1" user="Antigravity"/>
  <node id="1538" lat="43.1623243740" lon="-95.1317703782" version="1" timestamp="2026-07-24T12:00:00Z" changeset="1" uid="1" user="Antigravity"/>
  <node id="1539" lat="43.1596513713" lon="-95.1317703782" version="1" timestamp="2026-07-24T12:00:00Z" changeset="1" uid="1" user="Antigravity"/>
  <node id="1540" lat="43.1595838712" lon="-95.1317703782" version="1" timestamp="2026-07-24T12:00:00Z" changeset="1" uid="1" user="Antigravity"/>
  <node id="1541" lat="43.1623243740" lon="-95.1293795168" version="1" timestamp="2026-07-24T12:00:00Z" changeset="1" uid="1" user="Antigravity"/>
  <node id="1542" lat="43.1596513713" lon="-95.1293795168" version="1" timestamp="2026-07-24T12:00:00Z" changeset="1" uid="1" user="Antigravity"/>
  <node id="1543" lat="43.1595838712" lon="-95.1293795168" version="1" timestamp="2026-07-24T12:00:00Z" changeset="1" uid="1" user="Antigravity"/>
  <node id="1544" lat="43.1623243740" lon="-95.1269886553" version="1" timestamp="2026-07-24T12:00:00Z" changeset="1" uid="1" user="Antigravity"/>
  <node id="1545" lat="43.1596513713" lon="-95.1269886553" version="1" timestamp="2026-07-24T12:00:00Z" changeset="1" uid="1" user="Antigravity"/>
  <node id="1546" lat="43.1595838712" lon="-95.1269886553" version="1" timestamp="2026-07-24T12:00:00Z" changeset="1" uid="1" user="Antigravity"/>
  <node id="1547" lat="43.1623243740" lon="-95.1223302849" version="1" timestamp="2026-07-24T12:00:00Z" changeset="1" uid="1" user="Antigravity"/>
  <node id="1548" lat="43.1596513713" lon="-95.1223302849" version="1" timestamp="2026-07-24T12:00:00Z" changeset="1" uid="1" user="Antigravity"/>
  <node id="1549" lat="43.1595838712" lon="-95.1223302849" version="1" timestamp="2026-07-24T12:00:00Z" changeset="1" uid="1" user="Antigravity"/>
  <node id="1550" lat="43.1570773687" lon="-95.1264400995" version="1" timestamp="2026-07-24T12:00:00Z" changeset="1" uid="1" user="Antigravity"/>
  <node id="1551" lat="43.1570773687" lon="-95.1200010997" version="1" timestamp="2026-07-24T12:00:00Z" changeset="1" uid="1" user="Antigravity"/>
  <node id="1552" lat="43.1519049498" lon="-95.1200010997" version="1" timestamp="2026-07-24T12:00:00Z" changeset="1" uid="1" user="Antigravity"/>
  <node id="1553" lat="43.1519049498" lon="-95.1264400995" version="1" timestamp="2026-07-24T12:00:00Z" changeset="1" uid="1" user="Antigravity"/>
  <node id="1554" lat="43.1518599497" lon="-95.1265326139" version="1" timestamp="2026-07-24T12:00:00Z" changeset="1" uid="1" user="Antigravity"/>
  <node id="1555" lat="43.1518599497" lon="-95.1200010997" version="1" timestamp="2026-07-24T12:00:00Z" changeset="1" uid="1" user="Antigravity"/>
  <node id="1556" lat="43.1518149497" lon="-95.1264400995" version="1" timestamp="2026-07-24T12:00:00Z" changeset="1" uid="1" user="Antigravity"/>
  <node id="1557" lat="43.1518149497" lon="-95.1200010997" version="1" timestamp="2026-07-24T12:00:00Z" changeset="1" uid="1" user="Antigravity"/>
  <node id="1558" lat="43.1466425307" lon="-95.1200010997" version="1" timestamp="2026-07-24T12:00:00Z" changeset="1" uid="1" user="Antigravity"/>
  <node id="1559" lat="43.1466425307" lon="-95.1264400995" version="1" timestamp="2026-07-24T12:00:00Z" changeset="1" uid="1" user="Antigravity"/>
  <node id="1560" lat="43.1465975307" lon="-95.1265326139" version="1" timestamp="2026-07-24T12:00:00Z" changeset="1" uid="1" user="Antigravity"/>
  <node id="1561" lat="43.1465975307" lon="-95.1200010997" version="1" timestamp="2026-07-24T12:00:00Z" changeset="1" uid="1" user="Antigravity"/>
  <node id="1562" lat="43.1465525306" lon="-95.1264400995" version="1" timestamp="2026-07-24T12:00:00Z" changeset="1" uid="1" user="Antigravity"/>
  <node id="1563" lat="43.1465525306" lon="-95.1200010997" version="1" timestamp="2026-07-24T12:00:00Z" changeset="1" uid="1" user="Antigravity"/>
  <node id="1564" lat="43.1413801117" lon="-95.1200010997" version="1" timestamp="2026-07-24T12:00:00Z" changeset="1" uid="1" user="Antigravity"/>
  <node id="1565" lat="43.1413801117" lon="-95.1264400995" version="1" timestamp="2026-07-24T12:00:00Z" changeset="1" uid="1" user="Antigravity"/>
  <node id="1566" lat="43.1413351116" lon="-95.1265326139" version="1" timestamp="2026-07-24T12:00:00Z" changeset="1" uid="1" user="Antigravity"/>
  <node id="1567" lat="43.1413351116" lon="-95.1200010997" version="1" timestamp="2026-07-24T12:00:00Z" changeset="1" uid="1" user="Antigravity"/>
  <node id="1568" lat="43.1572123689" lon="-95.1200010997" version="1" timestamp="2026-07-24T12:00:00Z" changeset="1" uid="1" user="Antigravity"/>
  <node id="1569" lat="43.1274853392" lon="-95.1538403876" version="1" timestamp="2026-07-24T12:00:00Z" changeset="1" uid="1" user="Antigravity"/>
  <node id="1570" lat="43.1274853392" lon="-95.1392687583" version="1" timestamp="2026-07-24T12:00:00Z" changeset="1" uid="1" user="Antigravity"/>
  <node id="1571" lat="43.1296993414" lon="-95.1538403876" version="1" timestamp="2026-07-24T12:00:00Z" changeset="1" uid="1" user="Antigravity"/>
  <node id="1572" lat="43.1296993414" lon="-95.1392687583" version="1" timestamp="2026-07-24T12:00:00Z" changeset="1" uid="1" user="Antigravity"/>
  <node id="1573" lat="43.1295643412" lon="-95.1538403876" version="1" timestamp="2026-07-24T12:00:00Z" changeset="1" uid="1" user="Antigravity"/>
  <node id="1574" lat="43.1295643412" lon="-95.1483820400" version="1" timestamp="2026-07-24T12:00:00Z" changeset="1" uid="1" user="Antigravity"/>
  <node id="1575" lat="43.1275303392" lon="-95.1483820400" version="1" timestamp="2026-07-24T12:00:00Z" changeset="1" uid="1" user="Antigravity"/>
  <node id="1576" lat="43.1275303392" lon="-95.1538403876" version="1" timestamp="2026-07-24T12:00:00Z" changeset="1" uid="1" user="Antigravity"/>
  <node id="1577" lat="43.1295643412" lon="-95.1482586876" version="1" timestamp="2026-07-24T12:00:00Z" changeset="1" uid="1" user="Antigravity"/>
  <node id="1578" lat="43.1295643412" lon="-95.1392687583" version="1" timestamp="2026-07-24T12:00:00Z" changeset="1" uid="1" user="Antigravity"/>
  <node id="1579" lat="43.1275303392" lon="-95.1392687583" version="1" timestamp="2026-07-24T12:00:00Z" changeset="1" uid="1" user="Antigravity"/>
  <node id="1580" lat="43.1275303392" lon="-95.1482586876" version="1" timestamp="2026-07-24T12:00:00Z" changeset="1" uid="1" user="Antigravity"/>
  <node id="1581" lat="43.1296993414" lon="-95.1483203638" version="1" timestamp="2026-07-24T12:00:00Z" changeset="1" uid="1" user="Antigravity"/>
  <node id="1582" lat="43.1274853392" lon="-95.1483203638" version="1" timestamp="2026-07-24T12:00:00Z" changeset="1" uid="1" user="Antigravity"/>
  <node id="1583" lat="43.1272603389" lon="-95.1366504290" version="1" timestamp="2026-07-24T12:00:00Z" changeset="1" uid="1" user="Antigravity"/>
  <node id="1584" lat="43.1273323390" lon="-95.1366354293" version="1" timestamp="2026-07-24T12:00:00Z" changeset="1" uid="1" user="Antigravity"/>
  <node id="1585" lat="43.1274043391" lon="-95.1366217705" version="1" timestamp="2026-07-24T12:00:00Z" changeset="1" uid="1" user="Antigravity"/>
  <node id="1586" lat="43.1274763391" lon="-95.1366131554" version="1" timestamp="2026-07-24T12:00:00Z" changeset="1" uid="1" user="Antigravity"/>
  <node id="1587" lat="43.1275483392" lon="-95.1366085878" version="1" timestamp="2026-07-24T12:00:00Z" changeset="1" uid="1" user="Antigravity"/>
  <node id="1588" lat="43.1276203393" lon="-95.1366085878" version="1" timestamp="2026-07-24T12:00:00Z" changeset="1" uid="1" user="Antigravity"/>
  <node id="1589" lat="43.1276923394" lon="-95.1366119048" version="1" timestamp="2026-07-24T12:00:00Z" changeset="1" uid="1" user="Antigravity"/>
  <node id="1590" lat="43.1277643394" lon="-95.1366176826" version="1" timestamp="2026-07-24T12:00:00Z" changeset="1" uid="1" user="Antigravity"/>
  <node id="1591" lat="43.1278363395" lon="-95.1366259818" version="1" timestamp="2026-07-24T12:00:00Z" changeset="1" uid="1" user="Antigravity"/>
  <node id="1592" lat="43.1279083396" lon="-95.1366356882" version="1" timestamp="2026-07-24T12:00:00Z" changeset="1" uid="1" user="Antigravity"/>
  <node id="1593" lat="43.1279803396" lon="-95.1366454620" version="1" timestamp="2026-07-24T12:00:00Z" changeset="1" uid="1" user="Antigravity"/>
  <node id="1594" lat="43.1280523397" lon="-95.1366553302" version="1" timestamp="2026-07-24T12:00:00Z" changeset="1" uid="1" user="Antigravity"/>
  <node id="1595" lat="43.1281243398" lon="-95.1366647663" version="1" timestamp="2026-07-24T12:00:00Z" changeset="1" uid="1" user="Antigravity"/>
  <node id="1596" lat="43.1281963399" lon="-95.1366738225" version="1" timestamp="2026-07-24T12:00:00Z" changeset="1" uid="1" user="Antigravity"/>
  <node id="1597" lat="43.1282683399" lon="-95.1366838856" version="1" timestamp="2026-07-24T12:00:00Z" changeset="1" uid="1" user="Antigravity"/>
  <node id="1598" lat="43.1283163400" lon="-95.1366906913" version="1" timestamp="2026-07-24T12:00:00Z" changeset="1" uid="1" user="Antigravity"/>
  <node id="1599" lat="43.1283403400" lon="-95.1366942474" version="1" timestamp="2026-07-24T12:00:00Z" changeset="1" uid="1" user="Antigravity"/>
  <node id="1600" lat="43.1284123401" lon="-95.1367059421" version="1" timestamp="2026-07-24T12:00:00Z" changeset="1" uid="1" user="Antigravity"/>
  <node id="1601" lat="43.1284843401" lon="-95.1367196621" version="1" timestamp="2026-07-24T12:00:00Z" changeset="1" uid="1" user="Antigravity"/>
  <node id="1602" lat="43.1285563402" lon="-95.1367354636" version="1" timestamp="2026-07-24T12:00:00Z" changeset="1" uid="1" user="Antigravity"/>
  <node id="1603" lat="43.1286283403" lon="-95.1367539967" version="1" timestamp="2026-07-24T12:00:00Z" changeset="1" uid="1" user="Antigravity"/>
  <node id="1604" lat="43.1287003404" lon="-95.1367752758" version="1" timestamp="2026-07-24T12:00:00Z" changeset="1" uid="1" user="Antigravity"/>
  <node id="1605" lat="43.1287403404" lon="-95.1367893733" version="1" timestamp="2026-07-24T12:00:00Z" changeset="1" uid="1" user="Antigravity"/>
  <node id="1606" lat="43.1287723404" lon="-95.1368009829" version="1" timestamp="2026-07-24T12:00:00Z" changeset="1" uid="1" user="Antigravity"/>
  <node id="1607" lat="43.1288443405" lon="-95.1368308197" version="1" timestamp="2026-07-24T12:00:00Z" changeset="1" uid="1" user="Antigravity"/>
  <node id="1608" lat="43.1289163406" lon="-95.1368648952" version="1" timestamp="2026-07-24T12:00:00Z" changeset="1" uid="1" user="Antigravity"/>
  <node id="1609" lat="43.1289610974" lon="-95.1368880552" version="1" timestamp="2026-07-24T12:00:00Z" changeset="1" uid="1" user="Antigravity"/>
  <node id="1610" lat="43.1289883407" lon="-95.1369025979" version="1" timestamp="2026-07-24T12:00:00Z" changeset="1" uid="1" user="Antigravity"/>
  <node id="1611" lat="43.1290603407" lon="-95.1369432323" version="1" timestamp="2026-07-24T12:00:00Z" changeset="1" uid="1" user="Antigravity"/>
  <node id="1612" lat="43.1291323408" lon="-95.1369856646" version="1" timestamp="2026-07-24T12:00:00Z" changeset="1" uid="1" user="Antigravity"/>
  <node id="1613" lat="43.1291342355" lon="-95.1369867372" version="1" timestamp="2026-07-24T12:00:00Z" changeset="1" uid="1" user="Antigravity"/>
  <node id="1614" lat="43.1292043409" lon="-95.1370273065" version="1" timestamp="2026-07-24T12:00:00Z" changeset="1" uid="1" user="Antigravity"/>
  <node id="1615" lat="43.1292763409" lon="-95.1370685984" version="1" timestamp="2026-07-24T12:00:00Z" changeset="1" uid="1" user="Antigravity"/>
  <node id="1616" lat="43.1293081057" lon="-95.1370854192" version="1" timestamp="2026-07-24T12:00:00Z" changeset="1" uid="1" user="Antigravity"/>
  <node id="1617" lat="43.1293483410" lon="-95.1371069705" version="1" timestamp="2026-07-24T12:00:00Z" changeset="1" uid="1" user="Antigravity"/>
  <node id="1618" lat="43.1294203411" lon="-95.1371416450" version="1" timestamp="2026-07-24T12:00:00Z" changeset="1" uid="1" user="Antigravity"/>
  <node id="1619" lat="43.1294923412" lon="-95.1371723534" version="1" timestamp="2026-07-24T12:00:00Z" changeset="1" uid="1" user="Antigravity"/>
  <node id="1620" lat="43.1295266269" lon="-95.1371841012" version="1" timestamp="2026-07-24T12:00:00Z" changeset="1" uid="1" user="Antigravity"/>
  <node id="1621" lat="43.1295643412" lon="-95.1371971795" version="1" timestamp="2026-07-24T12:00:00Z" changeset="1" uid="1" user="Antigravity"/>
  <node id="1622" lat="43.1296363413" lon="-95.1372153906" version="1" timestamp="2026-07-24T12:00:00Z" changeset="1" uid="1" user="Antigravity"/>
  <node id="1623" lat="43.1297083414" lon="-95.1372260411" version="1" timestamp="2026-07-24T12:00:00Z" changeset="1" uid="1" user="Antigravity"/>
  <node id="1624" lat="43.1297803414" lon="-95.1372290702" version="1" timestamp="2026-07-24T12:00:00Z" changeset="1" uid="1" user="Antigravity"/>
  <node id="1625" lat="43.1298523415" lon="-95.1372233210" version="1" timestamp="2026-07-24T12:00:00Z" changeset="1" uid="1" user="Antigravity"/>
  <node id="1626" lat="43.1299243416" lon="-95.1372110145" version="1" timestamp="2026-07-24T12:00:00Z" changeset="1" uid="1" user="Antigravity"/>
  <node id="1627" lat="43.1299963417" lon="-95.1371919958" version="1" timestamp="2026-07-24T12:00:00Z" changeset="1" uid="1" user="Antigravity"/>
  <node id="1628" lat="43.1300190785" lon="-95.1371841012" version="1" timestamp="2026-07-24T12:00:00Z" changeset="1" uid="1" user="Antigravity"/>
  <node id="1629" lat="43.1300683417" lon="-95.1371669963" version="1" timestamp="2026-07-24T12:00:00Z" changeset="1" uid="1" user="Antigravity"/>
  <node id="1630" lat="43.1301403418" lon="-95.1371374273" version="1" timestamp="2026-07-24T12:00:00Z" changeset="1" uid="1" user="Antigravity"/>
  <node id="1631" lat="43.1302123419" lon="-95.1371043445" version="1" timestamp="2026-07-24T12:00:00Z" changeset="1" uid="1" user="Antigravity"/>
  <node id="1632" lat="43.1302526619" lon="-95.1370854192" version="1" timestamp="2026-07-24T12:00:00Z" changeset="1" uid="1" user="Antigravity"/>
  <node id="1633" lat="43.1302843419" lon="-95.1370707503" version="1" timestamp="2026-07-24T12:00:00Z" changeset="1" uid="1" user="Antigravity"/>
  <node id="1634" lat="43.1303563420" lon="-95.1370367541" version="1" timestamp="2026-07-24T12:00:00Z" changeset="1" uid="1" user="Antigravity"/>
  <node id="1635" lat="43.1304283421" lon="-95.1370031842" version="1" timestamp="2026-07-24T12:00:00Z" changeset="1" uid="1" user="Antigravity"/>
  <node id="1636" lat="43.1304659073" lon="-95.1369867372" version="1" timestamp="2026-07-24T12:00:00Z" changeset="1" uid="1" user="Antigravity"/>
  <node id="1637" lat="43.1305003422" lon="-95.1369716608" version="1" timestamp="2026-07-24T12:00:00Z" changeset="1" uid="1" user="Antigravity"/>
  <node id="1638" lat="43.1305723422" lon="-95.1369438320" version="1" timestamp="2026-07-24T12:00:00Z" changeset="1" uid="1" user="Antigravity"/>
  <node id="1639" lat="43.1306443423" lon="-95.1369189854" version="1" timestamp="2026-07-24T12:00:00Z" changeset="1" uid="1" user="Antigravity"/>
  <node id="1640" lat="43.1307163424" lon="-95.1368971643" version="1" timestamp="2026-07-24T12:00:00Z" changeset="1" uid="1" user="Antigravity"/>
  <node id="1641" lat="43.1307495732" lon="-95.1368880552" version="1" timestamp="2026-07-24T12:00:00Z" changeset="1" uid="1" user="Antigravity"/>
  <node id="1642" lat="43.1307883425" lon="-95.1368769137" version="1" timestamp="2026-07-24T12:00:00Z" changeset="1" uid="1" user="Antigravity"/>
  <node id="1643" lat="43.1308603425" lon="-95.1368591312" version="1" timestamp="2026-07-24T12:00:00Z" changeset="1" uid="1" user="Antigravity"/>
  <node id="1644" lat="43.1309323426" lon="-95.1368431998" version="1" timestamp="2026-07-24T12:00:00Z" changeset="1" uid="1" user="Antigravity"/>
  <node id="1645" lat="43.1310043427" lon="-95.1368300070" version="1" timestamp="2026-07-24T12:00:00Z" changeset="1" uid="1" user="Antigravity"/>
  <node id="1646" lat="43.1310763427" lon="-95.1368202114" version="1" timestamp="2026-07-24T12:00:00Z" changeset="1" uid="1" user="Antigravity"/>
  <node id="1647" lat="43.1311483428" lon="-95.1368140437" version="1" timestamp="2026-07-24T12:00:00Z" changeset="1" uid="1" user="Antigravity"/>
  <node id="1648" lat="43.1312203429" lon="-95.1368086283" version="1" timestamp="2026-07-24T12:00:00Z" changeset="1" uid="1" user="Antigravity"/>
  <node id="1649" lat="43.1312923430" lon="-95.1368070854" version="1" timestamp="2026-07-24T12:00:00Z" changeset="1" uid="1" user="Antigravity"/>
  <node id="1650" lat="43.1313643430" lon="-95.1368075515" version="1" timestamp="2026-07-24T12:00:00Z" changeset="1" uid="1" user="Antigravity"/>
  <node id="1651" lat="43.1314363431" lon="-95.1368058202" version="1" timestamp="2026-07-24T12:00:00Z" changeset="1" uid="1" user="Antigravity"/>
  <node id="1652" lat="43.1315083432" lon="-95.1368053757" version="1" timestamp="2026-07-24T12:00:00Z" changeset="1" uid="1" user="Antigravity"/>
  <node id="1653" lat="43.1315803432" lon="-95.1368049546" version="1" timestamp="2026-07-24T12:00:00Z" changeset="1" uid="1" user="Antigravity"/>
  <node id="1654" lat="43.1316523433" lon="-95.1368041756" version="1" timestamp="2026-07-24T12:00:00Z" changeset="1" uid="1" user="Antigravity"/>
  <node id="1655" lat="43.1317243434" lon="-95.1368011211" version="1" timestamp="2026-07-24T12:00:00Z" changeset="1" uid="1" user="Antigravity"/>
  <node id="1656" lat="43.1317963435" lon="-95.1367983443" version="1" timestamp="2026-07-24T12:00:00Z" changeset="1" uid="1" user="Antigravity"/>
  <node id="1657" lat="43.1318683435" lon="-95.1367935725" version="1" timestamp="2026-07-24T12:00:00Z" changeset="1" uid="1" user="Antigravity"/>
  <node id="1658" lat="43.1319163436" lon="-95.1367893733" version="1" timestamp="2026-07-24T12:00:00Z" changeset="1" uid="1" user="Antigravity"/>
  <node id="1659" lat="43.1319403436" lon="-95.1367873174" version="1" timestamp="2026-07-24T12:00:00Z" changeset="1" uid="1" user="Antigravity"/>
  <node id="1660" lat="43.1320123437" lon="-95.1367796985" version="1" timestamp="2026-07-24T12:00:00Z" changeset="1" uid="1" user="Antigravity"/>
  <node id="1661" lat="43.1320843437" lon="-95.1367688921" version="1" timestamp="2026-07-24T12:00:00Z" changeset="1" uid="1" user="Antigravity"/>
  <node id="1662" lat="43.1321563438" lon="-95.1367564793" version="1" timestamp="2026-07-24T12:00:00Z" changeset="1" uid="1" user="Antigravity"/>
  <node id="1663" lat="43.1322283439" lon="-95.1367400323" version="1" timestamp="2026-07-24T12:00:00Z" changeset="1" uid="1" user="Antigravity"/>
  <node id="1664" lat="43.1323003440" lon="-95.1367188861" version="1" timestamp="2026-07-24T12:00:00Z" changeset="1" uid="1" user="Antigravity"/>
  <node id="1665" lat="43.1323723440" lon="-95.1366906913" version="1" timestamp="2026-07-24T12:00:00Z" changeset="1" uid="1" user="Antigravity"/>
  <node id="1666" lat="43.1324443441" lon="-95.1366504129" version="1" timestamp="2026-07-24T12:00:00Z" changeset="1" uid="1" user="Antigravity"/>
  <node id="1667" lat="43.1325163442" lon="-95.1365981769" version="1" timestamp="2026-07-24T12:00:00Z" changeset="1" uid="1" user="Antigravity"/>
  <node id="1668" lat="43.1325230942" lon="-95.1365920093" version="1" timestamp="2026-07-24T12:00:00Z" changeset="1" uid="1" user="Antigravity"/>
  <node id="1669" lat="43.1325883443" lon="-95.1365238717" version="1" timestamp="2026-07-24T12:00:00Z" changeset="1" uid="1" user="Antigravity"/>
  <node id="1670" lat="43.1326123443" lon="-95.1364933273" version="1" timestamp="2026-07-24T12:00:00Z" changeset="1" uid="1" user="Antigravity"/>
  <node id="1671" lat="43.1326603443" lon="-95.1364178646" version="1" timestamp="2026-07-24T12:00:00Z" changeset="1" uid="1" user="Antigravity"/>
  <node id="1672" lat="43.1326728661" lon="-95.1363946453" version="1" timestamp="2026-07-24T12:00:00Z" changeset="1" uid="1" user="Antigravity"/>
  <node id="1673" lat="43.1327176505" lon="-95.1362959633" version="1" timestamp="2026-07-24T12:00:00Z" changeset="1" uid="1" user="Antigravity"/>
  <node id="1674" lat="43.1327323444" lon="-95.1362530581" version="1" timestamp="2026-07-24T12:00:00Z" changeset="1" uid="1" user="Antigravity"/>
  <node id="1675" lat="43.1327490587" lon="-95.1361972813" version="1" timestamp="2026-07-24T12:00:00Z" changeset="1" uid="1" user="Antigravity"/>
  <node id="1676" lat="43.1327727655" lon="-95.1360985993" version="1" timestamp="2026-07-24T12:00:00Z" changeset="1" uid="1" user="Antigravity"/>
  <node id="1677" lat="43.1327894479" lon="-95.1359999173" version="1" timestamp="2026-07-24T12:00:00Z" changeset="1" uid="1" user="Antigravity"/>
  <node id="1678" lat="43.1328019038" lon="-95.1359012353" version="1" timestamp="2026-07-24T12:00:00Z" changeset="1" uid="1" user="Antigravity"/>
  <node id="1679" lat="43.1328043445" lon="-95.1358765648" version="1" timestamp="2026-07-24T12:00:00Z" changeset="1" uid="1" user="Antigravity"/>
  <node id="1680" lat="43.1328112016" lon="-95.1358025534" version="1" timestamp="2026-07-24T12:00:00Z" changeset="1" uid="1" user="Antigravity"/>
  <node id="1681" lat="43.1328180588" lon="-95.1357038714" version="1" timestamp="2026-07-24T12:00:00Z" changeset="1" uid="1" user="Antigravity"/>
  <node id="1682" lat="43.1328237731" lon="-95.1356051894" version="1" timestamp="2026-07-24T12:00:00Z" changeset="1" uid="1" user="Antigravity"/>
  <node id="1683" lat="43.1328283445" lon="-95.1355065074" version="1" timestamp="2026-07-24T12:00:00Z" changeset="1" uid="1" user="Antigravity"/>
  <node id="1684" lat="43.1328329159" lon="-95.1354078254" version="1" timestamp="2026-07-24T12:00:00Z" changeset="1" uid="1" user="Antigravity"/>
  <node id="1685" lat="43.1328386302" lon="-95.1353091434" version="1" timestamp="2026-07-24T12:00:00Z" changeset="1" uid="1" user="Antigravity"/>
  <node id="1686" lat="43.1328454874" lon="-95.1352104614" version="1" timestamp="2026-07-24T12:00:00Z" changeset="1" uid="1" user="Antigravity"/>
  <node id="1687" lat="43.1328549695" lon="-95.1351117794" version="1" timestamp="2026-07-24T12:00:00Z" changeset="1" uid="1" user="Antigravity"/>
  <node id="1688" lat="43.1328672017" lon="-95.1350130974" version="1" timestamp="2026-07-24T12:00:00Z" changeset="1" uid="1" user="Antigravity"/>
  <node id="1689" lat="43.1328763445" lon="-95.1349523701" version="1" timestamp="2026-07-24T12:00:00Z" changeset="1" uid="1" user="Antigravity"/>
  <node id="1690" lat="43.1328816387" lon="-95.1349144154" version="1" timestamp="2026-07-24T12:00:00Z" changeset="1" uid="1" user="Antigravity"/>
  <node id="1691" lat="43.1328996387" lon="-95.1348157334" version="1" timestamp="2026-07-24T12:00:00Z" changeset="1" uid="1" user="Antigravity"/>
  <node id="1692" lat="43.1329201707" lon="-95.1347170515" version="1" timestamp="2026-07-24T12:00:00Z" changeset="1" uid="1" user="Antigravity"/>
  <node id="1693" lat="43.1329431272" lon="-95.1346183695" version="1" timestamp="2026-07-24T12:00:00Z" changeset="1" uid="1" user="Antigravity"/>
  <node id="1694" lat="43.1329483446" lon="-95.1345978107" version="1" timestamp="2026-07-24T12:00:00Z" changeset="1" uid="1" user="Antigravity"/>
  <node id="1695" lat="43.1329673446" lon="-95.1345196875" version="1" timestamp="2026-07-24T12:00:00Z" changeset="1" uid="1" user="Antigravity"/>
  <node id="1696" lat="43.1329927282" lon="-95.1344210055" version="1" timestamp="2026-07-24T12:00:00Z" changeset="1" uid="1" user="Antigravity"/>
  <node id="1697" lat="43.1330183721" lon="-95.1343223235" version="1" timestamp="2026-07-24T12:00:00Z" changeset="1" uid="1" user="Antigravity"/>
  <node id="1698" lat="43.1330203447" lon="-95.1343147326" version="1" timestamp="2026-07-24T12:00:00Z" changeset="1" uid="1" user="Antigravity"/>
  <node id="1699" lat="43.1330436961" lon="-95.1342236415" version="1" timestamp="2026-07-24T12:00:00Z" changeset="1" uid="1" user="Antigravity"/>
  <node id="1700" lat="43.1330680204" lon="-95.1341249595" version="1" timestamp="2026-07-24T12:00:00Z" changeset="1" uid="1" user="Antigravity"/>
  <node id="1701" lat="43.1330903988" lon="-95.1340262775" version="1" timestamp="2026-07-24T12:00:00Z" changeset="1" uid="1" user="Antigravity"/>
  <node id="1702" lat="43.1330923448" lon="-95.1340173064" version="1" timestamp="2026-07-24T12:00:00Z" changeset="1" uid="1" user="Antigravity"/>
  <node id="1703" lat="43.1331120708" lon="-95.1339275955" version="1" timestamp="2026-07-24T12:00:00Z" changeset="1" uid="1" user="Antigravity"/>
  <node id="1704" lat="43.1331308105" lon="-95.1338289135" version="1" timestamp="2026-07-24T12:00:00Z" changeset="1" uid="1" user="Antigravity"/>
  <node id="1705" lat="43.1331471054" lon="-95.1337302316" version="1" timestamp="2026-07-24T12:00:00Z" changeset="1" uid="1" user="Antigravity"/>
  <node id="1706" lat="43.1331602305" lon="-95.1336315496" version="1" timestamp="2026-07-24T12:00:00Z" changeset="1" uid="1" user="Antigravity"/>
  <node id="1707" lat="43.1331643448" lon="-95.1335920768" version="1" timestamp="2026-07-24T12:00:00Z" changeset="1" uid="1" user="Antigravity"/>
  <node id="1708" lat="43.1331706978" lon="-95.1335328676" version="1" timestamp="2026-07-24T12:00:00Z" changeset="1" uid="1" user="Antigravity"/>
  <node id="1709" lat="43.1331802272" lon="-95.1334341856" version="1" timestamp="2026-07-24T12:00:00Z" changeset="1" uid="1" user="Antigravity"/>
  <node id="1710" lat="43.1331890613" lon="-95.1333355036" version="1" timestamp="2026-07-24T12:00:00Z" changeset="1" uid="1" user="Antigravity"/>
  <node id="1711" lat="43.1331975756" lon="-95.1332368216" version="1" timestamp="2026-07-24T12:00:00Z" changeset="1" uid="1" user="Antigravity"/>
  <node id="1712" lat="43.1332070949" lon="-95.1331381396" version="1" timestamp="2026-07-24T12:00:00Z" changeset="1" uid="1" user="Antigravity"/>
  <node id="1713" lat="43.1332169163" lon="-95.1330394576" version="1" timestamp="2026-07-24T12:00:00Z" changeset="1" uid="1" user="Antigravity"/>
  <node id="1714" lat="43.1332293772" lon="-95.1329407756" version="1" timestamp="2026-07-24T12:00:00Z" changeset="1" uid="1" user="Antigravity"/>
  <node id="1715" lat="43.1332363449" lon="-95.1328952301" version="1" timestamp="2026-07-24T12:00:00Z" changeset="1" uid="1" user="Antigravity"/>
  <node id="1716" lat="43.1332447449" lon="-95.1328420936" version="1" timestamp="2026-07-24T12:00:00Z" changeset="1" uid="1" user="Antigravity"/>
  <node id="1717" lat="43.1332644127" lon="-95.1327434117" version="1" timestamp="2026-07-24T12:00:00Z" changeset="1" uid="1" user="Antigravity"/>
  <node id="1718" lat="43.1332897243" lon="-95.1326447297" version="1" timestamp="2026-07-24T12:00:00Z" changeset="1" uid="1" user="Antigravity"/>
  <node id="1719" lat="43.1333083450" lon="-95.1325877977" version="1" timestamp="2026-07-24T12:00:00Z" changeset="1" uid="1" user="Antigravity"/>
  <node id="1720" lat="43.1333224878" lon="-95.1325460477" version="1" timestamp="2026-07-24T12:00:00Z" changeset="1" uid="1" user="Antigravity"/>
  <node id="1721" lat="43.1333597736" lon="-95.1324473657" version="1" timestamp="2026-07-24T12:00:00Z" changeset="1" uid="1" user="Antigravity"/>
  <node id="1722" lat="43.1333803450" lon="-95.1323980247" version="1" timestamp="2026-07-24T12:00:00Z" changeset="1" uid="1" user="Antigravity"/>
  <node id="1723" lat="43.1334012905" lon="-95.1323486837" version="1" timestamp="2026-07-24T12:00:00Z" changeset="1" uid="1" user="Antigravity"/>
  <node id="1724" lat="43.1334457997" lon="-95.1322500017" version="1" timestamp="2026-07-24T12:00:00Z" changeset="1" uid="1" user="Antigravity"/>
  <node id="1725" lat="43.1334523451" lon="-95.1322354896" version="1" timestamp="2026-07-24T12:00:00Z" changeset="1" uid="1" user="Antigravity"/>
  <node id="1726" lat="43.1334896309" lon="-95.1321513197" version="1" timestamp="2026-07-24T12:00:00Z" changeset="1" uid="1" user="Antigravity"/>
  <node id="1727" lat="43.1335243452" lon="-95.1320705799" version="1" timestamp="2026-07-24T12:00:00Z" changeset="1" uid="1" user="Antigravity"/>
  <node id="1728" lat="43.1335320595" lon="-95.1320526377" version="1" timestamp="2026-07-24T12:00:00Z" changeset="1" uid="1" user="Antigravity"/>
  <node id="1729" lat="43.1335702763" lon="-95.1319539557" version="1" timestamp="2026-07-24T12:00:00Z" changeset="1" uid="1" user="Antigravity"/>
  <node id="1730" lat="43.1335963453" lon="-95.1318799442" version="1" timestamp="2026-07-24T12:00:00Z" changeset="1" uid="1" user="Antigravity"/>
  <node id="1731" lat="43.1336050349" lon="-95.1318552737" version="1" timestamp="2026-07-24T12:00:00Z" changeset="1" uid="1" user="Antigravity"/>
  <node id="1732" lat="43.1336335453" lon="-95.1317565918" version="1" timestamp="2026-07-24T12:00:00Z" changeset="1" uid="1" user="Antigravity"/>
  <node id="1733" lat="43.1336589027" lon="-95.1316579098" version="1" timestamp="2026-07-24T12:00:00Z" changeset="1" uid="1" user="Antigravity"/>
  <node id="1734" lat="43.1336683453" lon="-95.1316114712" version="1" timestamp="2026-07-24T12:00:00Z" changeset="1" uid="1" user="Antigravity"/>
  <node id="1735" lat="43.1336787970" lon="-95.1315592278" version="1" timestamp="2026-07-24T12:00:00Z" changeset="1" uid="1" user="Antigravity"/>
  <node id="1736" lat="43.1336938937" lon="-95.1314605458" version="1" timestamp="2026-07-24T12:00:00Z" changeset="1" uid="1" user="Antigravity"/>
  <node id="1737" lat="43.1337054704" lon="-95.1313618638" version="1" timestamp="2026-07-24T12:00:00Z" changeset="1" uid="1" user="Antigravity"/>
  <node id="1738" lat="43.1337148685" lon="-95.1312631818" version="1" timestamp="2026-07-24T12:00:00Z" changeset="1" uid="1" user="Antigravity"/>
  <node id="1739" lat="43.1337217999" lon="-95.1311644998" version="1" timestamp="2026-07-24T12:00:00Z" changeset="1" uid="1" user="Antigravity"/>
  <node id="1740" lat="43.1337281608" lon="-95.1310658178" version="1" timestamp="2026-07-24T12:00:00Z" changeset="1" uid="1" user="Antigravity"/>
  <node id="1741" lat="43.1337327090" lon="-95.1309671358" version="1" timestamp="2026-07-24T12:00:00Z" changeset="1" uid="1" user="Antigravity"/>
  <node id="1742" lat="43.1337381636" lon="-95.1308684538" version="1" timestamp="2026-07-24T12:00:00Z" changeset="1" uid="1" user="Antigravity"/>
  <node id="1743" lat="43.1337403454" lon="-95.1308289810" version="1" timestamp="2026-07-24T12:00:00Z" changeset="1" uid="1" user="Antigravity"/>
  <node id="1744" lat="43.1337437204" lon="-95.1307697719" version="1" timestamp="2026-07-24T12:00:00Z" changeset="1" uid="1" user="Antigravity"/>
  <node id="1745" lat="43.1337493454" lon="-95.1306710899" version="1" timestamp="2026-07-24T12:00:00Z" changeset="1" uid="1" user="Antigravity"/>
  <node id="1746" lat="43.1337569608" lon="-95.1305724079" version="1" timestamp="2026-07-24T12:00:00Z" changeset="1" uid="1" user="Antigravity"/>
  <node id="1747" lat="43.1337658224" lon="-95.1304737259" version="1" timestamp="2026-07-24T12:00:00Z" changeset="1" uid="1" user="Antigravity"/>
  <node id="1748" lat="43.1337774364" lon="-95.1303750439" version="1" timestamp="2026-07-24T12:00:00Z" changeset="1" uid="1" user="Antigravity"/>
  <node id="1749" lat="43.1337916182" lon="-95.1302763619" version="1" timestamp="2026-07-24T12:00:00Z" changeset="1" uid="1" user="Antigravity"/>
  <node id="1750" lat="43.1338079818" lon="-95.1301776799" version="1" timestamp="2026-07-24T12:00:00Z" changeset="1" uid="1" user="Antigravity"/>
  <node id="1751" lat="43.1338123455" lon="-95.1301544606" version="1" timestamp="2026-07-24T12:00:00Z" changeset="1" uid="1" user="Antigravity"/>
  <node id="1752" lat="43.1338267455" lon="-95.1300789979" version="1" timestamp="2026-07-24T12:00:00Z" changeset="1" uid="1" user="Antigravity"/>
  <node id="1753" lat="43.1338494364" lon="-95.1299803159" version="1" timestamp="2026-07-24T12:00:00Z" changeset="1" uid="1" user="Antigravity"/>
  <node id="1754" lat="43.1338735993" lon="-95.1298816339" version="1" timestamp="2026-07-24T12:00:00Z" changeset="1" uid="1" user="Antigravity"/>
  <node id="1755" lat="43.1338843455" lon="-95.1298436793" version="1" timestamp="2026-07-24T12:00:00Z" changeset="1" uid="1" user="Antigravity"/>
  <node id="1756" lat="43.1339020686" lon="-95.1297829520" version="1" timestamp="2026-07-24T12:00:00Z" changeset="1" uid="1" user="Antigravity"/>
  <node id="1757" lat="43.1339334365" lon="-95.1296842700" version="1" timestamp="2026-07-24T12:00:00Z" changeset="1" uid="1" user="Antigravity"/>
  <node id="1758" lat="43.1339563456" lon="-95.1296195099" version="1" timestamp="2026-07-24T12:00:00Z" changeset="1" uid="1" user="Antigravity"/>
  <node id="1759" lat="43.1339685302" lon="-95.1295855880" version="1" timestamp="2026-07-24T12:00:00Z" changeset="1" uid="1" user="Antigravity"/>
  <node id="1760" lat="43.1340050841" lon="-95.1294869060" version="1" timestamp="2026-07-24T12:00:00Z" changeset="1" uid="1" user="Antigravity"/>
  <node id="1761" lat="43.1340283457" lon="-95.1294276968" version="1" timestamp="2026-07-24T12:00:00Z" changeset="1" uid="1" user="Antigravity"/>
  <node id="1762" lat="43.1340440957" lon="-95.1293882240" version="1" timestamp="2026-07-24T12:00:00Z" changeset="1" uid="1" user="Antigravity"/>
  <node id="1763" lat="43.1340857208" lon="-95.1292895420" version="1" timestamp="2026-07-24T12:00:00Z" changeset="1" uid="1" user="Antigravity"/>
  <node id="1764" lat="43.1341003458" lon="-95.1292557824" version="1" timestamp="2026-07-24T12:00:00Z" changeset="1" uid="1" user="Antigravity"/>
  <node id="1765" lat="43.1341293781" lon="-95.1291908600" version="1" timestamp="2026-07-24T12:00:00Z" changeset="1" uid="1" user="Antigravity"/>
  <node id="1766" lat="43.1341723458" lon="-95.1290995792" version="1" timestamp="2026-07-24T12:00:00Z" changeset="1" uid="1" user="Antigravity"/>
  <node id="1767" lat="43.1341759458" lon="-95.1290921780" version="1" timestamp="2026-07-24T12:00:00Z" changeset="1" uid="1" user="Antigravity"/>
  <node id="1768" lat="43.1342275459" lon="-95.1289934960" version="1" timestamp="2026-07-24T12:00:00Z" changeset="1" uid="1" user="Antigravity"/>
  <node id="1769" lat="43.1342443459" lon="-95.1289634624" version="1" timestamp="2026-07-24T12:00:00Z" changeset="1" uid="1" user="Antigravity"/>
  <node id="1770" lat="43.1342847670" lon="-95.1288948140" version="1" timestamp="2026-07-24T12:00:00Z" changeset="1" uid="1" user="Antigravity"/>
  <node id="1771" lat="43.1343163460" lon="-95.1288444661" version="1" timestamp="2026-07-24T12:00:00Z" changeset="1" uid="1" user="Antigravity"/>
  <node id="1772" lat="43.1343483460" lon="-95.1287961321" version="1" timestamp="2026-07-24T12:00:00Z" changeset="1" uid="1" user="Antigravity"/>
  <node id="1773" lat="43.1343883461" lon="-95.1287392001" version="1" timestamp="2026-07-24T12:00:00Z" changeset="1" uid="1" user="Antigravity"/>
  <node id="1774" lat="43.1344200261" lon="-95.1286974501" version="1" timestamp="2026-07-24T12:00:00Z" changeset="1" uid="1" user="Antigravity"/>
  <node id="1775" lat="43.1344603461" lon="-95.1286472120" version="1" timestamp="2026-07-24T12:00:00Z" changeset="1" uid="1" user="Antigravity"/>
  <node id="1776" lat="43.1345026070" lon="-95.1285987681" version="1" timestamp="2026-07-24T12:00:00Z" changeset="1" uid="1" user="Antigravity"/>
  <node id="1777" lat="43.1345323462" lon="-95.1285664412" version="1" timestamp="2026-07-24T12:00:00Z" changeset="1" uid="1" user="Antigravity"/>
  <node id="1778" lat="43.1345992034" lon="-95.1285000861" version="1" timestamp="2026-07-24T12:00:00Z" changeset="1" uid="1" user="Antigravity"/>
  <node id="1779" lat="43.1346043463" lon="-95.1284951520" version="1" timestamp="2026-07-24T12:00:00Z" changeset="1" uid="1" user="Antigravity"/>
  <node id="1780" lat="43.1346763463" lon="-95.1284342981" version="1" timestamp="2026-07-24T12:00:00Z" changeset="1" uid="1" user="Antigravity"/>
  <node id="1781" lat="43.1347186993" lon="-95.1284014041" version="1" timestamp="2026-07-24T12:00:00Z" changeset="1" uid="1" user="Antigravity"/>
  <node id="1782" lat="43.1347483464" lon="-95.1283791211" version="1" timestamp="2026-07-24T12:00:00Z" changeset="1" uid="1" user="Antigravity"/>
  <node id="1783" lat="43.1348203465" lon="-95.1283309170" version="1" timestamp="2026-07-24T12:00:00Z" changeset="1" uid="1" user="Antigravity"/>
  <node id="1784" lat="43.1348650362" lon="-95.1283027221" version="1" timestamp="2026-07-24T12:00:00Z" changeset="1" uid="1" user="Antigravity"/>
  <node id="1785" lat="43.1348923466" lon="-95.1282857611" version="1" timestamp="2026-07-24T12:00:00Z" changeset="1" uid="1" user="Antigravity"/>
  <node id="1786" lat="43.1349643466" lon="-95.1282425878" version="1" timestamp="2026-07-24T12:00:00Z" changeset="1" uid="1" user="Antigravity"/>
  <node id="1787" lat="43.1350286324" lon="-95.1282040401" version="1" timestamp="2026-07-24T12:00:00Z" changeset="1" uid="1" user="Antigravity"/>
  <node id="1788" lat="43.1350363467" lon="-95.1281993410" version="1" timestamp="2026-07-24T12:00:00Z" changeset="1" uid="1" user="Antigravity"/>
  <node id="1789" lat="43.1351083468" lon="-95.1281539159" version="1" timestamp="2026-07-24T12:00:00Z" changeset="1" uid="1" user="Antigravity"/>
  <node id="1790" lat="43.1351803468" lon="-95.1281100573" version="1" timestamp="2026-07-24T12:00:00Z" changeset="1" uid="1" user="Antigravity"/>
  <node id="1791" lat="43.1351877951" lon="-95.1281053581" version="1" timestamp="2026-07-24T12:00:00Z" changeset="1" uid="1" user="Antigravity"/>
  <node id="1792" lat="43.1352523469" lon="-95.1280625959" version="1" timestamp="2026-07-24T12:00:00Z" changeset="1" uid="1" user="Antigravity"/>
  <node id="1793" lat="43.1353243470" lon="-95.1280148996" version="1" timestamp="2026-07-24T12:00:00Z" changeset="1" uid="1" user="Antigravity"/>
  <node id="1794" lat="43.1353367608" lon="-95.1280066761" version="1" timestamp="2026-07-24T12:00:00Z" changeset="1" uid="1" user="Antigravity"/>
  <node id="1795" lat="43.1353963471" lon="-95.1279651258" version="1" timestamp="2026-07-24T12:00:00Z" changeset="1" uid="1" user="Antigravity"/>
  <node id="1796" lat="43.1354683471" lon="-95.1279131879" version="1" timestamp="2026-07-24T12:00:00Z" changeset="1" uid="1" user="Antigravity"/>
  <node id="1797" lat="43.1354755471" lon="-95.1279079941" version="1" timestamp="2026-07-24T12:00:00Z" changeset="1" uid="1" user="Antigravity"/>
  <node id="1798" lat="43.1355403472" lon="-95.1278586531" version="1" timestamp="2026-07-24T12:00:00Z" changeset="1" uid="1" user="Antigravity"/>
  <node id="1799" lat="43.1356051473" lon="-95.1278093121" version="1" timestamp="2026-07-24T12:00:00Z" changeset="1" uid="1" user="Antigravity"/>
  <node id="1800" lat="43.1356123473" lon="-95.1278035073" version="1" timestamp="2026-07-24T12:00:00Z" changeset="1" uid="1" user="Antigravity"/>
  <node id="1801" lat="43.1356843473" lon="-95.1277461557" version="1" timestamp="2026-07-24T12:00:00Z" changeset="1" uid="1" user="Antigravity"/>
  <node id="1802" lat="43.1357290370" lon="-95.1277106302" version="1" timestamp="2026-07-24T12:00:00Z" changeset="1" uid="1" user="Antigravity"/>
  <node id="1803" lat="43.1357563474" lon="-95.1276875344" version="1" timestamp="2026-07-24T12:00:00Z" changeset="1" uid="1" user="Antigravity"/>
  <node id="1804" lat="43.1358283475" lon="-95.1276248197" version="1" timestamp="2026-07-24T12:00:00Z" changeset="1" uid="1" user="Antigravity"/>
  <node id="1805" lat="43.1358427475" lon="-95.1276119482" version="1" timestamp="2026-07-24T12:00:00Z" changeset="1" uid="1" user="Antigravity"/>
  <node id="1806" lat="43.1359003476" lon="-95.1275555585" version="1" timestamp="2026-07-24T12:00:00Z" changeset="1" uid="1" user="Antigravity"/>
  <node id="1807" lat="43.1359384653" lon="-95.1275132662" version="1" timestamp="2026-07-24T12:00:00Z" changeset="1" uid="1" user="Antigravity"/>
  <node id="1808" lat="43.1359723476" lon="-95.1274717159" version="1" timestamp="2026-07-24T12:00:00Z" changeset="1" uid="1" user="Antigravity"/>
  <node id="1809" lat="43.1360129631" lon="-95.1274145842" version="1" timestamp="2026-07-24T12:00:00Z" changeset="1" uid="1" user="Antigravity"/>
  <node id="1810" lat="43.1360443477" lon="-95.1273621594" version="1" timestamp="2026-07-24T12:00:00Z" changeset="1" uid="1" user="Antigravity"/>
  <node id="1811" lat="43.1360683477" lon="-95.1273159022" version="1" timestamp="2026-07-24T12:00:00Z" changeset="1" uid="1" user="Antigravity"/>
  <node id="1812" lat="43.1361132839" lon="-95.1272172202" version="1" timestamp="2026-07-24T12:00:00Z" changeset="1" uid="1" user="Antigravity"/>
  <node id="1813" lat="43.1361163478" lon="-95.1272096293" version="1" timestamp="2026-07-24T12:00:00Z" changeset="1" uid="1" user="Antigravity"/>
  <node id="1814" lat="43.1361477660" lon="-95.1271185382" version="1" timestamp="2026-07-24T12:00:00Z" changeset="1" uid="1" user="Antigravity"/>
  <node id="1815" lat="43.1361780621" lon="-95.1270198562" version="1" timestamp="2026-07-24T12:00:00Z" changeset="1" uid="1" user="Antigravity"/>
  <node id="1816" lat="43.1361883479" lon="-95.1269855321" version="1" timestamp="2026-07-24T12:00:00Z" changeset="1" uid="1" user="Antigravity"/>
  <node id="1817" lat="43.1362049633" lon="-95.1269211742" version="1" timestamp="2026-07-24T12:00:00Z" changeset="1" uid="1" user="Antigravity"/>
  <node id="1818" lat="43.1362308934" lon="-95.1268224922" version="1" timestamp="2026-07-24T12:00:00Z" changeset="1" uid="1" user="Antigravity"/>
  <node id="1819" lat="43.1362581661" lon="-95.1267238103" version="1" timestamp="2026-07-24T12:00:00Z" changeset="1" uid="1" user="Antigravity"/>
  <node id="1820" lat="43.1362603479" lon="-95.1267167615" version="1" timestamp="2026-07-24T12:00:00Z" changeset="1" uid="1" user="Antigravity"/>
  <node id="1821" lat="43.1362859918" lon="-95.1266251283" version="1" timestamp="2026-07-24T12:00:00Z" changeset="1" uid="1" user="Antigravity"/>
  <node id="1822" lat="43.1363163480" lon="-95.1265264463" version="1" timestamp="2026-07-24T12:00:00Z" changeset="1" uid="1" user="Antigravity"/>
  <node id="1823" lat="43.1363323480" lon="-95.1264771053" version="1" timestamp="2026-07-24T12:00:00Z" changeset="1" uid="1" user="Antigravity"/>
  <node id="1824" lat="43.1363473091" lon="-95.1264277643" version="1" timestamp="2026-07-24T12:00:00Z" changeset="1" uid="1" user="Antigravity"/>
  <node id="1825" lat="43.1363791013" lon="-95.1263290823" version="1" timestamp="2026-07-24T12:00:00Z" changeset="1" uid="1" user="Antigravity"/>
  <node id="1826" lat="43.1364043481" lon="-95.1262550708" version="1" timestamp="2026-07-24T12:00:00Z" changeset="1" uid="1" user="Antigravity"/>
  <node id="1827" lat="43.1364123481" lon="-95.1262304003" version="1" timestamp="2026-07-24T12:00:00Z" changeset="1" uid="1" user="Antigravity"/>
  <node id="1828" lat="43.1364443481" lon="-95.1261317183" version="1" timestamp="2026-07-24T12:00:00Z" changeset="1" uid="1" user="Antigravity"/>
  <node id="1829" lat="43.1364763481" lon="-95.1260357034" version="1" timestamp="2026-07-24T12:00:00Z" changeset="1" uid="1" user="Antigravity"/>
  <node id="1830" lat="43.1364772053" lon="-95.1260330363" version="1" timestamp="2026-07-24T12:00:00Z" changeset="1" uid="1" user="Antigravity"/>
  <node id="1831" lat="43.1365080625" lon="-95.1259343543" version="1" timestamp="2026-07-24T12:00:00Z" changeset="1" uid="1" user="Antigravity"/>
  <node id="1832" lat="43.1365379386" lon="-95.1258356723" version="1" timestamp="2026-07-24T12:00:00Z" changeset="1" uid="1" user="Antigravity"/>
  <node id="1833" lat="43.1365483482" lon="-95.1257997880" version="1" timestamp="2026-07-24T12:00:00Z" changeset="1" uid="1" user="Antigravity"/>
  <node id="1834" lat="43.1365657275" lon="-95.1257369904" version="1" timestamp="2026-07-24T12:00:00Z" changeset="1" uid="1" user="Antigravity"/>
  <node id="1835" lat="43.1365913827" lon="-95.1256383084" version="1" timestamp="2026-07-24T12:00:00Z" changeset="1" uid="1" user="Antigravity"/>
  <node id="1836" lat="43.1366144878" lon="-95.1255396264" version="1" timestamp="2026-07-24T12:00:00Z" changeset="1" uid="1" user="Antigravity"/>
  <node id="1837" lat="43.1366203483" lon="-95.1255108441" version="1" timestamp="2026-07-24T12:00:00Z" changeset="1" uid="1" user="Antigravity"/>
  <node id="1838" lat="43.1366337988" lon="-95.1254409444" version="1" timestamp="2026-07-24T12:00:00Z" changeset="1" uid="1" user="Antigravity"/>
  <node id="1839" lat="43.1366507483" lon="-95.1253422624" version="1" timestamp="2026-07-24T12:00:00Z" changeset="1" uid="1" user="Antigravity"/>
  <node id="1840" lat="43.1366670297" lon="-95.1252435804" version="1" timestamp="2026-07-24T12:00:00Z" changeset="1" uid="1" user="Antigravity"/>
  <node id="1841" lat="43.1366827483" lon="-95.1251448984" version="1" timestamp="2026-07-24T12:00:00Z" changeset="1" uid="1" user="Antigravity"/>
  <node id="1842" lat="43.1366923484" lon="-95.1250791104" version="1" timestamp="2026-07-24T12:00:00Z" changeset="1" uid="1" user="Antigravity"/>
  <node id="1843" lat="43.1366969441" lon="-95.1250462164" version="1" timestamp="2026-07-24T12:00:00Z" changeset="1" uid="1" user="Antigravity"/>
  <node id="1844" lat="43.1367120536" lon="-95.1249475344" version="1" timestamp="2026-07-24T12:00:00Z" changeset="1" uid="1" user="Antigravity"/>
  <node id="1845" lat="43.1367272115" lon="-95.1248488524" version="1" timestamp="2026-07-24T12:00:00Z" changeset="1" uid="1" user="Antigravity"/>
  <node id="1846" lat="43.1367438853" lon="-95.1247501705" version="1" timestamp="2026-07-24T12:00:00Z" changeset="1" uid="1" user="Antigravity"/>
  <node id="1847" lat="43.1367620747" lon="-95.1246514885" version="1" timestamp="2026-07-24T12:00:00Z" changeset="1" uid="1" user="Antigravity"/>
  <node id="1848" lat="43.1367643484" lon="-95.1246405238" version="1" timestamp="2026-07-24T12:00:00Z" changeset="1" uid="1" user="Antigravity"/>
  <node id="1849" lat="43.1367818030" lon="-95.1245528065" version="1" timestamp="2026-07-24T12:00:00Z" changeset="1" uid="1" user="Antigravity"/>
  <node id="1850" lat="43.1368028939" lon="-95.1244541245" version="1" timestamp="2026-07-24T12:00:00Z" changeset="1" uid="1" user="Antigravity"/>
  <node id="1851" lat="43.1368261667" lon="-95.1243554425" version="1" timestamp="2026-07-24T12:00:00Z" changeset="1" uid="1" user="Antigravity"/>
  <node id="1852" lat="43.1368363485" lon="-95.1243159697" version="1" timestamp="2026-07-24T12:00:00Z" changeset="1" uid="1" user="Antigravity"/>
  <node id="1853" lat="43.1368513188" lon="-95.1242567605" version="1" timestamp="2026-07-24T12:00:00Z" changeset="1" uid="1" user="Antigravity"/>
  <node id="1854" lat="43.1368781085" lon="-95.1241580785" version="1" timestamp="2026-07-24T12:00:00Z" changeset="1" uid="1" user="Antigravity"/>
  <node id="1855" lat="43.1369061668" lon="-95.1240593965" version="1" timestamp="2026-07-24T12:00:00Z" changeset="1" uid="1" user="Antigravity"/>
  <node id="1856" lat="43.1369083486" lon="-95.1240519954" version="1" timestamp="2026-07-24T12:00:00Z" changeset="1" uid="1" user="Antigravity"/>
  <node id="1857" lat="43.1369347248" lon="-95.1239607145" version="1" timestamp="2026-07-24T12:00:00Z" changeset="1" uid="1" user="Antigravity"/>
  <node id="1858" lat="43.1369643486" lon="-95.1238620325" version="1" timestamp="2026-07-24T12:00:00Z" changeset="1" uid="1" user="Antigravity"/>
  <node id="1859" lat="43.1369803486" lon="-95.1238090812" version="1" timestamp="2026-07-24T12:00:00Z" changeset="1" uid="1" user="Antigravity"/>
  <node id="1860" lat="43.1369940287" lon="-95.1237633506" version="1" timestamp="2026-07-24T12:00:00Z" changeset="1" uid="1" user="Antigravity"/>
  <node id="1861" lat="43.1370236956" lon="-95.1236646686" version="1" timestamp="2026-07-24T12:00:00Z" changeset="1" uid="1" user="Antigravity"/>
  <node id="1862" lat="43.1370523487" lon="-95.1235659866" version="1" timestamp="2026-07-24T12:00:00Z" changeset="1" uid="1" user="Antigravity"/>
  <node id="1863" lat="43.1370798127" lon="-95.1234673046" version="1" timestamp="2026-07-24T12:00:00Z" changeset="1" uid="1" user="Antigravity"/>
  <node id="1864" lat="43.1371050498" lon="-95.1233686226" version="1" timestamp="2026-07-24T12:00:00Z" changeset="1" uid="1" user="Antigravity"/>
  <node id="1865" lat="43.1371243488" lon="-95.1232858571" version="1" timestamp="2026-07-24T12:00:00Z" changeset="1" uid="1" user="Antigravity"/>
  <node id="1866" lat="43.1371280988" lon="-95.1232699406" version="1" timestamp="2026-07-24T12:00:00Z" changeset="1" uid="1" user="Antigravity"/>
  <node id="1867" lat="43.1371483488" lon="-95.1231712586" version="1" timestamp="2026-07-24T12:00:00Z" changeset="1" uid="1" user="Antigravity"/>
  <node id="1868" lat="43.1371648488" lon="-95.1230725766" version="1" timestamp="2026-07-24T12:00:00Z" changeset="1" uid="1" user="Antigravity"/>
  <node id="1869" lat="43.1371789173" lon="-95.1229738946" version="1" timestamp="2026-07-24T12:00:00Z" changeset="1" uid="1" user="Antigravity"/>
  <node id="1870" lat="43.1371895278" lon="-95.1228752126" version="1" timestamp="2026-07-24T12:00:00Z" changeset="1" uid="1" user="Antigravity"/>
  <node id="1871" lat="43.1371963489" lon="-95.1227863989" version="1" timestamp="2026-07-24T12:00:00Z" changeset="1" uid="1" user="Antigravity"/>
  <node id="1872" lat="43.1371970911" lon="-95.1227765307" version="1" timestamp="2026-07-24T12:00:00Z" changeset="1" uid="1" user="Antigravity"/>
  <node id="1873" lat="43.1372015447" lon="-95.1226778487" version="1" timestamp="2026-07-24T12:00:00Z" changeset="1" uid="1" user="Antigravity"/>
  <node id="1874" lat="43.1372030989" lon="-95.1225791667" version="1" timestamp="2026-07-24T12:00:00Z" changeset="1" uid="1" user="Antigravity"/>
  <node id="1875" lat="43.1372023489" lon="-95.1224804847" version="1" timestamp="2026-07-24T12:00:00Z" changeset="1" uid="1" user="Antigravity"/>
  <node id="1876" lat="43.1372000989" lon="-95.1223818027" version="1" timestamp="2026-07-24T12:00:00Z" changeset="1" uid="1" user="Antigravity"/>
  <node id="1877" lat="43.1371963489" lon="-95.1222995677" version="1" timestamp="2026-07-24T12:00:00Z" changeset="1" uid="1" user="Antigravity"/>
  <node id="1878" lat="43.1371955910" lon="-95.1222831207" version="1" timestamp="2026-07-24T12:00:00Z" changeset="1" uid="1" user="Antigravity"/>
  <node id="1879" lat="43.1371894552" lon="-95.1221844387" version="1" timestamp="2026-07-24T12:00:00Z" changeset="1" uid="1" user="Antigravity"/>
  <node id="1880" lat="43.1371824134" lon="-95.1220857567" version="1" timestamp="2026-07-24T12:00:00Z" changeset="1" uid="1" user="Antigravity"/>
  <node id="1881" lat="43.1371744358" lon="-95.1219870747" version="1" timestamp="2026-07-24T12:00:00Z" changeset="1" uid="1" user="Antigravity"/>
  <node id="1882" lat="43.1371651488" lon="-95.1218883927" version="1" timestamp="2026-07-24T12:00:00Z" changeset="1" uid="1" user="Antigravity"/>
  <node id="1883" lat="43.1371546215" lon="-95.1217897107" version="1" timestamp="2026-07-24T12:00:00Z" changeset="1" uid="1" user="Antigravity"/>
  <node id="1884" lat="43.1371427674" lon="-95.1216910288" version="1" timestamp="2026-07-24T12:00:00Z" changeset="1" uid="1" user="Antigravity"/>
  <node id="1885" lat="43.1371286861" lon="-95.1215923468" version="1" timestamp="2026-07-24T12:00:00Z" changeset="1" uid="1" user="Antigravity"/>
  <node id="1886" lat="43.1371243488" lon="-95.1215633227" version="1" timestamp="2026-07-24T12:00:00Z" changeset="1" uid="1" user="Antigravity"/>
  <node id="1887" lat="43.1371132719" lon="-95.1214936648" version="1" timestamp="2026-07-24T12:00:00Z" changeset="1" uid="1" user="Antigravity"/>
  <node id="1888" lat="43.1370955488" lon="-95.1213949828" version="1" timestamp="2026-07-24T12:00:00Z" changeset="1" uid="1" user="Antigravity"/>
  <node id="1889" lat="43.1370760200" lon="-95.1212963008" version="1" timestamp="2026-07-24T12:00:00Z" changeset="1" uid="1" user="Antigravity"/>
  <node id="1890" lat="43.1370554344" lon="-95.1211976188" version="1" timestamp="2026-07-24T12:00:00Z" changeset="1" uid="1" user="Antigravity"/>
  <node id="1891" lat="43.1370523487" lon="-95.1211828165" version="1" timestamp="2026-07-24T12:00:00Z" changeset="1" uid="1" user="Antigravity"/>
  <node id="1892" lat="43.1370335179" lon="-95.1210989368" version="1" timestamp="2026-07-24T12:00:00Z" changeset="1" uid="1" user="Antigravity"/>
  <node id="1893" lat="43.1370100630" lon="-95.1210002548" version="1" timestamp="2026-07-24T12:00:00Z" changeset="1" uid="1" user="Antigravity"/>
  <node id="1894" lat="43.1369874306" lon="-95.1209015728" version="1" timestamp="2026-07-24T12:00:00Z" changeset="1" uid="1" user="Antigravity"/>
  <node id="1895" lat="43.1369803486" lon="-95.1208704101" version="1" timestamp="2026-07-24T12:00:00Z" changeset="1" uid="1" user="Antigravity"/>
  <node id="1896" lat="43.1369644842" lon="-95.1208028908" version="1" timestamp="2026-07-24T12:00:00Z" changeset="1" uid="1" user="Antigravity"/>
  <node id="1897" lat="43.1369437170" lon="-95.1207042089" version="1" timestamp="2026-07-24T12:00:00Z" changeset="1" uid="1" user="Antigravity"/>
  <node id="1898" lat="43.1369250629" lon="-95.1206055269" version="1" timestamp="2026-07-24T12:00:00Z" changeset="1" uid="1" user="Antigravity"/>
  <node id="1899" lat="43.1369083486" lon="-95.1205068449" version="1" timestamp="2026-07-24T12:00:00Z" changeset="1" uid="1" user="Antigravity"/>
  <node id="1900" lat="43.1368952577" lon="-95.1204081629" version="1" timestamp="2026-07-24T12:00:00Z" changeset="1" uid="1" user="Antigravity"/>
  <node id="1901" lat="43.1368870152" lon="-95.1203094809" version="1" timestamp="2026-07-24T12:00:00Z" changeset="1" uid="1" user="Antigravity"/>
  <node id="1902" lat="43.1368816819" lon="-95.1202107989" version="1" timestamp="2026-07-24T12:00:00Z" changeset="1" uid="1" user="Antigravity"/>
  <node id="1903" lat="43.1368803485" lon="-95.1201121169" version="1" timestamp="2026-07-24T12:00:00Z" changeset="1" uid="1" user="Antigravity"/>
  <node id="1904" lat="43.1368834758" lon="-95.1200134349" version="1" timestamp="2026-07-24T12:00:00Z" changeset="1" uid="1" user="Antigravity"/>
  <node id="1905" lat="43.1368900213" lon="-95.1199147529" version="1" timestamp="2026-07-24T12:00:00Z" changeset="1" uid="1" user="Antigravity"/>
  <node id="1906" lat="43.1369083486" lon="-95.1198160709" version="1" timestamp="2026-07-24T12:00:00Z" changeset="1" uid="1" user="Antigravity"/>
  <node id="1907" lat="43.1272603389" lon="-95.1198160709" version="1" timestamp="2026-07-24T12:00:00Z" changeset="1" uid="1" user="Antigravity"/>
  <node id="1908" lat="43.1412283529" lon="-95.1261563888" version="1" timestamp="2026-07-24T12:00:00Z" changeset="1" uid="1" user="Antigravity"/>
  <node id="1909" lat="43.1411923529" lon="-95.1199887644" version="1" timestamp="2026-07-24T12:00:00Z" changeset="1" uid="1" user="Antigravity"/>
  <node id="1910" lat="43.1409943527" lon="-95.1198160709" version="1" timestamp="2026-07-24T12:00:00Z" changeset="1" uid="1" user="Antigravity"/>
  <node id="1911" lat="43.1370343487" lon="-95.1198654119" version="1" timestamp="2026-07-24T12:00:00Z" changeset="1" uid="1" user="Antigravity"/>
  <node id="1912" lat="43.1369083486" lon="-95.1201367874" version="1" timestamp="2026-07-24T12:00:00Z" changeset="1" uid="1" user="Antigravity"/>
  <node id="1913" lat="43.1369083486" lon="-95.1205808564" version="1" timestamp="2026-07-24T12:00:00Z" changeset="1" uid="1" user="Antigravity"/>
  <node id="1914" lat="43.1371603488" lon="-95.1215676763" version="1" timestamp="2026-07-24T12:00:00Z" changeset="1" uid="1" user="Antigravity"/>
  <node id="1915" lat="43.1372323489" lon="-95.1227518602" version="1" timestamp="2026-07-24T12:00:00Z" changeset="1" uid="1" user="Antigravity"/>
  <node id="1916" lat="43.1365123482" lon="-95.1260083658" version="1" timestamp="2026-07-24T12:00:00Z" changeset="1" uid="1" user="Antigravity"/>
  <node id="1917" lat="43.1359543476" lon="-95.1275132662" version="1" timestamp="2026-07-24T12:00:00Z" changeset="1" uid="1" user="Antigravity"/>
  <node id="1918" lat="43.1353423470" lon="-95.1280560171" version="1" timestamp="2026-07-24T12:00:00Z" changeset="1" uid="1" user="Antigravity"/>
  <node id="1919" lat="43.1346223463" lon="-95.1284507451" version="1" timestamp="2026-07-24T12:00:00Z" changeset="1" uid="1" user="Antigravity"/>
  <node id="1920" lat="43.1343163460" lon="-95.1288208025" version="1" timestamp="2026-07-24T12:00:00Z" changeset="1" uid="1" user="Antigravity"/>
  <node id="1921" lat="43.1339203456" lon="-95.1297089405" version="1" timestamp="2026-07-24T12:00:00Z" changeset="1" uid="1" user="Antigravity"/>
  <node id="1922" lat="43.1337763454" lon="-95.1309424653" version="1" timestamp="2026-07-24T12:00:00Z" changeset="1" uid="1" user="Antigravity"/>
  <node id="1923" lat="43.1340823457" lon="-95.1310658178" version="1" timestamp="2026-07-24T12:00:00Z" changeset="1" uid="1" user="Antigravity"/>
  <node id="1924" lat="43.1366023483" lon="-95.1276612892" version="1" timestamp="2026-07-24T12:00:00Z" changeset="1" uid="1" user="Antigravity"/>
  <node id="1925" lat="43.1376463493" lon="-95.1267238103" version="1" timestamp="2026-07-24T12:00:00Z" changeset="1" uid="1" user="Antigravity"/>
  <node id="1926" lat="43.1384383501" lon="-95.1264771053" version="1" timestamp="2026-07-24T12:00:00Z" changeset="1" uid="1" user="Antigravity"/>
  <node id="1927" lat="43.1409943527" lon="-95.1264771053" version="1" timestamp="2026-07-24T12:00:00Z" changeset="1" uid="1" user="Antigravity"/>
  <node id="1928" lat="43.1378803495" lon="-95.1303997144" version="1" timestamp="2026-07-24T12:00:00Z" changeset="1" uid="1" user="Antigravity"/>
  <node id="1929" lat="43.1378803495" lon="-95.1272912317" version="1" timestamp="2026-07-24T12:00:00Z" changeset="1" uid="1" user="Antigravity"/>
  <node id="1930" lat="43.1376463493" lon="-95.1269705152" version="1" timestamp="2026-07-24T12:00:00Z" changeset="1" uid="1" user="Antigravity"/>
  <node id="1931" lat="43.1365663482" lon="-95.1279573351" version="1" timestamp="2026-07-24T12:00:00Z" changeset="1" uid="1" user="Antigravity"/>
  <node id="1932" lat="43.1348203465" lon="-95.1303997144" version="1" timestamp="2026-07-24T12:00:00Z" changeset="1" uid="1" user="Antigravity"/>
  <node id="1933" lat="43.1350543467" lon="-95.1307204309" version="1" timestamp="2026-07-24T12:00:00Z" changeset="1" uid="1" user="Antigravity"/>
  <node id="1934" lat="43.1376463493" lon="-95.1307204309" version="1" timestamp="2026-07-24T12:00:00Z" changeset="1" uid="1" user="Antigravity"/>
  <node id="1935" lat="43.1297803414" lon="-95.1377021817" version="1" timestamp="2026-07-24T12:00:00Z" changeset="1" uid="1" user="Antigravity"/>
  <node id="1936" lat="43.1296183413" lon="-95.1372334422" version="1" timestamp="2026-07-24T12:00:00Z" changeset="1" uid="1" user="Antigravity"/>
  <node id="1937" lat="43.1288623405" lon="-95.1368387142" version="1" timestamp="2026-07-24T12:00:00Z" changeset="1" uid="1" user="Antigravity"/>
  <node id="1938" lat="43.1279263396" lon="-95.1366413503" version="1" timestamp="2026-07-24T12:00:00Z" changeset="1" uid="1" user="Antigravity"/>
  <node id="1939" lat="43.1273863391" lon="-95.1366906913" version="1" timestamp="2026-07-24T12:00:00Z" changeset="1" uid="1" user="Antigravity"/>
  <node id="1940" lat="43.1272603389" lon="-95.1369620667" version="1" timestamp="2026-07-24T12:00:00Z" changeset="1" uid="1" user="Antigravity"/>
  <node id="1941" lat="43.1272963390" lon="-95.1389850475" version="1" timestamp="2026-07-24T12:00:00Z" changeset="1" uid="1" user="Antigravity"/>
  <node id="1942" lat="43.1274943392" lon="-95.1391577410" version="1" timestamp="2026-07-24T12:00:00Z" changeset="1" uid="1" user="Antigravity"/>
  <node id="1943" lat="43.1295103412" lon="-95.1391084000" version="1" timestamp="2026-07-24T12:00:00Z" changeset="1" uid="1" user="Antigravity"/>
  <node id="1944" lat="43.1316701711" lon="-95.1312316917" version="1" timestamp="2026-07-24T12:00:00Z" changeset="1" uid="1" user="Antigravity"/>
  <node id="1945" lat="43.1299873204" lon="-95.1294871629" version="1" timestamp="2026-07-24T12:00:00Z" changeset="1" uid="1" user="Antigravity"/>
  <node id="1946" lat="43.1293561675" lon="-95.1285260604" version="1" timestamp="2026-07-24T12:00:00Z" changeset="1" uid="1" user="Antigravity"/>
  <node id="1947" lat="43.1290484198" lon="-95.1277751433" version="1" timestamp="2026-07-24T12:00:00Z" changeset="1" uid="1" user="Antigravity"/>
  <node id="1948" lat="43.1286254959" lon="-95.1260218191" version="1" timestamp="2026-07-24T12:00:00Z" changeset="1" uid="1" user="Antigravity"/>
  <node id="1949" lat="43.1284527624" lon="-95.1246748540" version="1" timestamp="2026-07-24T12:00:00Z" changeset="1" uid="1" user="Antigravity"/>
  <node id="1950" lat="43.1283259342" lon="-95.1235905319" version="1" timestamp="2026-07-24T12:00:00Z" changeset="1" uid="1" user="Antigravity"/>
  <node id="1951" lat="43.1287991490" lon="-95.1212303409" version="1" timestamp="2026-07-24T12:00:00Z" changeset="1" uid="1" user="Antigravity"/>
  <node id="1952" lat="43.1286944760" lon="-95.1203441983" version="1" timestamp="2026-07-24T12:00:00Z" changeset="1" uid="1" user="Antigravity"/>
  <node id="1953" lat="43.1272963390" lon="-95.1352101086" version="1" timestamp="2026-07-24T12:00:00Z" changeset="1" uid="1" user="Antigravity"/>
  <node id="1954" lat="43.1294563411" lon="-95.1347630726" version="1" timestamp="2026-07-24T12:00:00Z" changeset="1" uid="1" user="Antigravity"/>
  <node id="1955" lat="43.1306443423" lon="-95.1336296638" version="1" timestamp="2026-07-24T12:00:00Z" changeset="1" uid="1" user="Antigravity"/>
  <node id="1956" lat="43.1312672146" lon="-95.1327434117" version="1" timestamp="2026-07-24T12:00:00Z" changeset="1" uid="1" user="Antigravity"/>
  <node id="1957" lat="43.1319881835" lon="-95.1296349290" version="1" timestamp="2026-07-24T12:00:00Z" changeset="1" uid="1" user="Antigravity"/>
  <node id="1958" lat="43.1353056395" lon="-95.1231219176" version="1" timestamp="2026-07-24T12:00:00Z" changeset="1" uid="1" user="Antigravity"/>
  <node id="1959" lat="43.1353048366" lon="-95.1221350977" version="1" timestamp="2026-07-24T12:00:00Z" changeset="1" uid="1" user="Antigravity"/>
  <node id="1960" lat="43.1346789092" lon="-95.1198654119" version="1" timestamp="2026-07-24T12:00:00Z" changeset="1" uid="1" user="Antigravity"/>
  <node id="1961" lat="43.1272963390" lon="-95.1321556823" version="1" timestamp="2026-07-24T12:00:00Z" changeset="1" uid="1" user="Antigravity"/>
  <node id="1962" lat="43.1280163397" lon="-95.1319770698" version="1" timestamp="2026-07-24T12:00:00Z" changeset="1" uid="1" user="Antigravity"/>
  <node id="1963" lat="43.1285563402" lon="-95.1314574802" version="1" timestamp="2026-07-24T12:00:00Z" changeset="1" uid="1" user="Antigravity"/>
  <node id="1964" lat="43.1290022721" lon="-95.1306217489" version="1" timestamp="2026-07-24T12:00:00Z" changeset="1" uid="1" user="Antigravity"/>
  <node id="1965" lat="43.1291084645" lon="-95.1291415190" version="1" timestamp="2026-07-24T12:00:00Z" changeset="1" uid="1" user="Antigravity"/>
  <node id="1966" lat="43.1293409269" lon="-95.1285494271" version="1" timestamp="2026-07-24T12:00:00Z" changeset="1" uid="1" user="Antigravity"/>
  <node id="1967" lat="43.1304019985" lon="-95.1271678792" version="1" timestamp="2026-07-24T12:00:00Z" changeset="1" uid="1" user="Antigravity"/>
  <node id="1968" lat="43.1316853731" lon="-95.1261810593" version="1" timestamp="2026-07-24T12:00:00Z" changeset="1" uid="1" user="Antigravity"/>
  <node id="1969" lat="43.1324932265" lon="-95.1248488524" version="1" timestamp="2026-07-24T12:00:00Z" changeset="1" uid="1" user="Antigravity"/>
  <node id="1970" lat="43.1327168055" lon="-95.1240100555" version="1" timestamp="2026-07-24T12:00:00Z" changeset="1" uid="1" user="Antigravity"/>
  <node id="1971" lat="43.1329920465" lon="-95.1198654119" version="1" timestamp="2026-07-24T12:00:00Z" changeset="1" uid="1" user="Antigravity"/>
  <node id="1972" lat="43.1272963390" lon="-95.1246005773" version="1" timestamp="2026-07-24T12:00:00Z" changeset="1" uid="1" user="Antigravity"/>
  <node id="1973" lat="43.1279803396" lon="-95.1248308830" version="1" timestamp="2026-07-24T12:00:00Z" changeset="1" uid="1" user="Antigravity"/>
  <node id="1974" lat="43.1290603407" lon="-95.1244357060" version="1" timestamp="2026-07-24T12:00:00Z" changeset="1" uid="1" user="Antigravity"/>
  <node id="1975" lat="43.1302123419" lon="-95.1244875173" version="1" timestamp="2026-07-24T12:00:00Z" changeset="1" uid="1" user="Antigravity"/>
  <node id="1976" lat="43.1306083423" lon="-95.1242403863" version="1" timestamp="2026-07-24T12:00:00Z" changeset="1" uid="1" user="Antigravity"/>
  <node id="1977" lat="43.1310043427" lon="-95.1228253511" version="1" timestamp="2026-07-24T12:00:00Z" changeset="1" uid="1" user="Antigravity"/>
  <node id="1978" lat="43.1310901109" lon="-95.1198654119" version="1" timestamp="2026-07-24T12:00:00Z" changeset="1" uid="1" user="Antigravity"/>
  <way id="1" version="1" timestamp="2026-07-24T12:00:00Z" changeset="1" uid="1" user="Antigravity">
    <nd ref="1"/>
    <nd ref="2"/>
    <nd ref="3"/>
    <nd ref="4"/>
    <nd ref="1"/>
    <tag k="landuse" v="farmyard"/>
    <tag k="name" v="Yard 7"/>
  </way>
  <way id="2" version="1" timestamp="2026-07-24T12:00:00Z" changeset="1" uid="1" user="Antigravity">
    <nd ref="5"/>
    <nd ref="6"/>
    <nd ref="7"/>
    <nd ref="8"/>
    <nd ref="5"/>
    <tag k="landuse" v="farmland"/>
    <tag k="name" v="Field S_C1_1 (7.4 ha)"/>
  </way>
  <way id="3" version="1" timestamp="2026-07-24T12:00:00Z" changeset="1" uid="1" user="Antigravity">
    <nd ref="9"/>
    <nd ref="10"/>
    <nd ref="11"/>
    <nd ref="12"/>
    <nd ref="9"/>
    <tag k="landuse" v="farmyard"/>
    <tag k="name" v="Town Farmyard"/>
  </way>
  <way id="4" version="1" timestamp="2026-07-24T12:00:00Z" changeset="1" uid="1" user="Antigravity">
    <nd ref="13"/>
    <nd ref="14"/>
    <nd ref="15"/>
    <nd ref="12"/>
    <nd ref="13"/>
    <tag k="natural" v="water"/>
    <tag k="name" v="Town Reservoir"/>
  </way>
  <way id="5" version="1" timestamp="2026-07-24T12:00:00Z" changeset="1" uid="1" user="Antigravity">
    <nd ref="16"/>
    <nd ref="17"/>
    <nd ref="18"/>
    <nd ref="19"/>
    <nd ref="16"/>
    <tag k="natural" v="water"/>
    <tag k="name" v="East Canal"/>
  </way>
  <way id="6" version="1" timestamp="2026-07-24T12:00:00Z" changeset="1" uid="1" user="Antigravity">
    <nd ref="20"/>
    <nd ref="9"/>
    <nd ref="12"/>
    <nd ref="21"/>
    <nd ref="20"/>
    <tag k="landuse" v="farmyard"/>
    <tag k="name" v="Town"/>
  </way>
  <way id="7" version="1" timestamp="2026-07-24T12:00:00Z" changeset="1" uid="1" user="Antigravity">
    <nd ref="22"/>
    <nd ref="23"/>
    <nd ref="24"/>
    <nd ref="25"/>
    <nd ref="26"/>
    <nd ref="27"/>
    <nd ref="28"/>
    <nd ref="29"/>
    <nd ref="30"/>
    <nd ref="31"/>
    <nd ref="32"/>
    <nd ref="33"/>
    <tag k="highway" v="primary"/>
    <tag k="name" v="Primary Road"/>
  </way>
  <way id="8" version="1" timestamp="2026-07-24T12:00:00Z" changeset="1" uid="1" user="Antigravity">
    <nd ref="34"/>
    <nd ref="35"/>
    <nd ref="36"/>
    <nd ref="37"/>
    <nd ref="38"/>
    <nd ref="39"/>
    <nd ref="40"/>
    <nd ref="41"/>
    <nd ref="42"/>
    <nd ref="43"/>
    <nd ref="44"/>
    <nd ref="45"/>
    <nd ref="46"/>
    <nd ref="47"/>
    <nd ref="48"/>
    <nd ref="49"/>
    <nd ref="50"/>
    <nd ref="51"/>
    <nd ref="52"/>
    <nd ref="53"/>
    <nd ref="54"/>
    <nd ref="55"/>
    <nd ref="56"/>
    <nd ref="57"/>
    <nd ref="58"/>
    <nd ref="59"/>
    <nd ref="60"/>
    <nd ref="61"/>
    <nd ref="62"/>
    <nd ref="63"/>
    <nd ref="64"/>
    <nd ref="65"/>
    <nd ref="27"/>
    <tag k="highway" v="primary"/>
    <tag k="name" v="Southern Link Road"/>
  </way>
  <way id="9" version="1" timestamp="2026-07-24T12:00:00Z" changeset="1" uid="1" user="Antigravity">
    <nd ref="66"/>
    <nd ref="67"/>
    <tag k="railway" v="rail"/>
    <tag k="name" v="Railway"/>
  </way>
  <way id="10" version="1" timestamp="2026-07-24T12:00:00Z" changeset="1" uid="1" user="Antigravity">
    <nd ref="28"/>
    <nd ref="20"/>
    <nd ref="68"/>
    <nd ref="21"/>
    <tag k="highway" v="secondary"/>
  </way>
  <way id="11" version="1" timestamp="2026-07-24T12:00:00Z" changeset="1" uid="1" user="Antigravity">
    <nd ref="29"/>
    <nd ref="69"/>
    <nd ref="70"/>
    <nd ref="71"/>
    <tag k="highway" v="secondary"/>
  </way>
  <way id="12" version="1" timestamp="2026-07-24T12:00:00Z" changeset="1" uid="1" user="Antigravity">
    <nd ref="30"/>
    <nd ref="72"/>
    <nd ref="73"/>
    <nd ref="74"/>
    <tag k="highway" v="secondary"/>
  </way>
  <way id="13" version="1" timestamp="2026-07-24T12:00:00Z" changeset="1" uid="1" user="Antigravity">
    <nd ref="31"/>
    <nd ref="75"/>
    <nd ref="76"/>
    <nd ref="77"/>
    <tag k="highway" v="secondary"/>
  </way>
  <way id="14" version="1" timestamp="2026-07-24T12:00:00Z" changeset="1" uid="1" user="Antigravity">
    <nd ref="32"/>
    <nd ref="9"/>
    <nd ref="78"/>
    <nd ref="12"/>
    <tag k="highway" v="secondary"/>
  </way>
  <way id="15" version="1" timestamp="2026-07-24T12:00:00Z" changeset="1" uid="1" user="Antigravity">
    <nd ref="65"/>
    <nd ref="20"/>
    <nd ref="69"/>
    <nd ref="72"/>
    <nd ref="75"/>
    <nd ref="9"/>
    <tag k="highway" v="secondary"/>
  </way>
  <way id="16" version="1" timestamp="2026-07-24T12:00:00Z" changeset="1" uid="1" user="Antigravity">
    <nd ref="64"/>
    <nd ref="68"/>
    <nd ref="70"/>
    <nd ref="73"/>
    <nd ref="76"/>
    <nd ref="78"/>
    <tag k="highway" v="secondary"/>
  </way>
  <way id="17" version="1" timestamp="2026-07-24T12:00:00Z" changeset="1" uid="1" user="Antigravity">
    <nd ref="63"/>
    <nd ref="21"/>
    <nd ref="71"/>
    <nd ref="74"/>
    <nd ref="77"/>
    <nd ref="12"/>
    <tag k="highway" v="secondary"/>
  </way>
  <way id="18" version="1" timestamp="2026-07-24T12:00:00Z" changeset="1" uid="1" user="Antigravity">
    <nd ref="23"/>
    <nd ref="79"/>
    <nd ref="80"/>
    <nd ref="81"/>
    <nd ref="35"/>
    <tag k="highway" v="tertiary"/>
  </way>
  <way id="19" version="1" timestamp="2026-07-24T12:00:00Z" changeset="1" uid="1" user="Antigravity">
    <nd ref="24"/>
    <nd ref="82"/>
    <nd ref="83"/>
    <nd ref="84"/>
    <nd ref="36"/>
    <tag k="highway" v="tertiary"/>
  </way>
  <way id="20" version="1" timestamp="2026-07-24T12:00:00Z" changeset="1" uid="1" user="Antigravity">
    <nd ref="25"/>
    <nd ref="85"/>
    <nd ref="86"/>
    <nd ref="87"/>
    <nd ref="37"/>
    <tag k="highway" v="tertiary"/>
  </way>
  <way id="21" version="1" timestamp="2026-07-24T12:00:00Z" changeset="1" uid="1" user="Antigravity">
    <nd ref="26"/>
    <nd ref="88"/>
    <nd ref="89"/>
    <nd ref="90"/>
    <nd ref="49"/>
    <tag k="highway" v="tertiary"/>
  </way>
  <way id="22" version="1" timestamp="2026-07-24T12:00:00Z" changeset="1" uid="1" user="Antigravity">
    <nd ref="91"/>
    <nd ref="79"/>
    <nd ref="82"/>
    <tag k="highway" v="tertiary"/>
  </way>
  <way id="23" version="1" timestamp="2026-07-24T12:00:00Z" changeset="1" uid="1" user="Antigravity">
    <nd ref="85"/>
    <nd ref="88"/>
    <nd ref="62"/>
    <tag k="highway" v="tertiary"/>
  </way>
  <way id="24" version="1" timestamp="2026-07-24T12:00:00Z" changeset="1" uid="1" user="Antigravity">
    <nd ref="80"/>
    <nd ref="83"/>
    <nd ref="86"/>
    <nd ref="89"/>
    <nd ref="61"/>
    <tag k="highway" v="tertiary"/>
  </way>
  <way id="25" version="1" timestamp="2026-07-24T12:00:00Z" changeset="1" uid="1" user="Antigravity">
    <nd ref="92"/>
    <nd ref="81"/>
    <nd ref="84"/>
    <nd ref="87"/>
    <nd ref="90"/>
    <nd ref="56"/>
    <tag k="highway" v="tertiary"/>
  </way>
  <way id="26" version="1" timestamp="2026-07-24T12:00:00Z" changeset="1" uid="1" user="Antigravity">
    <nd ref="93"/>
    <nd ref="94"/>
    <nd ref="95"/>
    <nd ref="96"/>
    <nd ref="97"/>
    <nd ref="98"/>
    <nd ref="99"/>
    <nd ref="100"/>
    <nd ref="101"/>
    <nd ref="102"/>
    <nd ref="103"/>
    <nd ref="104"/>
    <nd ref="105"/>
    <nd ref="106"/>
    <nd ref="107"/>
    <nd ref="108"/>
    <nd ref="109"/>
    <nd ref="110"/>
    <nd ref="111"/>
    <nd ref="112"/>
    <nd ref="113"/>
    <nd ref="114"/>
    <nd ref="115"/>
    <nd ref="116"/>
    <nd ref="117"/>
    <nd ref="118"/>
    <nd ref="119"/>
    <nd ref="120"/>
    <nd ref="121"/>
    <nd ref="122"/>
    <nd ref="123"/>
    <nd ref="124"/>
    <nd ref="125"/>
    <nd ref="126"/>
    <nd ref="127"/>
    <nd ref="128"/>
    <nd ref="129"/>
    <nd ref="130"/>
    <nd ref="131"/>
    <nd ref="132"/>
    <nd ref="133"/>
    <nd ref="134"/>
    <nd ref="135"/>
    <nd ref="136"/>
    <nd ref="137"/>
    <nd ref="138"/>
    <nd ref="139"/>
    <nd ref="140"/>
    <nd ref="141"/>
    <nd ref="142"/>
    <nd ref="143"/>
    <nd ref="144"/>
    <nd ref="145"/>
    <nd ref="146"/>
    <nd ref="147"/>
    <nd ref="148"/>
    <nd ref="149"/>
    <nd ref="150"/>
    <nd ref="151"/>
    <nd ref="152"/>
    <nd ref="153"/>
    <nd ref="154"/>
    <nd ref="155"/>
    <nd ref="156"/>
    <nd ref="157"/>
    <nd ref="158"/>
    <nd ref="93"/>
    <tag k="landuse" v="farmland"/>
    <tag k="name" v="Field 1"/>
  </way>
  <way id="27" version="1" timestamp="2026-07-24T12:00:00Z" changeset="1" uid="1" user="Antigravity">
    <nd ref="159"/>
    <nd ref="160"/>
    <nd ref="161"/>
    <nd ref="162"/>
    <nd ref="163"/>
    <nd ref="164"/>
    <nd ref="165"/>
    <nd ref="166"/>
    <nd ref="167"/>
    <nd ref="168"/>
    <nd ref="169"/>
    <nd ref="170"/>
    <nd ref="171"/>
    <nd ref="172"/>
    <nd ref="173"/>
    <nd ref="174"/>
    <nd ref="175"/>
    <nd ref="176"/>
    <nd ref="177"/>
    <nd ref="178"/>
    <nd ref="179"/>
    <nd ref="180"/>
    <nd ref="181"/>
    <nd ref="182"/>
    <nd ref="183"/>
    <nd ref="184"/>
    <nd ref="185"/>
    <nd ref="186"/>
    <nd ref="187"/>
    <nd ref="188"/>
    <nd ref="189"/>
    <nd ref="190"/>
    <nd ref="191"/>
    <nd ref="192"/>
    <nd ref="193"/>
    <nd ref="194"/>
    <nd ref="195"/>
    <nd ref="196"/>
    <nd ref="197"/>
    <nd ref="198"/>
    <nd ref="199"/>
    <nd ref="200"/>
    <nd ref="201"/>
    <nd ref="202"/>
    <nd ref="203"/>
    <nd ref="204"/>
    <nd ref="205"/>
    <nd ref="206"/>
    <nd ref="207"/>
    <nd ref="208"/>
    <nd ref="209"/>
    <nd ref="210"/>
    <nd ref="211"/>
    <nd ref="212"/>
    <nd ref="213"/>
    <nd ref="214"/>
    <nd ref="215"/>
    <nd ref="216"/>
    <nd ref="217"/>
    <nd ref="218"/>
    <nd ref="219"/>
    <nd ref="220"/>
    <nd ref="221"/>
    <nd ref="222"/>
    <nd ref="223"/>
    <nd ref="224"/>
    <nd ref="159"/>
    <tag k="landuse" v="farmland"/>
    <tag k="name" v="Field 2"/>
  </way>
  <way id="28" version="1" timestamp="2026-07-24T12:00:00Z" changeset="1" uid="1" user="Antigravity">
    <nd ref="225"/>
    <nd ref="226"/>
    <nd ref="227"/>
    <nd ref="228"/>
    <nd ref="229"/>
    <nd ref="230"/>
    <nd ref="231"/>
    <nd ref="232"/>
    <nd ref="233"/>
    <nd ref="234"/>
    <nd ref="235"/>
    <nd ref="236"/>
    <nd ref="237"/>
    <nd ref="238"/>
    <nd ref="239"/>
    <nd ref="240"/>
    <nd ref="241"/>
    <nd ref="242"/>
    <nd ref="243"/>
    <nd ref="244"/>
    <nd ref="245"/>
    <nd ref="246"/>
    <nd ref="247"/>
    <nd ref="248"/>
    <nd ref="249"/>
    <nd ref="250"/>
    <nd ref="251"/>
    <nd ref="252"/>
    <nd ref="253"/>
    <nd ref="254"/>
    <nd ref="255"/>
    <nd ref="256"/>
    <nd ref="257"/>
    <nd ref="258"/>
    <nd ref="259"/>
    <nd ref="260"/>
    <nd ref="261"/>
    <nd ref="262"/>
    <nd ref="263"/>
    <nd ref="264"/>
    <nd ref="265"/>
    <nd ref="266"/>
    <nd ref="267"/>
    <nd ref="268"/>
    <nd ref="269"/>
    <nd ref="270"/>
    <nd ref="271"/>
    <nd ref="272"/>
    <nd ref="273"/>
    <nd ref="274"/>
    <nd ref="275"/>
    <nd ref="276"/>
    <nd ref="277"/>
    <nd ref="278"/>
    <nd ref="279"/>
    <nd ref="280"/>
    <nd ref="281"/>
    <nd ref="282"/>
    <nd ref="283"/>
    <nd ref="284"/>
    <nd ref="285"/>
    <nd ref="286"/>
    <nd ref="287"/>
    <nd ref="288"/>
    <nd ref="289"/>
    <nd ref="290"/>
    <nd ref="225"/>
    <tag k="landuse" v="farmland"/>
    <tag k="name" v="Field 3"/>
  </way>
  <way id="29" version="1" timestamp="2026-07-24T12:00:00Z" changeset="1" uid="1" user="Antigravity">
    <nd ref="291"/>
    <nd ref="292"/>
    <nd ref="293"/>
    <nd ref="294"/>
    <nd ref="291"/>
    <tag k="natural" v="wood"/>
    <tag k="landuse" v="farmyard"/>
    <tag k="leaf_type" v="broadleave"/>
    <tag k="name" v="Random Forest 1"/>
  </way>
  <way id="30" version="1" timestamp="2026-07-24T12:00:00Z" changeset="1" uid="1" user="Antigravity">
    <nd ref="295"/>
    <nd ref="296"/>
    <nd ref="297"/>
    <nd ref="298"/>
    <nd ref="299"/>
    <nd ref="300"/>
    <nd ref="301"/>
    <nd ref="302"/>
    <nd ref="303"/>
    <nd ref="304"/>
    <nd ref="305"/>
    <nd ref="306"/>
    <nd ref="307"/>
    <nd ref="308"/>
    <nd ref="309"/>
    <nd ref="310"/>
    <nd ref="311"/>
    <nd ref="312"/>
    <nd ref="313"/>
    <nd ref="314"/>
    <nd ref="315"/>
    <nd ref="316"/>
    <nd ref="317"/>
    <nd ref="318"/>
    <nd ref="319"/>
    <nd ref="320"/>
    <nd ref="321"/>
    <nd ref="322"/>
    <nd ref="323"/>
    <nd ref="324"/>
    <nd ref="325"/>
    <nd ref="326"/>
    <nd ref="327"/>
    <nd ref="328"/>
    <nd ref="329"/>
    <nd ref="330"/>
    <nd ref="331"/>
    <nd ref="332"/>
    <nd ref="333"/>
    <nd ref="334"/>
    <nd ref="335"/>
    <nd ref="336"/>
    <nd ref="337"/>
    <nd ref="338"/>
    <nd ref="339"/>
    <nd ref="340"/>
    <nd ref="341"/>
    <nd ref="342"/>
    <nd ref="343"/>
    <nd ref="344"/>
    <nd ref="345"/>
    <nd ref="346"/>
    <nd ref="347"/>
    <nd ref="348"/>
    <nd ref="349"/>
    <nd ref="350"/>
    <nd ref="351"/>
    <nd ref="352"/>
    <nd ref="353"/>
    <nd ref="354"/>
    <nd ref="355"/>
    <nd ref="356"/>
    <nd ref="357"/>
    <nd ref="358"/>
    <nd ref="359"/>
    <nd ref="360"/>
    <nd ref="295"/>
    <tag k="landuse" v="farmland"/>
    <tag k="name" v="Field 4"/>
  </way>
  <way id="31" version="1" timestamp="2026-07-24T12:00:00Z" changeset="1" uid="1" user="Antigravity">
    <nd ref="361"/>
    <nd ref="362"/>
    <nd ref="363"/>
    <nd ref="364"/>
    <nd ref="365"/>
    <nd ref="366"/>
    <nd ref="367"/>
    <nd ref="368"/>
    <nd ref="369"/>
    <nd ref="370"/>
    <nd ref="371"/>
    <nd ref="372"/>
    <nd ref="373"/>
    <nd ref="374"/>
    <nd ref="375"/>
    <nd ref="376"/>
    <nd ref="377"/>
    <nd ref="378"/>
    <nd ref="379"/>
    <nd ref="380"/>
    <nd ref="381"/>
    <nd ref="382"/>
    <nd ref="383"/>
    <nd ref="384"/>
    <nd ref="385"/>
    <nd ref="386"/>
    <nd ref="387"/>
    <nd ref="388"/>
    <nd ref="389"/>
    <nd ref="390"/>
    <nd ref="391"/>
    <nd ref="392"/>
    <nd ref="393"/>
    <nd ref="394"/>
    <nd ref="395"/>
    <nd ref="396"/>
    <nd ref="397"/>
    <nd ref="398"/>
    <nd ref="399"/>
    <nd ref="400"/>
    <nd ref="401"/>
    <nd ref="402"/>
    <nd ref="403"/>
    <nd ref="404"/>
    <nd ref="405"/>
    <nd ref="406"/>
    <nd ref="407"/>
    <nd ref="408"/>
    <nd ref="409"/>
    <nd ref="410"/>
    <nd ref="411"/>
    <nd ref="412"/>
    <nd ref="413"/>
    <nd ref="414"/>
    <nd ref="415"/>
    <nd ref="416"/>
    <nd ref="417"/>
    <nd ref="418"/>
    <nd ref="419"/>
    <nd ref="420"/>
    <nd ref="421"/>
    <nd ref="422"/>
    <nd ref="423"/>
    <nd ref="424"/>
    <nd ref="425"/>
    <nd ref="426"/>
    <nd ref="361"/>
    <tag k="landuse" v="farmland"/>
    <tag k="name" v="Field 5"/>
  </way>
  <way id="32" version="1" timestamp="2026-07-24T12:00:00Z" changeset="1" uid="1" user="Antigravity">
    <nd ref="427"/>
    <nd ref="428"/>
    <nd ref="429"/>
    <nd ref="430"/>
    <nd ref="431"/>
    <nd ref="432"/>
    <nd ref="433"/>
    <nd ref="434"/>
    <nd ref="435"/>
    <nd ref="436"/>
    <nd ref="437"/>
    <nd ref="438"/>
    <nd ref="439"/>
    <nd ref="440"/>
    <nd ref="441"/>
    <nd ref="442"/>
    <nd ref="443"/>
    <nd ref="444"/>
    <nd ref="445"/>
    <nd ref="446"/>
    <nd ref="447"/>
    <nd ref="448"/>
    <nd ref="449"/>
    <nd ref="450"/>
    <nd ref="451"/>
    <nd ref="452"/>
    <nd ref="453"/>
    <nd ref="454"/>
    <nd ref="455"/>
    <nd ref="456"/>
    <nd ref="457"/>
    <nd ref="458"/>
    <nd ref="459"/>
    <nd ref="460"/>
    <nd ref="461"/>
    <nd ref="462"/>
    <nd ref="463"/>
    <nd ref="464"/>
    <nd ref="465"/>
    <nd ref="466"/>
    <nd ref="467"/>
    <nd ref="468"/>
    <nd ref="469"/>
    <nd ref="470"/>
    <nd ref="471"/>
    <nd ref="472"/>
    <nd ref="473"/>
    <nd ref="474"/>
    <nd ref="475"/>
    <nd ref="476"/>
    <nd ref="477"/>
    <nd ref="478"/>
    <nd ref="479"/>
    <nd ref="480"/>
    <nd ref="481"/>
    <nd ref="482"/>
    <nd ref="483"/>
    <nd ref="484"/>
    <nd ref="485"/>
    <nd ref="486"/>
    <nd ref="487"/>
    <nd ref="488"/>
    <nd ref="489"/>
    <nd ref="490"/>
    <nd ref="491"/>
    <nd ref="492"/>
    <nd ref="427"/>
    <tag k="landuse" v="farmland"/>
    <tag k="name" v="Field 6"/>
  </way>
  <way id="33" version="1" timestamp="2026-07-24T12:00:00Z" changeset="1" uid="1" user="Antigravity">
    <nd ref="493"/>
    <nd ref="494"/>
    <nd ref="495"/>
    <nd ref="496"/>
    <nd ref="497"/>
    <nd ref="498"/>
    <nd ref="499"/>
    <nd ref="500"/>
    <nd ref="501"/>
    <nd ref="502"/>
    <nd ref="503"/>
    <nd ref="504"/>
    <nd ref="505"/>
    <nd ref="506"/>
    <nd ref="507"/>
    <nd ref="508"/>
    <nd ref="509"/>
    <nd ref="510"/>
    <nd ref="511"/>
    <nd ref="512"/>
    <nd ref="513"/>
    <nd ref="514"/>
    <nd ref="515"/>
    <nd ref="516"/>
    <nd ref="517"/>
    <nd ref="518"/>
    <nd ref="519"/>
    <nd ref="520"/>
    <nd ref="521"/>
    <nd ref="522"/>
    <nd ref="523"/>
    <nd ref="524"/>
    <nd ref="525"/>
    <nd ref="526"/>
    <nd ref="527"/>
    <nd ref="528"/>
    <nd ref="529"/>
    <nd ref="530"/>
    <nd ref="531"/>
    <nd ref="532"/>
    <nd ref="533"/>
    <nd ref="534"/>
    <nd ref="535"/>
    <nd ref="536"/>
    <nd ref="537"/>
    <nd ref="538"/>
    <nd ref="539"/>
    <nd ref="540"/>
    <nd ref="541"/>
    <nd ref="542"/>
    <nd ref="543"/>
    <nd ref="544"/>
    <nd ref="545"/>
    <nd ref="546"/>
    <nd ref="547"/>
    <nd ref="548"/>
    <nd ref="549"/>
    <nd ref="550"/>
    <nd ref="551"/>
    <nd ref="552"/>
    <nd ref="553"/>
    <nd ref="554"/>
    <nd ref="555"/>
    <nd ref="556"/>
    <nd ref="557"/>
    <nd ref="558"/>
    <nd ref="493"/>
    <tag k="landuse" v="farmland"/>
    <tag k="name" v="Field 7"/>
  </way>
  <way id="34" version="1" timestamp="2026-07-24T12:00:00Z" changeset="1" uid="1" user="Antigravity">
    <nd ref="559"/>
    <nd ref="560"/>
    <nd ref="561"/>
    <nd ref="562"/>
    <nd ref="563"/>
    <nd ref="564"/>
    <nd ref="565"/>
    <nd ref="566"/>
    <nd ref="567"/>
    <nd ref="568"/>
    <nd ref="569"/>
    <nd ref="570"/>
    <nd ref="571"/>
    <nd ref="572"/>
    <nd ref="573"/>
    <nd ref="574"/>
    <nd ref="575"/>
    <nd ref="576"/>
    <nd ref="577"/>
    <nd ref="578"/>
    <nd ref="579"/>
    <nd ref="580"/>
    <nd ref="581"/>
    <nd ref="582"/>
    <nd ref="583"/>
    <nd ref="584"/>
    <nd ref="585"/>
    <nd ref="586"/>
    <nd ref="587"/>
    <nd ref="588"/>
    <nd ref="589"/>
    <nd ref="590"/>
    <nd ref="591"/>
    <nd ref="592"/>
    <nd ref="593"/>
    <nd ref="594"/>
    <nd ref="595"/>
    <nd ref="596"/>
    <nd ref="597"/>
    <nd ref="598"/>
    <nd ref="599"/>
    <nd ref="600"/>
    <nd ref="601"/>
    <nd ref="602"/>
    <nd ref="603"/>
    <nd ref="604"/>
    <nd ref="605"/>
    <nd ref="606"/>
    <nd ref="607"/>
    <nd ref="608"/>
    <nd ref="609"/>
    <nd ref="610"/>
    <nd ref="611"/>
    <nd ref="612"/>
    <nd ref="613"/>
    <nd ref="614"/>
    <nd ref="615"/>
    <nd ref="616"/>
    <nd ref="617"/>
    <nd ref="618"/>
    <nd ref="619"/>
    <nd ref="620"/>
    <nd ref="621"/>
    <nd ref="622"/>
    <nd ref="623"/>
    <nd ref="624"/>
    <nd ref="559"/>
    <tag k="landuse" v="farmland"/>
    <tag k="name" v="Field 8"/>
  </way>
  <way id="35" version="1" timestamp="2026-07-24T12:00:00Z" changeset="1" uid="1" user="Antigravity">
    <nd ref="625"/>
    <nd ref="626"/>
    <nd ref="627"/>
    <nd ref="628"/>
    <nd ref="629"/>
    <nd ref="630"/>
    <nd ref="631"/>
    <nd ref="632"/>
    <nd ref="633"/>
    <nd ref="634"/>
    <nd ref="635"/>
    <nd ref="636"/>
    <nd ref="637"/>
    <nd ref="638"/>
    <nd ref="639"/>
    <nd ref="640"/>
    <nd ref="641"/>
    <nd ref="642"/>
    <nd ref="643"/>
    <nd ref="644"/>
    <nd ref="645"/>
    <nd ref="646"/>
    <nd ref="647"/>
    <nd ref="648"/>
    <nd ref="649"/>
    <nd ref="650"/>
    <nd ref="651"/>
    <nd ref="652"/>
    <nd ref="653"/>
    <nd ref="654"/>
    <nd ref="655"/>
    <nd ref="656"/>
    <nd ref="657"/>
    <nd ref="658"/>
    <nd ref="659"/>
    <nd ref="660"/>
    <nd ref="661"/>
    <nd ref="662"/>
    <nd ref="663"/>
    <nd ref="664"/>
    <nd ref="665"/>
    <nd ref="666"/>
    <nd ref="667"/>
    <nd ref="668"/>
    <nd ref="669"/>
    <nd ref="670"/>
    <nd ref="671"/>
    <nd ref="672"/>
    <nd ref="673"/>
    <nd ref="674"/>
    <nd ref="675"/>
    <nd ref="676"/>
    <nd ref="677"/>
    <nd ref="678"/>
    <nd ref="679"/>
    <nd ref="680"/>
    <nd ref="681"/>
    <nd ref="682"/>
    <nd ref="683"/>
    <nd ref="684"/>
    <nd ref="685"/>
    <nd ref="686"/>
    <nd ref="687"/>
    <nd ref="688"/>
    <nd ref="689"/>
    <nd ref="690"/>
    <nd ref="625"/>
    <tag k="landuse" v="farmland"/>
    <tag k="name" v="Field 9"/>
  </way>
  <way id="36" version="1" timestamp="2026-07-24T12:00:00Z" changeset="1" uid="1" user="Antigravity">
    <nd ref="691"/>
    <nd ref="692"/>
    <nd ref="693"/>
    <nd ref="694"/>
    <nd ref="695"/>
    <nd ref="696"/>
    <nd ref="697"/>
    <nd ref="698"/>
    <nd ref="699"/>
    <nd ref="700"/>
    <nd ref="701"/>
    <nd ref="702"/>
    <nd ref="703"/>
    <nd ref="704"/>
    <nd ref="705"/>
    <nd ref="706"/>
    <nd ref="707"/>
    <nd ref="708"/>
    <nd ref="709"/>
    <nd ref="710"/>
    <nd ref="711"/>
    <nd ref="712"/>
    <nd ref="713"/>
    <nd ref="714"/>
    <nd ref="715"/>
    <nd ref="716"/>
    <nd ref="717"/>
    <nd ref="718"/>
    <nd ref="719"/>
    <nd ref="720"/>
    <nd ref="721"/>
    <nd ref="722"/>
    <nd ref="723"/>
    <nd ref="724"/>
    <nd ref="725"/>
    <nd ref="726"/>
    <nd ref="727"/>
    <nd ref="728"/>
    <nd ref="729"/>
    <nd ref="730"/>
    <nd ref="731"/>
    <nd ref="732"/>
    <nd ref="733"/>
    <nd ref="734"/>
    <nd ref="735"/>
    <nd ref="736"/>
    <nd ref="737"/>
    <nd ref="738"/>
    <nd ref="739"/>
    <nd ref="740"/>
    <nd ref="741"/>
    <nd ref="742"/>
    <nd ref="743"/>
    <nd ref="744"/>
    <nd ref="745"/>
    <nd ref="746"/>
    <nd ref="747"/>
    <nd ref="748"/>
    <nd ref="749"/>
    <nd ref="750"/>
    <nd ref="751"/>
    <nd ref="752"/>
    <nd ref="753"/>
    <nd ref="754"/>
    <nd ref="755"/>
    <nd ref="756"/>
    <nd ref="691"/>
    <tag k="landuse" v="farmland"/>
    <tag k="name" v="Field 10"/>
  </way>
  <way id="37" version="1" timestamp="2026-07-24T12:00:00Z" changeset="1" uid="1" user="Antigravity">
    <nd ref="757"/>
    <nd ref="758"/>
    <nd ref="759"/>
    <nd ref="760"/>
    <nd ref="761"/>
    <nd ref="762"/>
    <nd ref="763"/>
    <nd ref="764"/>
    <nd ref="765"/>
    <nd ref="766"/>
    <nd ref="767"/>
    <nd ref="768"/>
    <nd ref="769"/>
    <nd ref="770"/>
    <nd ref="771"/>
    <nd ref="772"/>
    <nd ref="773"/>
    <nd ref="774"/>
    <nd ref="775"/>
    <nd ref="776"/>
    <nd ref="777"/>
    <nd ref="778"/>
    <nd ref="779"/>
    <nd ref="780"/>
    <nd ref="781"/>
    <nd ref="782"/>
    <nd ref="783"/>
    <nd ref="784"/>
    <nd ref="785"/>
    <nd ref="786"/>
    <nd ref="787"/>
    <nd ref="788"/>
    <nd ref="789"/>
    <nd ref="790"/>
    <nd ref="791"/>
    <nd ref="792"/>
    <nd ref="793"/>
    <nd ref="794"/>
    <nd ref="795"/>
    <nd ref="796"/>
    <nd ref="797"/>
    <nd ref="798"/>
    <nd ref="799"/>
    <nd ref="800"/>
    <nd ref="801"/>
    <nd ref="802"/>
    <nd ref="803"/>
    <nd ref="804"/>
    <nd ref="805"/>
    <nd ref="806"/>
    <nd ref="807"/>
    <nd ref="808"/>
    <nd ref="809"/>
    <nd ref="810"/>
    <nd ref="811"/>
    <nd ref="812"/>
    <nd ref="813"/>
    <nd ref="814"/>
    <nd ref="815"/>
    <nd ref="816"/>
    <nd ref="817"/>
    <nd ref="818"/>
    <nd ref="819"/>
    <nd ref="820"/>
    <nd ref="821"/>
    <nd ref="822"/>
    <nd ref="757"/>
    <tag k="landuse" v="farmland"/>
    <tag k="name" v="Field 11"/>
  </way>
  <way id="38" version="1" timestamp="2026-07-24T12:00:00Z" changeset="1" uid="1" user="Antigravity">
    <nd ref="823"/>
    <nd ref="824"/>
    <nd ref="825"/>
    <nd ref="826"/>
    <nd ref="827"/>
    <nd ref="828"/>
    <nd ref="829"/>
    <nd ref="830"/>
    <nd ref="831"/>
    <nd ref="832"/>
    <nd ref="833"/>
    <nd ref="834"/>
    <nd ref="835"/>
    <nd ref="836"/>
    <nd ref="837"/>
    <nd ref="838"/>
    <nd ref="839"/>
    <nd ref="840"/>
    <nd ref="841"/>
    <nd ref="842"/>
    <nd ref="843"/>
    <nd ref="844"/>
    <nd ref="845"/>
    <nd ref="846"/>
    <nd ref="847"/>
    <nd ref="848"/>
    <nd ref="849"/>
    <nd ref="850"/>
    <nd ref="851"/>
    <nd ref="852"/>
    <nd ref="853"/>
    <nd ref="854"/>
    <nd ref="855"/>
    <nd ref="856"/>
    <nd ref="857"/>
    <nd ref="858"/>
    <nd ref="859"/>
    <nd ref="860"/>
    <nd ref="861"/>
    <nd ref="862"/>
    <nd ref="863"/>
    <nd ref="864"/>
    <nd ref="865"/>
    <nd ref="866"/>
    <nd ref="867"/>
    <nd ref="868"/>
    <nd ref="869"/>
    <nd ref="870"/>
    <nd ref="871"/>
    <nd ref="872"/>
    <nd ref="873"/>
    <nd ref="874"/>
    <nd ref="875"/>
    <nd ref="876"/>
    <nd ref="877"/>
    <nd ref="878"/>
    <nd ref="879"/>
    <nd ref="880"/>
    <nd ref="881"/>
    <nd ref="882"/>
    <nd ref="883"/>
    <nd ref="884"/>
    <nd ref="885"/>
    <nd ref="886"/>
    <nd ref="887"/>
    <nd ref="888"/>
    <nd ref="823"/>
    <tag k="landuse" v="farmland"/>
    <tag k="name" v="Field 12"/>
  </way>
  <way id="39" version="1" timestamp="2026-07-24T12:00:00Z" changeset="1" uid="1" user="Antigravity">
    <nd ref="889"/>
    <nd ref="890"/>
    <nd ref="891"/>
    <nd ref="892"/>
    <nd ref="889"/>
    <tag k="natural" v="wood"/>
    <tag k="landuse" v="farmyard"/>
    <tag k="leaf_type" v="broadleave"/>
    <tag k="name" v="Random Forest 2"/>
  </way>
  <way id="40" version="1" timestamp="2026-07-24T12:00:00Z" changeset="1" uid="1" user="Antigravity">
    <nd ref="893"/>
    <nd ref="894"/>
    <nd ref="895"/>
    <nd ref="896"/>
    <nd ref="897"/>
    <nd ref="898"/>
    <nd ref="899"/>
    <nd ref="900"/>
    <nd ref="901"/>
    <nd ref="902"/>
    <nd ref="903"/>
    <nd ref="904"/>
    <nd ref="905"/>
    <nd ref="906"/>
    <nd ref="907"/>
    <nd ref="908"/>
    <nd ref="909"/>
    <nd ref="910"/>
    <nd ref="911"/>
    <nd ref="912"/>
    <nd ref="913"/>
    <nd ref="914"/>
    <nd ref="915"/>
    <nd ref="916"/>
    <nd ref="917"/>
    <nd ref="918"/>
    <nd ref="919"/>
    <nd ref="920"/>
    <nd ref="921"/>
    <nd ref="922"/>
    <nd ref="923"/>
    <nd ref="924"/>
    <nd ref="925"/>
    <nd ref="926"/>
    <nd ref="927"/>
    <nd ref="928"/>
    <nd ref="929"/>
    <nd ref="930"/>
    <nd ref="931"/>
    <nd ref="932"/>
    <nd ref="933"/>
    <nd ref="934"/>
    <nd ref="935"/>
    <nd ref="936"/>
    <nd ref="937"/>
    <nd ref="938"/>
    <nd ref="939"/>
    <nd ref="940"/>
    <nd ref="941"/>
    <nd ref="942"/>
    <nd ref="943"/>
    <nd ref="944"/>
    <nd ref="945"/>
    <nd ref="946"/>
    <nd ref="947"/>
    <nd ref="948"/>
    <nd ref="949"/>
    <nd ref="950"/>
    <nd ref="951"/>
    <nd ref="952"/>
    <nd ref="953"/>
    <nd ref="954"/>
    <nd ref="955"/>
    <nd ref="956"/>
    <nd ref="957"/>
    <nd ref="958"/>
    <nd ref="893"/>
    <tag k="landuse" v="farmland"/>
    <tag k="name" v="Field 13"/>
  </way>
  <way id="41" version="1" timestamp="2026-07-24T12:00:00Z" changeset="1" uid="1" user="Antigravity">
    <nd ref="959"/>
    <nd ref="960"/>
    <nd ref="961"/>
    <nd ref="962"/>
    <nd ref="963"/>
    <nd ref="964"/>
    <nd ref="965"/>
    <nd ref="966"/>
    <nd ref="967"/>
    <nd ref="968"/>
    <nd ref="969"/>
    <nd ref="970"/>
    <nd ref="971"/>
    <nd ref="972"/>
    <nd ref="973"/>
    <nd ref="974"/>
    <nd ref="975"/>
    <nd ref="976"/>
    <nd ref="977"/>
    <nd ref="978"/>
    <nd ref="979"/>
    <nd ref="980"/>
    <nd ref="981"/>
    <nd ref="982"/>
    <nd ref="983"/>
    <nd ref="984"/>
    <nd ref="985"/>
    <nd ref="986"/>
    <nd ref="987"/>
    <nd ref="988"/>
    <nd ref="989"/>
    <nd ref="990"/>
    <nd ref="991"/>
    <nd ref="992"/>
    <nd ref="993"/>
    <nd ref="994"/>
    <nd ref="995"/>
    <nd ref="996"/>
    <nd ref="997"/>
    <nd ref="998"/>
    <nd ref="999"/>
    <nd ref="1000"/>
    <nd ref="1001"/>
    <nd ref="1002"/>
    <nd ref="1003"/>
    <nd ref="1004"/>
    <nd ref="1005"/>
    <nd ref="1006"/>
    <nd ref="1007"/>
    <nd ref="1008"/>
    <nd ref="1009"/>
    <nd ref="1010"/>
    <nd ref="1011"/>
    <nd ref="1012"/>
    <nd ref="1013"/>
    <nd ref="1014"/>
    <nd ref="1015"/>
    <nd ref="1016"/>
    <nd ref="1017"/>
    <nd ref="1018"/>
    <nd ref="1019"/>
    <nd ref="1020"/>
    <nd ref="1021"/>
    <nd ref="1022"/>
    <nd ref="1023"/>
    <nd ref="1024"/>
    <nd ref="959"/>
    <tag k="landuse" v="farmland"/>
    <tag k="name" v="Field 14"/>
  </way>
  <way id="42" version="1" timestamp="2026-07-24T12:00:00Z" changeset="1" uid="1" user="Antigravity">
    <nd ref="1025"/>
    <nd ref="1026"/>
    <nd ref="1027"/>
    <nd ref="1028"/>
    <nd ref="1025"/>
    <tag k="natural" v="wood"/>
    <tag k="landuse" v="farmyard"/>
    <tag k="leaf_type" v="broadleave"/>
    <tag k="name" v="Random Forest 3"/>
  </way>
  <way id="43" version="1" timestamp="2026-07-24T12:00:00Z" changeset="1" uid="1" user="Antigravity">
    <nd ref="1029"/>
    <nd ref="1030"/>
    <nd ref="1031"/>
    <nd ref="1032"/>
    <nd ref="1033"/>
    <nd ref="1034"/>
    <nd ref="1035"/>
    <nd ref="1036"/>
    <nd ref="1037"/>
    <nd ref="1038"/>
    <nd ref="1039"/>
    <nd ref="1040"/>
    <nd ref="1041"/>
    <nd ref="1042"/>
    <nd ref="1043"/>
    <nd ref="1044"/>
    <nd ref="1045"/>
    <nd ref="1046"/>
    <nd ref="1047"/>
    <nd ref="1048"/>
    <nd ref="1049"/>
    <nd ref="1050"/>
    <nd ref="1051"/>
    <nd ref="1052"/>
    <nd ref="1053"/>
    <nd ref="1054"/>
    <nd ref="1055"/>
    <nd ref="1056"/>
    <nd ref="1057"/>
    <nd ref="1058"/>
    <nd ref="1059"/>
    <nd ref="1060"/>
    <nd ref="1061"/>
    <nd ref="1062"/>
    <nd ref="1063"/>
    <nd ref="1064"/>
    <nd ref="1065"/>
    <nd ref="1066"/>
    <nd ref="1067"/>
    <nd ref="1068"/>
    <nd ref="1069"/>
    <nd ref="1070"/>
    <nd ref="1071"/>
    <nd ref="1072"/>
    <nd ref="1073"/>
    <nd ref="1074"/>
    <nd ref="1075"/>
    <nd ref="1076"/>
    <nd ref="1077"/>
    <nd ref="1078"/>
    <nd ref="1079"/>
    <nd ref="1080"/>
    <nd ref="1081"/>
    <nd ref="1082"/>
    <nd ref="1083"/>
    <nd ref="1084"/>
    <nd ref="1085"/>
    <nd ref="1086"/>
    <nd ref="1087"/>
    <nd ref="1088"/>
    <nd ref="1089"/>
    <nd ref="1090"/>
    <nd ref="1091"/>
    <nd ref="1092"/>
    <nd ref="1093"/>
    <nd ref="1094"/>
    <nd ref="1029"/>
    <tag k="landuse" v="farmland"/>
    <tag k="name" v="Field 15"/>
  </way>
  <way id="44" version="1" timestamp="2026-07-24T12:00:00Z" changeset="1" uid="1" user="Antigravity">
    <nd ref="1095"/>
    <nd ref="1096"/>
    <nd ref="1097"/>
    <nd ref="1098"/>
    <nd ref="1099"/>
    <nd ref="1100"/>
    <nd ref="1101"/>
    <nd ref="1102"/>
    <nd ref="1103"/>
    <nd ref="1104"/>
    <nd ref="1105"/>
    <nd ref="1106"/>
    <nd ref="1107"/>
    <nd ref="1108"/>
    <nd ref="1109"/>
    <nd ref="1110"/>
    <nd ref="1111"/>
    <nd ref="1112"/>
    <nd ref="1113"/>
    <nd ref="1114"/>
    <nd ref="1115"/>
    <nd ref="1116"/>
    <nd ref="1117"/>
    <nd ref="1118"/>
    <nd ref="1119"/>
    <nd ref="1120"/>
    <nd ref="1121"/>
    <nd ref="1122"/>
    <nd ref="1123"/>
    <nd ref="1124"/>
    <nd ref="1125"/>
    <nd ref="1126"/>
    <nd ref="1127"/>
    <nd ref="1128"/>
    <nd ref="1129"/>
    <nd ref="1130"/>
    <nd ref="1131"/>
    <nd ref="1132"/>
    <nd ref="1133"/>
    <nd ref="1134"/>
    <nd ref="1135"/>
    <nd ref="1136"/>
    <nd ref="1137"/>
    <nd ref="1138"/>
    <nd ref="1139"/>
    <nd ref="1140"/>
    <nd ref="1141"/>
    <nd ref="1142"/>
    <nd ref="1143"/>
    <nd ref="1144"/>
    <nd ref="1145"/>
    <nd ref="1146"/>
    <nd ref="1147"/>
    <nd ref="1148"/>
    <nd ref="1149"/>
    <nd ref="1150"/>
    <nd ref="1151"/>
    <nd ref="1152"/>
    <nd ref="1153"/>
    <nd ref="1154"/>
    <nd ref="1155"/>
    <nd ref="1156"/>
    <nd ref="1157"/>
    <nd ref="1158"/>
    <nd ref="1159"/>
    <nd ref="1160"/>
    <nd ref="1095"/>
    <tag k="landuse" v="farmland"/>
    <tag k="name" v="Field 16"/>
  </way>
  <way id="45" version="1" timestamp="2026-07-24T12:00:00Z" changeset="1" uid="1" user="Antigravity">
    <nd ref="1161"/>
    <nd ref="1162"/>
    <nd ref="1163"/>
    <nd ref="1164"/>
    <nd ref="1165"/>
    <nd ref="1166"/>
    <nd ref="1167"/>
    <nd ref="1168"/>
    <nd ref="1169"/>
    <nd ref="1170"/>
    <nd ref="1171"/>
    <nd ref="1172"/>
    <nd ref="1173"/>
    <nd ref="1174"/>
    <nd ref="1175"/>
    <nd ref="1176"/>
    <nd ref="1177"/>
    <nd ref="1178"/>
    <nd ref="1179"/>
    <nd ref="1180"/>
    <nd ref="1181"/>
    <nd ref="1182"/>
    <nd ref="1183"/>
    <nd ref="1184"/>
    <nd ref="1185"/>
    <nd ref="1186"/>
    <nd ref="1187"/>
    <nd ref="1188"/>
    <nd ref="1189"/>
    <nd ref="1190"/>
    <nd ref="1191"/>
    <nd ref="1192"/>
    <nd ref="1193"/>
    <nd ref="1194"/>
    <nd ref="1195"/>
    <nd ref="1196"/>
    <nd ref="1197"/>
    <nd ref="1198"/>
    <nd ref="1199"/>
    <nd ref="1200"/>
    <nd ref="1201"/>
    <nd ref="1202"/>
    <nd ref="1203"/>
    <nd ref="1204"/>
    <nd ref="1205"/>
    <nd ref="1206"/>
    <nd ref="1207"/>
    <nd ref="1208"/>
    <nd ref="1209"/>
    <nd ref="1210"/>
    <nd ref="1211"/>
    <nd ref="1212"/>
    <nd ref="1213"/>
    <nd ref="1214"/>
    <nd ref="1215"/>
    <nd ref="1216"/>
    <nd ref="1217"/>
    <nd ref="1218"/>
    <nd ref="1219"/>
    <nd ref="1220"/>
    <nd ref="1221"/>
    <nd ref="1222"/>
    <nd ref="1223"/>
    <nd ref="1224"/>
    <nd ref="1225"/>
    <nd ref="1226"/>
    <nd ref="1161"/>
    <tag k="landuse" v="farmland"/>
    <tag k="name" v="Field 17"/>
  </way>
  <way id="46" version="1" timestamp="2026-07-24T12:00:00Z" changeset="1" uid="1" user="Antigravity">
    <nd ref="1227"/>
    <nd ref="1228"/>
    <nd ref="1229"/>
    <nd ref="1230"/>
    <nd ref="1231"/>
    <nd ref="1232"/>
    <nd ref="1233"/>
    <nd ref="1234"/>
    <nd ref="1235"/>
    <nd ref="1236"/>
    <nd ref="1237"/>
    <nd ref="1238"/>
    <nd ref="1239"/>
    <nd ref="1240"/>
    <nd ref="1241"/>
    <nd ref="1242"/>
    <nd ref="1243"/>
    <nd ref="1244"/>
    <nd ref="1245"/>
    <nd ref="1246"/>
    <nd ref="1247"/>
    <nd ref="1248"/>
    <nd ref="1249"/>
    <nd ref="1250"/>
    <nd ref="1251"/>
    <nd ref="1252"/>
    <nd ref="1253"/>
    <nd ref="1254"/>
    <nd ref="1255"/>
    <nd ref="1256"/>
    <nd ref="1257"/>
    <nd ref="1258"/>
    <nd ref="1259"/>
    <nd ref="1260"/>
    <nd ref="1261"/>
    <nd ref="1262"/>
    <nd ref="1263"/>
    <nd ref="1264"/>
    <nd ref="1265"/>
    <nd ref="1266"/>
    <nd ref="1267"/>
    <nd ref="1268"/>
    <nd ref="1269"/>
    <nd ref="1270"/>
    <nd ref="1271"/>
    <nd ref="1272"/>
    <nd ref="1273"/>
    <nd ref="1274"/>
    <nd ref="1275"/>
    <nd ref="1276"/>
    <nd ref="1277"/>
    <nd ref="1278"/>
    <nd ref="1279"/>
    <nd ref="1280"/>
    <nd ref="1281"/>
    <nd ref="1282"/>
    <nd ref="1283"/>
    <nd ref="1284"/>
    <nd ref="1285"/>
    <nd ref="1286"/>
    <nd ref="1287"/>
    <nd ref="1288"/>
    <nd ref="1289"/>
    <nd ref="1290"/>
    <nd ref="1291"/>
    <nd ref="1292"/>
    <nd ref="1227"/>
    <tag k="landuse" v="farmland"/>
    <tag k="name" v="Field 18"/>
  </way>
  <way id="47" version="1" timestamp="2026-07-24T12:00:00Z" changeset="1" uid="1" user="Antigravity">
    <nd ref="1293"/>
    <nd ref="1294"/>
    <nd ref="1295"/>
    <nd ref="1296"/>
    <nd ref="1297"/>
    <nd ref="1298"/>
    <nd ref="1299"/>
    <nd ref="1300"/>
    <nd ref="1301"/>
    <nd ref="1302"/>
    <nd ref="1303"/>
    <nd ref="1304"/>
    <nd ref="1305"/>
    <nd ref="1306"/>
    <nd ref="1307"/>
    <nd ref="1308"/>
    <nd ref="1309"/>
    <nd ref="1310"/>
    <nd ref="1311"/>
    <nd ref="1312"/>
    <nd ref="1313"/>
    <nd ref="1314"/>
    <nd ref="1315"/>
    <nd ref="1316"/>
    <nd ref="1317"/>
    <nd ref="1318"/>
    <nd ref="1319"/>
    <nd ref="1320"/>
    <nd ref="1321"/>
    <nd ref="1322"/>
    <nd ref="1323"/>
    <nd ref="1324"/>
    <nd ref="1325"/>
    <nd ref="1326"/>
    <nd ref="1327"/>
    <nd ref="1328"/>
    <nd ref="1329"/>
    <nd ref="1330"/>
    <nd ref="1331"/>
    <nd ref="1332"/>
    <nd ref="1333"/>
    <nd ref="1334"/>
    <nd ref="1335"/>
    <nd ref="1336"/>
    <nd ref="1337"/>
    <nd ref="1338"/>
    <nd ref="1339"/>
    <nd ref="1340"/>
    <nd ref="1341"/>
    <nd ref="1342"/>
    <nd ref="1343"/>
    <nd ref="1344"/>
    <nd ref="1345"/>
    <nd ref="1346"/>
    <nd ref="1347"/>
    <nd ref="1348"/>
    <nd ref="1349"/>
    <nd ref="1350"/>
    <nd ref="1351"/>
    <nd ref="1352"/>
    <nd ref="1353"/>
    <nd ref="1354"/>
    <nd ref="1355"/>
    <nd ref="1356"/>
    <nd ref="1357"/>
    <nd ref="1358"/>
    <nd ref="1293"/>
    <tag k="landuse" v="farmland"/>
    <tag k="name" v="Field 19"/>
  </way>
  <way id="48" version="1" timestamp="2026-07-24T12:00:00Z" changeset="1" uid="1" user="Antigravity">
    <nd ref="1359"/>
    <nd ref="1360"/>
    <nd ref="1361"/>
    <nd ref="1362"/>
    <nd ref="1363"/>
    <nd ref="1364"/>
    <nd ref="1365"/>
    <nd ref="1366"/>
    <nd ref="1367"/>
    <nd ref="1368"/>
    <nd ref="1369"/>
    <nd ref="1370"/>
    <nd ref="1371"/>
    <nd ref="1372"/>
    <nd ref="1373"/>
    <nd ref="1374"/>
    <nd ref="1375"/>
    <nd ref="1376"/>
    <nd ref="1377"/>
    <nd ref="1378"/>
    <nd ref="1379"/>
    <nd ref="1380"/>
    <nd ref="1381"/>
    <nd ref="1382"/>
    <nd ref="1383"/>
    <nd ref="1384"/>
    <nd ref="1385"/>
    <nd ref="1386"/>
    <nd ref="1387"/>
    <nd ref="1388"/>
    <nd ref="1389"/>
    <nd ref="1390"/>
    <nd ref="1391"/>
    <nd ref="1392"/>
    <nd ref="1393"/>
    <nd ref="1394"/>
    <nd ref="1395"/>
    <nd ref="1396"/>
    <nd ref="1397"/>
    <nd ref="1398"/>
    <nd ref="1399"/>
    <nd ref="1400"/>
    <nd ref="1401"/>
    <nd ref="1402"/>
    <nd ref="1403"/>
    <nd ref="1404"/>
    <nd ref="1405"/>
    <nd ref="1406"/>
    <nd ref="1407"/>
    <nd ref="1408"/>
    <nd ref="1409"/>
    <nd ref="1410"/>
    <nd ref="1411"/>
    <nd ref="1412"/>
    <nd ref="1413"/>
    <nd ref="1414"/>
    <nd ref="1415"/>
    <nd ref="1416"/>
    <nd ref="1417"/>
    <nd ref="1418"/>
    <nd ref="1419"/>
    <nd ref="1420"/>
    <nd ref="1421"/>
    <nd ref="1422"/>
    <nd ref="1423"/>
    <nd ref="1424"/>
    <nd ref="1359"/>
    <tag k="landuse" v="farmland"/>
    <tag k="name" v="Field 20"/>
  </way>
  <way id="49" version="1" timestamp="2026-07-24T12:00:00Z" changeset="1" uid="1" user="Antigravity">
    <nd ref="1425"/>
    <nd ref="1426"/>
    <tag k="highway" v="tertiary"/>
  </way>
  <way id="50" version="1" timestamp="2026-07-24T12:00:00Z" changeset="1" uid="1" user="Antigravity">
    <nd ref="1427"/>
    <nd ref="1428"/>
    <tag k="highway" v="tertiary"/>
  </way>
  <way id="51" version="1" timestamp="2026-07-24T12:00:00Z" changeset="1" uid="1" user="Antigravity">
    <nd ref="1425"/>
    <nd ref="1429"/>
    <tag k="highway" v="tertiary"/>
  </way>
  <way id="52" version="1" timestamp="2026-07-24T12:00:00Z" changeset="1" uid="1" user="Antigravity">
    <nd ref="1426"/>
    <nd ref="1430"/>
    <tag k="highway" v="tertiary"/>
  </way>
  <way id="53" version="1" timestamp="2026-07-24T12:00:00Z" changeset="1" uid="1" user="Antigravity">
    <nd ref="1425"/>
    <nd ref="1431"/>
    <nd ref="1432"/>
    <nd ref="1433"/>
    <nd ref="1425"/>
    <tag k="landuse" v="farmland"/>
    <tag k="name" v="Field N1_1 (32.1 ha)"/>
  </way>
  <way id="54" version="1" timestamp="2026-07-24T12:00:00Z" changeset="1" uid="1" user="Antigravity">
    <nd ref="1434"/>
    <nd ref="1435"/>
    <nd ref="1436"/>
    <nd ref="1437"/>
    <nd ref="1434"/>
    <tag k="landuse" v="farmland"/>
    <tag k="name" v="Field N1_2 (10.0 ha)"/>
  </way>
  <way id="55" version="1" timestamp="2026-07-24T12:00:00Z" changeset="1" uid="1" user="Antigravity">
    <nd ref="1438"/>
    <nd ref="1439"/>
    <nd ref="1440"/>
    <nd ref="1441"/>
    <nd ref="1438"/>
    <tag k="landuse" v="farmland"/>
    <tag k="name" v="Field N1_3 (10.0 ha)"/>
  </way>
  <way id="56" version="1" timestamp="2026-07-24T12:00:00Z" changeset="1" uid="1" user="Antigravity">
    <nd ref="1442"/>
    <nd ref="1443"/>
    <nd ref="1444"/>
    <nd ref="1445"/>
    <nd ref="1442"/>
    <tag k="landuse" v="farmland"/>
    <tag k="name" v="Field N1_4 (5.0 ha)"/>
  </way>
  <way id="57" version="1" timestamp="2026-07-24T12:00:00Z" changeset="1" uid="1" user="Antigravity">
    <nd ref="1446"/>
    <nd ref="1447"/>
    <nd ref="1448"/>
    <nd ref="1449"/>
    <nd ref="1446"/>
    <tag k="landuse" v="farmland"/>
    <tag k="name" v="Field N1_5 (5.0 ha)"/>
  </way>
  <way id="58" version="1" timestamp="2026-07-24T12:00:00Z" changeset="1" uid="1" user="Antigravity">
    <nd ref="1450"/>
    <nd ref="1451"/>
    <nd ref="1452"/>
    <nd ref="1453"/>
    <nd ref="1450"/>
    <tag k="landuse" v="farmland"/>
    <tag k="name" v="Field N1_6 (5.0 ha)"/>
  </way>
  <way id="59" version="1" timestamp="2026-07-24T12:00:00Z" changeset="1" uid="1" user="Antigravity">
    <nd ref="1454"/>
    <nd ref="1426"/>
    <nd ref="1455"/>
    <nd ref="1456"/>
    <nd ref="1454"/>
    <tag k="landuse" v="farmland"/>
    <tag k="name" v="Field N1_7 (5.0 ha)"/>
  </way>
  <way id="60" version="1" timestamp="2026-07-24T12:00:00Z" changeset="1" uid="1" user="Antigravity">
    <nd ref="1457"/>
    <nd ref="1458"/>
    <tag k="highway" v="tertiary"/>
  </way>
  <way id="61" version="1" timestamp="2026-07-24T12:00:00Z" changeset="1" uid="1" user="Antigravity">
    <nd ref="1459"/>
    <nd ref="1460"/>
    <tag k="highway" v="tertiary"/>
  </way>
  <way id="62" version="1" timestamp="2026-07-24T12:00:00Z" changeset="1" uid="1" user="Antigravity">
    <nd ref="1461"/>
    <nd ref="1462"/>
    <tag k="highway" v="tertiary"/>
  </way>
  <way id="63" version="1" timestamp="2026-07-24T12:00:00Z" changeset="1" uid="1" user="Antigravity">
    <nd ref="1463"/>
    <nd ref="1464"/>
    <tag k="highway" v="tertiary"/>
  </way>
  <way id="64" version="1" timestamp="2026-07-24T12:00:00Z" changeset="1" uid="1" user="Antigravity">
    <nd ref="1465"/>
    <nd ref="1466"/>
    <tag k="highway" v="tertiary"/>
  </way>
  <way id="65" version="1" timestamp="2026-07-24T12:00:00Z" changeset="1" uid="1" user="Antigravity">
    <nd ref="1467"/>
    <nd ref="1468"/>
    <tag k="highway" v="tertiary"/>
  </way>
  <way id="66" version="1" timestamp="2026-07-24T12:00:00Z" changeset="1" uid="1" user="Antigravity">
    <nd ref="1469"/>
    <nd ref="1470"/>
    <nd ref="1471"/>
    <nd ref="1472"/>
    <nd ref="1469"/>
    <tag k="landuse" v="farmyard"/>
    <tag k="name" v="Yard N2_1"/>
  </way>
  <way id="67" version="1" timestamp="2026-07-24T12:00:00Z" changeset="1" uid="1" user="Antigravity">
    <nd ref="1473"/>
    <nd ref="1474"/>
    <nd ref="1475"/>
    <nd ref="1476"/>
    <nd ref="1473"/>
    <tag k="landuse" v="farmland"/>
    <tag k="name" v="Field N2_2 (5.0 ha)"/>
  </way>
  <way id="68" version="1" timestamp="2026-07-24T12:00:00Z" changeset="1" uid="1" user="Antigravity">
    <nd ref="1477"/>
    <nd ref="1478"/>
    <nd ref="1479"/>
    <nd ref="1480"/>
    <nd ref="1477"/>
    <tag k="landuse" v="farmland"/>
    <tag k="name" v="Field N2_3 (5.0 ha)"/>
  </way>
  <way id="69" version="1" timestamp="2026-07-24T12:00:00Z" changeset="1" uid="1" user="Antigravity">
    <nd ref="1481"/>
    <nd ref="1482"/>
    <nd ref="1483"/>
    <nd ref="1484"/>
    <nd ref="1481"/>
    <tag k="landuse" v="farmland"/>
    <tag k="name" v="Field N2_4 (10.0 ha)"/>
  </way>
  <way id="70" version="1" timestamp="2026-07-24T12:00:00Z" changeset="1" uid="1" user="Antigravity">
    <nd ref="1485"/>
    <nd ref="1486"/>
    <nd ref="1487"/>
    <nd ref="1488"/>
    <nd ref="1485"/>
    <tag k="landuse" v="farmland"/>
    <tag k="name" v="Field N2_5 (10.0 ha)"/>
  </way>
  <way id="71" version="1" timestamp="2026-07-24T12:00:00Z" changeset="1" uid="1" user="Antigravity">
    <nd ref="1489"/>
    <nd ref="1490"/>
    <nd ref="1491"/>
    <nd ref="1492"/>
    <nd ref="1489"/>
    <tag k="landuse" v="farmland"/>
    <tag k="name" v="Field N2_6 (22.6 ha)"/>
  </way>
  <way id="72" version="1" timestamp="2026-07-24T12:00:00Z" changeset="1" uid="1" user="Antigravity">
    <nd ref="1493"/>
    <nd ref="1494"/>
    <nd ref="1495"/>
    <nd ref="1496"/>
    <nd ref="1493"/>
    <tag k="landuse" v="farmland"/>
    <tag k="name" v="Field N2_7 (10.0 ha)"/>
  </way>
  <way id="73" version="1" timestamp="2026-07-24T12:00:00Z" changeset="1" uid="1" user="Antigravity">
    <nd ref="1497"/>
    <nd ref="1498"/>
    <nd ref="1499"/>
    <nd ref="1500"/>
    <nd ref="1497"/>
    <tag k="landuse" v="farmland"/>
    <tag k="name" v="Field N2_8 (10.0 ha)"/>
  </way>
  <way id="74" version="1" timestamp="2026-07-24T12:00:00Z" changeset="1" uid="1" user="Antigravity">
    <nd ref="1501"/>
    <nd ref="1502"/>
    <nd ref="1503"/>
    <nd ref="1504"/>
    <nd ref="1501"/>
    <tag k="landuse" v="farmland"/>
    <tag k="name" v="Field N2_9 (5.0 ha)"/>
  </way>
  <way id="75" version="1" timestamp="2026-07-24T12:00:00Z" changeset="1" uid="1" user="Antigravity">
    <nd ref="1505"/>
    <nd ref="1506"/>
    <nd ref="1507"/>
    <nd ref="1508"/>
    <nd ref="1505"/>
    <tag k="landuse" v="farmland"/>
    <tag k="name" v="Field N2_10 (5.0 ha)"/>
  </way>
  <way id="76" version="1" timestamp="2026-07-24T12:00:00Z" changeset="1" uid="1" user="Antigravity">
    <nd ref="1509"/>
    <nd ref="1510"/>
    <nd ref="1511"/>
    <nd ref="1512"/>
    <nd ref="1509"/>
    <tag k="landuse" v="farmyard"/>
    <tag k="name" v="Yard N2_11"/>
  </way>
  <way id="77" version="1" timestamp="2026-07-24T12:00:00Z" changeset="1" uid="1" user="Antigravity">
    <nd ref="1513"/>
    <nd ref="1514"/>
    <nd ref="1515"/>
    <nd ref="1516"/>
    <nd ref="1513"/>
    <tag k="landuse" v="farmland"/>
    <tag k="name" v="Field N2_12 (5.0 ha)"/>
  </way>
  <way id="78" version="1" timestamp="2026-07-24T12:00:00Z" changeset="1" uid="1" user="Antigravity">
    <nd ref="1517"/>
    <nd ref="1518"/>
    <nd ref="1519"/>
    <tag k="highway" v="tertiary"/>
  </way>
  <way id="79" version="1" timestamp="2026-07-24T12:00:00Z" changeset="1" uid="1" user="Antigravity">
    <nd ref="1520"/>
    <nd ref="1521"/>
    <nd ref="1522"/>
    <tag k="highway" v="tertiary"/>
  </way>
  <way id="80" version="1" timestamp="2026-07-24T12:00:00Z" changeset="1" uid="1" user="Antigravity">
    <nd ref="1523"/>
    <nd ref="1524"/>
    <nd ref="1525"/>
    <tag k="highway" v="tertiary"/>
  </way>
  <way id="81" version="1" timestamp="2026-07-24T12:00:00Z" changeset="1" uid="1" user="Antigravity">
    <nd ref="1526"/>
    <nd ref="1527"/>
    <nd ref="1528"/>
    <tag k="highway" v="tertiary"/>
  </way>
  <way id="82" version="1" timestamp="2026-07-24T12:00:00Z" changeset="1" uid="1" user="Antigravity">
    <nd ref="1529"/>
    <nd ref="1530"/>
    <nd ref="1531"/>
    <tag k="highway" v="tertiary"/>
  </way>
  <way id="83" version="1" timestamp="2026-07-24T12:00:00Z" changeset="1" uid="1" user="Antigravity">
    <nd ref="1532"/>
    <nd ref="1533"/>
    <nd ref="1534"/>
    <tag k="highway" v="tertiary"/>
  </way>
  <way id="84" version="1" timestamp="2026-07-24T12:00:00Z" changeset="1" uid="1" user="Antigravity">
    <nd ref="1535"/>
    <nd ref="1536"/>
    <nd ref="1537"/>
    <tag k="highway" v="tertiary"/>
  </way>
  <way id="85" version="1" timestamp="2026-07-24T12:00:00Z" changeset="1" uid="1" user="Antigravity">
    <nd ref="1538"/>
    <nd ref="1539"/>
    <nd ref="1540"/>
    <tag k="highway" v="tertiary"/>
  </way>
  <way id="86" version="1" timestamp="2026-07-24T12:00:00Z" changeset="1" uid="1" user="Antigravity">
    <nd ref="1541"/>
    <nd ref="1542"/>
    <nd ref="1543"/>
    <tag k="highway" v="tertiary"/>
  </way>
  <way id="87" version="1" timestamp="2026-07-24T12:00:00Z" changeset="1" uid="1" user="Antigravity">
    <nd ref="1544"/>
    <nd ref="1545"/>
    <nd ref="1546"/>
    <tag k="highway" v="tertiary"/>
  </way>
  <way id="88" version="1" timestamp="2026-07-24T12:00:00Z" changeset="1" uid="1" user="Antigravity">
    <nd ref="1547"/>
    <nd ref="1548"/>
    <nd ref="1549"/>
    <tag k="highway" v="tertiary"/>
  </way>
  <way id="89" version="1" timestamp="2026-07-24T12:00:00Z" changeset="1" uid="1" user="Antigravity">
    <nd ref="1550"/>
    <nd ref="1551"/>
    <nd ref="1552"/>
    <nd ref="1553"/>
    <nd ref="1550"/>
    <tag k="landuse" v="farmland"/>
    <tag k="name" v="Field E1_1 (30.0 ha)"/>
  </way>
  <way id="90" version="1" timestamp="2026-07-24T12:00:00Z" changeset="1" uid="1" user="Antigravity">
    <nd ref="1554"/>
    <nd ref="1555"/>
    <tag k="highway" v="tertiary"/>
  </way>
  <way id="91" version="1" timestamp="2026-07-24T12:00:00Z" changeset="1" uid="1" user="Antigravity">
    <nd ref="1556"/>
    <nd ref="1557"/>
    <nd ref="1558"/>
    <nd ref="1559"/>
    <nd ref="1556"/>
    <tag k="landuse" v="farmland"/>
    <tag k="name" v="Field E1_2 (30.0 ha)"/>
  </way>
  <way id="92" version="1" timestamp="2026-07-24T12:00:00Z" changeset="1" uid="1" user="Antigravity">
    <nd ref="1560"/>
    <nd ref="1561"/>
    <tag k="highway" v="tertiary"/>
  </way>
  <way id="93" version="1" timestamp="2026-07-24T12:00:00Z" changeset="1" uid="1" user="Antigravity">
    <nd ref="1562"/>
    <nd ref="1563"/>
    <nd ref="1564"/>
    <nd ref="1565"/>
    <nd ref="1562"/>
    <tag k="landuse" v="farmland"/>
    <tag k="name" v="Field E1_3 (30.0 ha)"/>
  </way>
  <way id="94" version="1" timestamp="2026-07-24T12:00:00Z" changeset="1" uid="1" user="Antigravity">
    <nd ref="1566"/>
    <nd ref="1567"/>
    <tag k="highway" v="tertiary"/>
  </way>
  <way id="95" version="1" timestamp="2026-07-24T12:00:00Z" changeset="1" uid="1" user="Antigravity">
    <nd ref="1568"/>
    <nd ref="1567"/>
    <tag k="highway" v="tertiary"/>
  </way>
  <way id="96" version="1" timestamp="2026-07-24T12:00:00Z" changeset="1" uid="1" user="Antigravity">
    <nd ref="1569"/>
    <nd ref="1570"/>
    <tag k="highway" v="tertiary"/>
  </way>
  <way id="97" version="1" timestamp="2026-07-24T12:00:00Z" changeset="1" uid="1" user="Antigravity">
    <nd ref="1571"/>
    <nd ref="1569"/>
    <tag k="highway" v="tertiary"/>
  </way>
  <way id="98" version="1" timestamp="2026-07-24T12:00:00Z" changeset="1" uid="1" user="Antigravity">
    <nd ref="1572"/>
    <nd ref="1570"/>
    <tag k="highway" v="tertiary"/>
  </way>
  <way id="99" version="1" timestamp="2026-07-24T12:00:00Z" changeset="1" uid="1" user="Antigravity">
    <nd ref="1573"/>
    <nd ref="1574"/>
    <nd ref="1575"/>
    <nd ref="1576"/>
    <nd ref="1573"/>
    <tag k="landuse" v="farmland"/>
    <tag k="name" v="Field S_B1_1 (10.0 ha)"/>
  </way>
  <way id="100" version="1" timestamp="2026-07-24T12:00:00Z" changeset="1" uid="1" user="Antigravity">
    <nd ref="1577"/>
    <nd ref="1578"/>
    <nd ref="1579"/>
    <nd ref="1580"/>
    <nd ref="1577"/>
    <tag k="landuse" v="farmland"/>
    <tag k="name" v="Field S_B1_2 (16.5 ha)"/>
  </way>
  <way id="101" version="1" timestamp="2026-07-24T12:00:00Z" changeset="1" uid="1" user="Antigravity">
    <nd ref="1581"/>
    <nd ref="1582"/>
    <tag k="highway" v="tertiary"/>
  </way>
  <way id="102" version="1" timestamp="2026-07-24T12:00:00Z" changeset="1" uid="1" user="Antigravity">
    <nd ref="1583"/>
    <nd ref="1584"/>
    <nd ref="1585"/>
    <nd ref="1586"/>
    <nd ref="1587"/>
    <nd ref="1588"/>
    <nd ref="1589"/>
    <nd ref="1590"/>
    <nd ref="1591"/>
    <nd ref="1592"/>
    <nd ref="1593"/>
    <nd ref="1594"/>
    <nd ref="1595"/>
    <nd ref="1596"/>
    <nd ref="1597"/>
    <nd ref="1598"/>
    <nd ref="1599"/>
    <nd ref="1600"/>
    <nd ref="1601"/>
    <nd ref="1602"/>
    <nd ref="1603"/>
    <nd ref="1604"/>
    <nd ref="1605"/>
    <nd ref="1606"/>
    <nd ref="1607"/>
    <nd ref="1608"/>
    <nd ref="1609"/>
    <nd ref="1610"/>
    <nd ref="1611"/>
    <nd ref="1612"/>
    <nd ref="1613"/>
    <nd ref="1614"/>
    <nd ref="1615"/>
    <nd ref="1616"/>
    <nd ref="1617"/>
    <nd ref="1618"/>
    <nd ref="1619"/>
    <nd ref="1620"/>
    <nd ref="1621"/>
    <nd ref="1622"/>
    <nd ref="1623"/>
    <nd ref="1624"/>
    <nd ref="1625"/>
    <nd ref="1626"/>
    <nd ref="1627"/>
    <nd ref="1628"/>
    <nd ref="1629"/>
    <nd ref="1630"/>
    <nd ref="1631"/>
    <nd ref="1632"/>
    <nd ref="1633"/>
    <nd ref="1634"/>
    <nd ref="1635"/>
    <nd ref="1636"/>
    <nd ref="1637"/>
    <nd ref="1638"/>
    <nd ref="1639"/>
    <nd ref="1640"/>
    <nd ref="1641"/>
    <nd ref="1642"/>
    <nd ref="1643"/>
    <nd ref="1644"/>
    <nd ref="1645"/>
    <nd ref="1646"/>
    <nd ref="1647"/>
    <nd ref="1648"/>
    <nd ref="1649"/>
    <nd ref="1650"/>
    <nd ref="1651"/>
    <nd ref="1652"/>
    <nd ref="1653"/>
    <nd ref="1654"/>
    <nd ref="1655"/>
    <nd ref="1656"/>
    <nd ref="1657"/>
    <nd ref="1658"/>
    <nd ref="1659"/>
    <nd ref="1660"/>
    <nd ref="1661"/>
    <nd ref="1662"/>
    <nd ref="1663"/>
    <nd ref="1664"/>
    <nd ref="1665"/>
    <nd ref="1665"/>
    <nd ref="1666"/>
    <nd ref="1667"/>
    <nd ref="1668"/>
    <nd ref="1669"/>
    <nd ref="1670"/>
    <nd ref="1671"/>
    <nd ref="1672"/>
    <nd ref="1673"/>
    <nd ref="1674"/>
    <nd ref="1675"/>
    <nd ref="1676"/>
    <nd ref="1677"/>
    <nd ref="1678"/>
    <nd ref="1679"/>
    <nd ref="1680"/>
    <nd ref="1681"/>
    <nd ref="1682"/>
    <nd ref="1683"/>
    <nd ref="1684"/>
    <nd ref="1685"/>
    <nd ref="1686"/>
    <nd ref="1687"/>
    <nd ref="1688"/>
    <nd ref="1689"/>
    <nd ref="1690"/>
    <nd ref="1691"/>
    <nd ref="1692"/>
    <nd ref="1693"/>
    <nd ref="1694"/>
    <nd ref="1695"/>
    <nd ref="1696"/>
    <nd ref="1697"/>
    <nd ref="1698"/>
    <nd ref="1699"/>
    <nd ref="1700"/>
    <nd ref="1701"/>
    <nd ref="1702"/>
    <nd ref="1703"/>
    <nd ref="1704"/>
    <nd ref="1705"/>
    <nd ref="1706"/>
    <nd ref="1707"/>
    <nd ref="1708"/>
    <nd ref="1709"/>
    <nd ref="1710"/>
    <nd ref="1711"/>
    <nd ref="1712"/>
    <nd ref="1713"/>
    <nd ref="1714"/>
    <nd ref="1715"/>
    <nd ref="1716"/>
    <nd ref="1717"/>
    <nd ref="1718"/>
    <nd ref="1719"/>
    <nd ref="1720"/>
    <nd ref="1721"/>
    <nd ref="1722"/>
    <nd ref="1723"/>
    <nd ref="1724"/>
    <nd ref="1725"/>
    <nd ref="1726"/>
    <nd ref="1727"/>
    <nd ref="1728"/>
    <nd ref="1729"/>
    <nd ref="1730"/>
    <nd ref="1731"/>
    <nd ref="1732"/>
    <nd ref="1733"/>
    <nd ref="1734"/>
    <nd ref="1735"/>
    <nd ref="1736"/>
    <nd ref="1737"/>
    <nd ref="1738"/>
    <nd ref="1739"/>
    <nd ref="1740"/>
    <nd ref="1741"/>
    <nd ref="1742"/>
    <nd ref="1743"/>
    <nd ref="1744"/>
    <nd ref="1745"/>
    <nd ref="1746"/>
    <nd ref="1747"/>
    <nd ref="1748"/>
    <nd ref="1749"/>
    <nd ref="1750"/>
    <nd ref="1751"/>
    <nd ref="1752"/>
    <nd ref="1753"/>
    <nd ref="1754"/>
    <nd ref="1755"/>
    <nd ref="1756"/>
    <nd ref="1757"/>
    <nd ref="1758"/>
    <nd ref="1759"/>
    <nd ref="1760"/>
    <nd ref="1761"/>
    <nd ref="1762"/>
    <nd ref="1763"/>
    <nd ref="1764"/>
    <nd ref="1765"/>
    <nd ref="1766"/>
    <nd ref="1767"/>
    <nd ref="1768"/>
    <nd ref="1769"/>
    <nd ref="1770"/>
    <nd ref="1771"/>
    <nd ref="1772"/>
    <nd ref="1773"/>
    <nd ref="1774"/>
    <nd ref="1775"/>
    <nd ref="1776"/>
    <nd ref="1777"/>
    <nd ref="1778"/>
    <nd ref="1779"/>
    <nd ref="1780"/>
    <nd ref="1781"/>
    <nd ref="1782"/>
    <nd ref="1783"/>
    <nd ref="1784"/>
    <nd ref="1785"/>
    <nd ref="1786"/>
    <nd ref="1787"/>
    <nd ref="1788"/>
    <nd ref="1789"/>
    <nd ref="1790"/>
    <nd ref="1791"/>
    <nd ref="1792"/>
    <nd ref="1793"/>
    <nd ref="1794"/>
    <nd ref="1795"/>
    <nd ref="1796"/>
    <nd ref="1797"/>
    <nd ref="1798"/>
    <nd ref="1799"/>
    <nd ref="1800"/>
    <nd ref="1801"/>
    <nd ref="1802"/>
    <nd ref="1803"/>
    <nd ref="1804"/>
    <nd ref="1805"/>
    <nd ref="1806"/>
    <nd ref="1807"/>
    <nd ref="1808"/>
    <nd ref="1809"/>
    <nd ref="1810"/>
    <nd ref="1811"/>
    <nd ref="1812"/>
    <nd ref="1813"/>
    <nd ref="1814"/>
    <nd ref="1815"/>
    <nd ref="1816"/>
    <nd ref="1817"/>
    <nd ref="1818"/>
    <nd ref="1819"/>
    <nd ref="1820"/>
    <nd ref="1821"/>
    <nd ref="1822"/>
    <nd ref="1823"/>
    <nd ref="1824"/>
    <nd ref="1825"/>
    <nd ref="1826"/>
    <nd ref="1827"/>
    <nd ref="1828"/>
    <nd ref="1829"/>
    <nd ref="1830"/>
    <nd ref="1831"/>
    <nd ref="1832"/>
    <nd ref="1833"/>
    <nd ref="1834"/>
    <nd ref="1835"/>
    <nd ref="1836"/>
    <nd ref="1837"/>
    <nd ref="1838"/>
    <nd ref="1839"/>
    <nd ref="1840"/>
    <nd ref="1841"/>
    <nd ref="1842"/>
    <nd ref="1843"/>
    <nd ref="1844"/>
    <nd ref="1845"/>
    <nd ref="1846"/>
    <nd ref="1847"/>
    <nd ref="1848"/>
    <nd ref="1849"/>
    <nd ref="1850"/>
    <nd ref="1851"/>
    <nd ref="1852"/>
    <nd ref="1853"/>
    <nd ref="1854"/>
    <nd ref="1855"/>
    <nd ref="1856"/>
    <nd ref="1857"/>
    <nd ref="1858"/>
    <nd ref="1859"/>
    <nd ref="1860"/>
    <nd ref="1861"/>
    <nd ref="1862"/>
    <nd ref="1862"/>
    <nd ref="1863"/>
    <nd ref="1864"/>
    <nd ref="1865"/>
    <nd ref="1866"/>
    <nd ref="1867"/>
    <nd ref="1868"/>
    <nd ref="1869"/>
    <nd ref="1870"/>
    <nd ref="1871"/>
    <nd ref="1872"/>
    <nd ref="1873"/>
    <nd ref="1874"/>
    <nd ref="1875"/>
    <nd ref="1876"/>
    <nd ref="1877"/>
    <nd ref="1878"/>
    <nd ref="1879"/>
    <nd ref="1880"/>
    <nd ref="1881"/>
    <nd ref="1882"/>
    <nd ref="1883"/>
    <nd ref="1884"/>
    <nd ref="1885"/>
    <nd ref="1886"/>
    <nd ref="1887"/>
    <nd ref="1888"/>
    <nd ref="1889"/>
    <nd ref="1890"/>
    <nd ref="1891"/>
    <nd ref="1892"/>
    <nd ref="1893"/>
    <nd ref="1894"/>
    <nd ref="1895"/>
    <nd ref="1896"/>
    <nd ref="1897"/>
    <nd ref="1898"/>
    <nd ref="1899"/>
    <nd ref="1899"/>
    <nd ref="1900"/>
    <nd ref="1901"/>
    <nd ref="1902"/>
    <nd ref="1903"/>
    <nd ref="1904"/>
    <nd ref="1905"/>
    <nd ref="1906"/>
    <nd ref="1907"/>
    <nd ref="1583"/>
    <tag k="natural" v="wood"/>
    <tag k="landuse" v="farmyard"/>
    <tag k="leaf_type" v="needleleave"/>
  </way>
  <way id="103" version="1" timestamp="2026-07-24T12:00:00Z" changeset="1" uid="1" user="Antigravity">
    <nd ref="1908"/>
    <nd ref="1909"/>
    <nd ref="1910"/>
    <nd ref="1911"/>
    <nd ref="1912"/>
    <nd ref="1913"/>
    <nd ref="1914"/>
    <nd ref="1915"/>
    <nd ref="1916"/>
    <nd ref="1917"/>
    <nd ref="1918"/>
    <nd ref="1919"/>
    <nd ref="1920"/>
    <nd ref="1921"/>
    <nd ref="1922"/>
    <nd ref="1923"/>
    <nd ref="1924"/>
    <nd ref="1925"/>
    <nd ref="1926"/>
    <nd ref="1927"/>
    <nd ref="1908"/>
    <tag k="natural" v="wood"/>
    <tag k="landuse" v="farmyard"/>
    <tag k="leaf_type" v="needleleave"/>
    <tag k="name" v="Forest Infill 1"/>
  </way>
  <way id="104" version="1" timestamp="2026-07-24T12:00:00Z" changeset="1" uid="1" user="Antigravity">
    <nd ref="1928"/>
    <nd ref="1929"/>
    <nd ref="1930"/>
    <nd ref="1931"/>
    <nd ref="1932"/>
    <nd ref="1933"/>
    <nd ref="1934"/>
    <nd ref="1928"/>
    <tag k="natural" v="wood"/>
    <tag k="landuse" v="farmyard"/>
    <tag k="leaf_type" v="needleleave"/>
    <tag k="name" v="Forest Infill 2"/>
  </way>
  <way id="105" version="1" timestamp="2026-07-24T12:00:00Z" changeset="1" uid="1" user="Antigravity">
    <nd ref="1935"/>
    <nd ref="1936"/>
    <nd ref="1937"/>
    <nd ref="1938"/>
    <nd ref="1939"/>
    <nd ref="1940"/>
    <nd ref="1941"/>
    <nd ref="1942"/>
    <nd ref="1943"/>
    <nd ref="1935"/>
    <tag k="natural" v="wood"/>
    <tag k="landuse" v="farmyard"/>
    <tag k="leaf_type" v="needleleave"/>
    <tag k="name" v="Forest Infill 3"/>
  </way>
  <way id="106" version="1" timestamp="2026-07-24T12:00:00Z" changeset="1" uid="1" user="Antigravity">
    <nd ref="48"/>
    <nd ref="1944"/>
    <nd ref="1945"/>
    <nd ref="1946"/>
    <nd ref="1947"/>
    <nd ref="1948"/>
    <nd ref="1949"/>
    <nd ref="1950"/>
    <nd ref="1951"/>
    <nd ref="1952"/>
    <tag k="highway" v="tertiary"/>
    <tag k="name" v="Forest Haul Road"/>
  </way>
  <way id="107" version="1" timestamp="2026-07-24T12:00:00Z" changeset="1" uid="1" user="Antigravity">
    <nd ref="1953"/>
    <nd ref="1954"/>
    <nd ref="1955"/>
    <nd ref="1956"/>
    <nd ref="1944"/>
    <nd ref="1957"/>
    <nd ref="1958"/>
    <nd ref="1959"/>
    <nd ref="1960"/>
    <tag k="highway" v="tertiary"/>
    <tag k="name" v="Forest Track 390m"/>
  </way>
  <way id="108" version="1" timestamp="2026-07-24T12:00:00Z" changeset="1" uid="1" user="Antigravity">
    <nd ref="1961"/>
    <nd ref="1962"/>
    <nd ref="1963"/>
    <nd ref="1964"/>
    <nd ref="1965"/>
    <nd ref="1966"/>
    <nd ref="1946"/>
    <nd ref="1967"/>
    <nd ref="1968"/>
    <nd ref="1969"/>
    <nd ref="1970"/>
    <nd ref="1971"/>
    <tag k="highway" v="tertiary"/>
    <tag k="name" v="Forest Track 415m"/>
  </way>
  <way id="109" version="1" timestamp="2026-07-24T12:00:00Z" changeset="1" uid="1" user="Antigravity">
    <nd ref="1972"/>
    <nd ref="1973"/>
    <nd ref="1949"/>
    <nd ref="1974"/>
    <nd ref="1975"/>
    <nd ref="1976"/>
    <nd ref="1977"/>
    <nd ref="1978"/>
    <tag k="highway" v="tertiary"/>
    <tag k="name" v="Forest Track 440m"/>
  </way>
</osm>
